dataset,variant,trait,participant,n_pairs_dropped,dfbeta_sem,dfbeta_vis,beta_sem_full,beta_vis_full,z_sem,z_vis
cn,midpoint,warm,0,1000,0.00020328211114697264,7.561003828602739e-05,-0.015632257798279852,-0.004819556847563992,0.19283631230407505,0.11128707105953177
cn,midpoint,warm,2,666,-0.0004712652882164492,0.0005576384197705639,-0.015632257798279852,-0.004819556847563992,-0.44572102241124767,0.8218526820389954
cn,midpoint,warm,3,996,0.0007654421581763243,-0.00021773531591050797,-0.015632257798279852,-0.004819556847563992,0.7250026532510104,-0.3211379247274334
cn,midpoint,warm,4,1082,-0.000550026973036714,0.0003136030054826794,-0.015632257798279852,-0.004819556847563992,-0.5202804256258765,0.46211624344993285
cn,midpoint,warm,5,700,0.0008646385820433207,-0.00011368389875533562,-0.015632257798279852,-0.004819556847563992,0.8189065124869629,-0.16775409579926906
cn,midpoint,warm,6,825,-0.0001240718915984703,-0.0005604019283851269,-0.015632257798279852,-0.004819556847563992,-0.11705191749088163,-0.826268162298521
cn,midpoint,warm,7,825,0.0007826009336547139,-0.00041353356252504195,-0.015632257798279852,-0.004819556847563992,0.7412459327400415,-0.6097671965264992
cn,midpoint,warm,8,825,0.00040848706785066857,2.6141389601339396e-06,-0.015632257798279852,-0.004819556847563992,0.3870926838307382,0.0036826689208937146
cn,midpoint,warm,9,732,-0.00018196079944022767,-0.00012578208073638596,-0.015632257798279852,-0.004819556847563992,-0.17185219799881657,-0.1855882159492701
cn,midpoint,warm,10,541,-0.003100168004824204,-0.0007609369405692044,-0.015632257798279852,-0.004819556847563992,-2.9343602396510335,-1.121879974649708
cn,midpoint,warm,11,889,3.443079016020312e-05,0.0003150599461060116,-0.015632257798279852,-0.004819556847563992,0.0329939504563752,0.46426394251485203
cn,midpoint,warm,12,816,0.0008693152752158075,-0.0007084123345859226,-0.015632257798279852,-0.004819556847563992,0.8233336835505868,-1.0444526276810036
cn,midpoint,warm,13,1084,0.0006147375765331864,-0.0005241542562515215,-0.015632257798279852,-0.004819556847563992,0.5823388225487549,-0.77283489926767
cn,midpoint,warm,14,588,-0.0007821890362011783,0.0008346163529567635,-0.015632257798279852,-0.004819556847563992,-0.7400556236567559,1.2301502053428068
cn,midpoint,warm,15,758,0.00018783267014470598,7.89697884547285e-05,-0.015632257798279852,-0.004819556847563992,0.17821116679382765,0.11623973157302489
cn,midpoint,warm,16,1000,0.00010233312270291339,-0.0005492027764930994,-0.015632257798279852,-0.004819556847563992,0.09727339550404047,-0.809759316528688
cn,midpoint,warm,17,639,-0.0003507967699814211,-0.0002585780454695862,-0.015632257798279852,-0.004819556847563992,-0.3316800284145918,-0.381344834108653
cn,midpoint,warm,18,758,-0.001632680402447767,0.0006437517570420936,-0.015632257798279852,-0.004819556847563992,-1.5451695423247886,0.9487937055600101
cn,midpoint,warm,19,856,0.0006313494862368978,-0.0019528642293108675,-0.015632257798279852,-0.004819556847563992,0.5980644139526268,-2.8789187190477605
cn,midpoint,warm,20,744,0.00042797166600969105,-0.0004151252370315911,-0.015632257798279852,-0.004819556847563992,0.40553769315130805,-0.6121135089256641
cn,midpoint,warm,21,652,0.0003075794168568985,0.0002755587634781292,-0.015632257798279852,-0.004819556847563992,0.2915688989465712,0.40603462854385913
cn,midpoint,warm,22,786,0.000870554020779804,-0.0007727794102580588,-0.015632257798279852,-0.004819556847563992,0.8245063366013325,-1.1393371452919236
cn,midpoint,warm,23,652,5.62953170985675e-07,2.2160077339038187e-05,-0.015632257798279852,-0.004819556847563992,0.000933111231708494,0.03249564379925904
cn,midpoint,warm,24,956,-7.38622332403932e-05,0.0004009139198596053,-0.015632257798279852,-0.004819556847563992,-0.06952116479899122,0.5908226341988483
cn,midpoint,warm,25,1041,-4.643534436565497e-05,-0.00010218821913079382,-0.015632257798279852,-0.004819556847563992,-0.04355762083467675,-0.1508081338397682
cn,midpoint,warm,26,961,8.585737612542416e-06,-0.00012287111426217533,-0.015632257798279852,-0.004819556847563992,0.008527844907697273,-0.18129711453130398
cn,midpoint,warm,27,636,-0.0009146742255976646,0.0007852859268834304,-0.015632257798279852,-0.004819556847563992,-0.8654721466618293,1.157431449167659
cn,midpoint,warm,28,649,-0.0004731878650507809,-9.850571867084986e-05,-0.015632257798279852,-0.004819556847563992,-0.44754102133241297,-0.1453797020507654
cn,midpoint,warm,29,604,-0.003401886407835902,0.0025494050708513355,-0.015632257798279852,-0.004819556847563992,-3.219980641484223,3.7579471978743273
cn,midpoint,warm,30,924,-0.0007446014047061064,0.0005676475673779572,-0.015632257798279852,-0.004819556847563992,-0.704473457290974,0.8366073237950001
cn,midpoint,warm,31,918,-0.00023751128602562954,-0.00042130301436796996,-0.015632257798279852,-0.004819556847563992,-0.22443882228880568,-0.6212202675650617
cn,midpoint,warm,32,961,-0.000650447399841967,0.00020799404177295876,-0.015632257798279852,-0.004819556847563992,-0.61534298187063,0.30643641067288097
cn,midpoint,warm,33,648,0.0008128294561687947,0.0003547118268519408,-0.015632257798279852,-0.004819556847563992,0.7698616308914088,0.5227154029494901
cn,midpoint,warm,34,1038,0.000146265864021701,-1.2886698748267728e-05,-0.015632257798279852,-0.004819556847563992,0.13886213223290078,-0.019167359500756976
cn,midpoint,warm,35,606,-0.0004134350669386701,-0.00039385713012837255,-0.015632257798279852,-0.004819556847563992,-0.390976297281501,-0.5807618583661692
cn,midpoint,warm,36,769,0.0007995617797986292,-0.000797472603156657,-0.015632257798279852,-0.004819556847563992,0.7573018432933932,-1.1757377689336026
cn,midpoint,warm,37,856,-0.00031737991558673274,2.7464198671258745e-05,-0.015632257798279852,-0.004819556847563992,-0.3000461098834705,0.04031453239567546
cn,midpoint,warm,38,918,0.0010835467577254114,-0.0010848167257757487,-0.015632257798279852,-0.004819556847563992,1.0261349761099294,-1.5993162549583777
cn,midpoint,warm,39,606,0.0006455578405837603,-9.929788894902977e-05,-0.015632257798279852,-0.004819556847563992,0.6115146902282237,-0.1465474527047437
cn,midpoint,warm,40,649,0.00015639954826950422,-0.0001036334590273193,-0.015632257798279852,-0.004819556847563992,0.1484551399447837,-0.15293858467945487
cn,midpoint,warm,41,918,0.0005112850925442954,-0.0004817740453842718,-0.015632257798279852,-0.004819556847563992,0.48440598268017376,-0.7103615645325204
cn,midpoint,warm,42,796,-0.00041066631557143754,0.0004116249236400249,-0.015632257798279852,-0.004819556847563992,-0.3883552709530059,0.606611893167371
cn,midpoint,warm,43,1000,0.0007807908473172684,-0.0005314287613290818,-0.015632257798279852,-0.004819556847563992,0.739532422453982,-0.7835583615025917
cn,midpoint,warm,44,601,-0.001079144052461057,-0.0012914617136974213,-0.015632257798279852,-0.004819556847563992,-1.0211667863299834,-1.903934878546868
cn,midpoint,warm,45,993,0.00020758367181514942,-0.0003912990451039305,-0.015632257798279852,-0.004819556847563992,0.19690836582911928,-0.576990945037929
cn,midpoint,warm,46,856,-0.0006665089080291984,-6.217593908145087e-05,-0.015632257798279852,-0.004819556847563992,-0.6305475380948861,-0.09182540312922216
cn,midpoint,warm,47,596,0.002704690162144665,-0.0006866974630781132,-0.015632257798279852,-0.004819556847563992,2.560783263975551,-1.0124423943981276
cn,midpoint,warm,48,1041,-0.0006253907655611821,0.0010943040204935564,-0.015632257798279852,-0.004819556847563992,-0.5916232290135676,1.6129598763808861
cn,midpoint,warm,49,636,9.614316910668344e-05,-0.0005513232520864301,-0.015632257798279852,-0.004819556847563992,0.091413703102661,-0.8128851429186232
cn,midpoint,warm,50,889,-9.622482360111678e-05,-5.900303114096846e-06,-0.015632257798279852,-0.004819556847563992,-0.09069061280449864,-0.008868603923232656
cn,midpoint,warm,51,648,0.0008881585668588168,0.0011504853174819762,-0.015632257798279852,-0.004819556847563992,0.8411716028727557,1.6957776090157348
cn,midpoint,warm,52,585,0.0006562285000327531,0.0007608340571456859,-0.015632257798279852,-0.004819556847563992,0.6216160231572869,1.1213865637891658
cn,midpoint,warm,53,1041,0.0002070598142317713,-5.562275167181503e-05,-0.015632257798279852,-0.004819556847563992,0.19641245834726104,-0.08216524660223516
cn,midpoint,warm,54,918,0.00042587511279932114,0.0001708760309121612,-0.015632257798279852,-0.004819556847563992,0.4035530002574268,0.2517201676491471
cn,midpoint,warm,55,598,-0.00012355712318719986,-0.0002153517562905041,-0.015632257798279852,-0.004819556847563992,-0.11656461423390266,-0.31762428204009224
cn,midpoint,warm,56,416,-0.0005954963025960377,5.015413422221424e-05,-0.015632257798279852,-0.004819556847563992,-0.5633237668678631,0.07376212290517031
cn,midpoint,warm,57,1129,-0.00042754507915093894,0.00025861806199255124,-0.015632257798279852,-0.004819556847563992,-0.40433347840705264,0.38106207430452627
cn,midpoint,warm,58,889,9.698069165821332e-07,-0.0006432430253059118,-0.015632257798279852,-0.004819556847563992,0.0013182575441132206,-0.948385524903683
cn,midpoint,warm,59,587,0.00022088203588748953,0.00013610304638705419,-0.015632257798279852,-0.004819556847563992,0.20949720380569628,0.20046076479289693
cn,midpoint,warm,60,758,-1.6876452910617734e-05,0.00018098281270632292,-0.015632257798279852,-0.004819556847563992,-0.015575825986040908,0.26661873349393655
cn,midpoint,warm,61,568,0.0013309895171756854,0.0006284499318572169,-0.015632257798279852,-0.004819556847563992,1.2603755782059187,0.9262370446262562
cn,midpoint,warm,62,636,0.00022584844586666375,-0.0004650491201809142,-0.015632257798279852,-0.004819556847563992,0.21419863401267344,-0.6857070895011765
cn,midpoint,warm,63,601,-0.0008183468570892062,0.0021533017250923497,-0.015632257798279852,-0.004819556847563992,-0.7742842660874618,3.174045032148277
cn,midpoint,warm,64,616,-0.00010835502414047529,0.0010730724114440867,-0.015632257798279852,-0.004819556847563992,-0.102173613900174,1.581662027881072
cn,midpoint,warm,65,588,0.0016879186285887887,-1.5232510725917726e-05,-0.015632257798279852,-0.004819556847563992,1.5982609548026563,-0.02262535779539741
cn,midpoint,warm,66,856,-0.0008381922999942653,-0.00013678373065067247,-0.015632257798279852,-0.004819556847563992,-0.7930708675029572,-0.20180592095048058
cn,midpoint,warm,67,1176,2.3424807840215917e-05,0.00018563445470260332,-0.015632257798279852,-0.004819556847563992,0.022575185603368055,0.27347579204921324
cn,midpoint,warm,68,649,-0.000667239557437381,0.0015821224896548011,-0.015632257798279852,-0.004819556847563992,-0.631239204149993,2.3320607465808836
cn,midpoint,warm,69,1225,0.0006883821437477476,-0.00033174658764694755,-0.015632257798279852,-0.004819556847563992,0.6520541288432761,-0.48920373178727716
cn,midpoint,warm,70,1129,0.0004287631318962287,-0.0003094987425198044,-0.015632257798279852,-0.004819556847563992,0.40628693085869905,-0.45640783371783517
cn,midpoint,warm,71,1129,-8.46099223027856e-05,-7.690771442433672e-06,-0.015632257798279852,-0.004819556847563992,-0.07969541747346157,-0.011507961418627043
cn,midpoint,warm,72,588,-0.002274333035094077,-3.6367277030562375e-05,-0.015632257798279852,-0.004819556847563992,-2.15258719051729,-0.053780448883430726
cn,midpoint,warm,73,841,0.0001581082425921622,-4.435646953987026e-05,-0.015632257798279852,-0.004819556847563992,0.15007266792509963,-0.06555744309096169
cn,midpoint,warm,74,924,0.00016379558963905763,-0.000147691410368413,-0.015632257798279852,-0.004819556847563992,0.15545657004271787,-0.21788510300846328
cn,midpoint,warm,75,816,-0.00045841615653755864,-0.0001880171336749968,-0.015632257798279852,-0.004819556847563992,-0.43355744830804654,-0.2773298853494607
cn,midpoint,warm,76,721,0.0008618951081241569,-0.0006268056934088349,-0.015632257798279852,-0.004819556847563992,0.816309414943728,-0.9241549956839147
cn,midpoint,warm,77,841,-0.0006006345232643737,0.00026857058598175627,-0.015632257798279852,-0.004819556847563992,-0.5681878409095809,0.3957332462952654
cn,midpoint,warm,78,744,0.001122707620683852,-0.00010975122501637527,-0.015632257798279852,-0.004819556847563992,1.0632064351348887,-0.16195687964884017
cn,midpoint,warm,79,848,-0.0005924365593185273,-0.00040757456349319564,-0.015632257798279852,-0.004819556847563992,-0.5604272743247979,-0.60098294242335
cn,midpoint,warm,80,578,-0.000499735667662966,-0.0025693055152078946,-0.015632257798279852,-0.004819556847563992,-0.4726723821449867,-3.787624504373887
cn,midpoint,warm,81,588,0.0015656544068620923,-0.0009618159424326332,-0.015632257798279852,-0.004819556847563992,1.4825200659777633,-1.4179988675921378
cn,midpoint,warm,82,796,-0.00041679198879602565,0.00040320106515488296,-0.015632257798279852,-0.004819556847563992,-0.3941541126227261,0.594194151015208
cn,midpoint,warm,83,796,0.00019263290943358213,0.00017419703768724055,-0.015632257798279852,-0.004819556847563992,0.18275529224623205,0.2566157159173499
cn,midpoint,warm,84,681,0.0003376399788381952,-0.0005228894995623155,-0.015632257798279852,-0.004819556847563992,0.3200255979968329,-0.7709705015597211
cn,midpoint,warm,85,616,-0.004244080558356416,0.0003423714478158124,-0.015632257798279852,-0.004819556847563992,-4.01724003730538,0.5045242563150962
cn,midpoint,warm,86,1084,0.0010156523441070923,-0.000545209458554098,-0.015632257798279852,-0.004819556847563992,0.9618630274772794,-0.8038727038101114
cn,midpoint,warm,87,1084,0.00017583889425236074,-0.00032785522002645555,-0.015632257798279852,-0.004819556847563992,0.16685731149141822,-0.4834674056351016
cn,midpoint,warm,88,1035,0.0012434754031025765,-0.0007552894986700108,-0.015632257798279852,-0.004819556847563992,1.1775307262574355,-1.1135549918111192
cn,midpoint,warm,89,913,3.874008255059028e-05,-0.00015599473394340996,-0.015632257798279852,-0.004819556847563992,0.03707332318231186,-0.23012516275568623
cn,midpoint,warm,90,952,0.00014640761509976744,-0.00041204452242848185,-0.015632257798279852,-0.004819556847563992,0.13899632026874312,-0.6075721791237343
cn,midpoint,warm,91,786,0.0005822250194630757,0.0009045079773870035,-0.015632257798279852,-0.004819556847563992,0.5515609531105772,1.3331785470820865
cn,midpoint,warm,92,924,0.00028288401609259314,-0.00014770903407660286,-0.015632257798279852,-0.004819556847563992,0.2681911062122676,-0.2179110823936171
cn,midpoint,warm,93,578,0.001072725087682077,-0.0019176760387094043,-0.015632257798279852,-0.004819556847563992,1.015890689664586,-2.8270472543904606
cn,midpoint,warm,94,961,0.0009631445071434479,-4.9077376343720745e-05,-0.015632257798279852,-0.004819556847563992,0.9121567140961685,-0.07251660598739529
cn,midpoint,warm,95,961,0.00017390821894699982,-0.0002495028422045721,-0.015632257798279852,-0.004819556847563992,0.16502964618820096,-0.3679669343822768
cn,midpoint,warm,96,606,0.0002621931991594814,-0.0003365909260852522,-0.015632257798279852,-0.004819556847563992,0.24860423518384311,-0.4963448471954695
cn,midpoint,warm,97,1128,9.905316012356197e-05,-0.0002053075465979137,-0.015632257798279852,-0.004819556847563992,0.09416843332552909,-0.30281795471338835
cn,midpoint,warm,98,1038,5.9490896744222865e-05,-7.654334739035616e-05,-0.015632257798279852,-0.004819556847563992,0.056716990354053455,-0.11300462546415477
cn,midpoint,warm,99,856,-0.0005738700818878686,-0.00011439905577367935,-0.015632257798279852,-0.004819556847563992,-0.5428513999616886,-0.16880831999685805
cn,midpoint,warm,100,700,-0.0010560400027134452,0.000818288930141204,-0.015632257798279852,-0.004819556847563992,-0.999295439050477,1.2060816948270412
cn,midpoint,warm,101,616,-0.00029480818460901614,0.0009145667504087901,-0.015632257798279852,-0.004819556847563992,-0.27867867983089895,1.3480063424411837
cn,midpoint,warm,102,906,-0.00044479436919569147,0.0003325666762041355,-0.015632257798279852,-0.004819556847563992,-0.42066244311302203,0.490070888425619
cn,midpoint,warm,103,606,0.0012272389621088772,0.0002275114722462418,-0.015632257798279852,-0.004819556847563992,1.1621605706597955,0.3352073615996418
cn,midpoint,warm,104,529,0.0015323464870964434,-0.0007914733303657912,-0.015632257798279852,-0.004819556847563992,1.4509892699350593,-1.1668941466494844
cn,midpoint,warm,105,949,-0.0006282424594681157,0.0003381483312604825,-0.015632257798279852,-0.004819556847563992,-0.5943227725331984,0.49829889384549714
cn,midpoint,warm,106,721,-0.0020849179252479897,0.0023000424991527204,-0.015632257798279852,-0.004819556847563992,-1.9732782082096394,3.390357912843564
cn,midpoint,warm,107,649,0.0017224525057169433,9.938699958712653e-05,-0.015632257798279852,-0.004819556847563992,1.630952298001298,0.14633706330712015
cn,midpoint,warm,108,609,-0.0028604197332329807,0.000863529099436545,-0.015632257798279852,-0.004819556847563992,-2.707403590712245,1.2727709392179123
cn,midpoint,warm,109,649,0.0019026781240884735,-0.00020435605012827842,-0.015632257798279852,-0.004819556847563992,1.8015620885413723,-0.3014153388171854
cn,midpoint,warm,110,664,-0.00013529276642471576,-0.00017002992837743432,-0.015632257798279852,-0.004819556847563992,-0.12767410939167825,-0.2508146633977724
cn,midpoint,warm,111,708,-0.00013800922723058995,0.00019148406344272981,-0.015632257798279852,-0.004819556847563992,-0.13024563508979026,0.28209879220455186
cn,midpoint,warm,112,648,0.00040696470929650966,0.0006161896878823713,-0.015632257798279852,-0.004819556847563992,0.3856515497877604,0.9081640263448152
cn,midpoint,warm,113,744,2.8285025820036502e-06,-0.0004257877641565778,-0.015632257798279852,-0.004819556847563992,0.003077783637132871,-0.6278313076947275
cn,midpoint,warm,114,1225,-1.1079622090985272e-05,0.00010330017740019758,-0.015632257798279852,-0.004819556847563992,-0.010088281535534692,0.1521055402068674
cn,midpoint,warm,115,601,-0.000824731929393592,0.00178527117098385,-0.015632257798279852,-0.004819556847563992,-0.7803286667574532,2.6315254096857443
cn,midpoint,warm,116,961,-0.0012163517847537785,0.0008488665958060115,-0.015632257798279852,-0.004819556847563992,-1.1510538838384121,1.2511567122327056
cn,midpoint,warm,117,924,0.00029830184817095096,-0.0006101874314883475,-0.015632257798279852,-0.004819556847563992,0.2827863292734425,-0.8996577546737882
cn,midpoint,warm,118,721,9.168839431375475e-06,0.000745267049856467,-0.015632257798279852,-0.004819556847563992,0.009079835684999328,1.098438993748748
cn,midpoint,warm,119,681,-0.0010539116702831114,-0.0006575181792721823,-0.015632257798279852,-0.004819556847563992,-0.9972806624975102,-0.9694287536625985
cn,midpoint,warm,120,681,-0.0008578685630537316,0.00011796518550896955,-0.015632257798279852,-0.004819556847563992,-0.8116973155602287,0.173723459082797
cn,midpoint,warm,121,909,-3.5207019794883387e-06,-0.00013338455245134016,-0.015632257798279852,-0.004819556847563992,-0.0029326629914877616,-0.19679513895752418
cn,midpoint,warm,122,739,0.0004536840855988572,-0.0003178182622596733,-0.015632257798279852,-0.004819556847563992,0.4298782422920129,-0.46867176848617675
cn,midpoint,warm,123,1041,-0.0001220885687840071,2.303161031131165e-05,-0.015632257798279852,-0.004819556847563992,-0.1151744136542663,0.033780384247580765
cn,midpoint,warm,125,947,0.0013530675467376303,-0.0006615797894507728,-0.015632257798279852,-0.004819556847563992,1.2812756479803278,-0.9754160370445899
cn,midpoint,warm,126,596,0.0005815401061914464,0.001145897308633152,-0.015632257798279852,-0.004819556847563992,0.550912582968382,1.689014353082954
cn,midpoint,warm,127,796,-0.000660490260499769,0.0008083869082383729,-0.015632257798279852,-0.004819556847563992,-0.6248500118297039,1.191484968755336
cn,midpoint,warm,128,744,-0.0003869952427594976,3.388749915919642e-05,-0.015632257798279852,-0.004819556847563992,-0.3659471537785728,0.049783220570549125
cn,midpoint,warm,129,1036,0.0014558065363257412,-0.0006259419470798326,-0.015632257798279852,-0.004819556847563992,1.3785330615062585,-0.922881733648786
cn,midpoint,warm,130,748,0.00029360381280379294,0.00012525823406101064,-0.015632257798279852,-0.004819556847563992,0.2783389547149136,0.1844742565448137
cn,midpoint,warm,131,616,-0.002358736971850262,0.0017337632204776259,-0.015632257798279852,-0.004819556847563992,-2.232487806760675,2.55559673052989
cn,midpoint,warm,132,961,2.2849923780900866e-05,1.085832582022224e-05,-0.015632257798279852,-0.004819556847563992,0.022030974132042278,0.01583555430748881
cn,midpoint,warm,133,604,-0.0024906673310187786,-0.0006216689664849447,-0.015632257798279852,-0.004819556847563992,-2.3573791021658406,-0.9165828658149896
cn,midpoint,warm,134,616,-0.0066864111466019924,0.0011930379527165594,-0.015632257798279852,-0.004819556847563992,-6.329261568180133,1.7585051172199748
cn,midpoint,warm,135,568,0.0009033902498334252,-0.00048042098788376834,-0.015632257798279852,-0.004819556847563992,0.8555906087019585,-0.7083670012112185
cn,midpoint,warm,136,906,-0.0005483935902067059,-0.00021600065791948977,-0.015632257798279852,-0.004819556847563992,-0.5187341909395015,-0.31858083812719595
cn,midpoint,warm,137,632,6.185043301778007e-05,-0.00014223712911221736,-0.015632257798279852,-0.004819556847563992,0.05895063501034996,-0.2098448613087392
cn,midpoint,warm,139,825,-0.00021221398915706458,0.00031894113717486055,-0.015632257798279852,-0.004819556847563992,-0.2004912472493976,0.46998526725235235
cn,midpoint,warm,140,777,-0.0007290320890162485,0.00014111278516297076,-0.015632257798279852,-0.004819556847563992,-0.6897348329339023,0.20784569943760284
cn,midpoint,warm,141,1176,-0.0008338441621789927,0.000181960916660469,-0.015632257798279852,-0.004819556847563992,-0.7889547219260629,0.26806057190112487
cn,midpoint,warm,142,1176,2.6566574722337866e-05,-8.617168349406377e-05,-0.015632257798279852,-0.004819556847563992,0.025549325431700257,-0.12719790699910544
cn,midpoint,warm,143,996,0.00035186171553942824,0.0002950290682496399,-0.015632257798279852,-0.004819556847563992,0.33348854261945343,0.4347361107331785
cn,midpoint,warm,144,856,-0.0013768221316535247,0.0008140754520748854,-0.015632257798279852,-0.004819556847563992,-1.3029624333544976,1.1998705406055374
cn,midpoint,warm,145,664,-0.0015662598923255455,-0.0006916005406617694,-0.015632257798279852,-0.004819556847563992,-1.4822928579670938,-1.019670098103417
cn,midpoint,warm,146,744,0.00012395855787750154,-0.000617057542095018,-0.015632257798279852,-0.004819556847563992,0.1177450187882986,-0.9097850926651548
cn,midpoint,warm,147,816,0.0007003074734372589,0.0003050417065341435,-0.015632257798279852,-0.004819556847563992,0.6633431898482139,0.4494958981511584
cn,midpoint,warm,148,796,9.013201168688034e-06,0.000334763197579465,-0.015632257798279852,-0.004819556847563992,0.00893250140679263,0.493308815097662
cn,midpoint,warm,149,676,-0.00019373989745330097,9.041264011786301e-05,-0.015632257798279852,-0.004819556847563992,-0.18300282942913101,0.13310781900456006
cn,midpoint,warm,150,573,-0.0006162913485254842,0.0015496562803274565,-0.015632257798279852,-0.004819556847563992,-0.5830093058181599,2.284201797288679
cn,midpoint,warm,151,582,-0.0010819341584925105,0.001217757740489894,-0.015632257798279852,-0.004819556847563992,-1.023808027957628,1.7949449447843726
cn,midpoint,warm,152,535,0.003436346451396944,-0.0006557153641072819,-0.015632257798279852,-0.004819556847563992,3.253402478627546,-0.9667711955014271
cn,midpoint,warm,153,816,-0.0006026311760385112,7.339603733274788e-05,-0.015632257798279852,-0.004819556847563992,-0.5700779634940106,0.10802337746698625
cn,midpoint,warm,154,1176,-0.00017834411948574637,-0.0004921967302271039,-0.015632257798279852,-0.004819556847563992,-0.16842848379514255,-0.7257258080249568
cn,midpoint,warm,155,1225,0.0005152973068007737,-0.00015514251599560783,-0.015632257798279852,-0.004819556847563992,0.4882041276946552,-0.2288688948884235
cn,midpoint,warm,156,1081,1.8460552977033612e-05,0.00011142836275958475,-0.015632257798279852,-0.004819556847563992,0.017875795527484875,0.16408742595861447
cn,midpoint,warm,157,786,0.00013884814953171037,-0.00034971653671469084,-0.015632257798279852,-0.004819556847563992,0.1318401853706378,-0.5156935160594518
cn,midpoint,warm,158,882,-0.0005077447266381863,-0.00020099984628607886,-0.015632257798279852,-0.004819556847563992,-0.48025412266851536,-0.29646790599930956
cn,midpoint,warm,160,564,6.442645183207807e-06,-0.0005022455708427733,-0.015632257798279852,-0.004819556847563992,0.00649909586646466,-0.7405389618681345
cn,midpoint,warm,161,732,0.0010374520885827604,-0.0008460824613363161,-0.015632257798279852,-0.004819556847563992,0.9824996598962829,-1.2473943246548191
cn,midpoint,warm,162,601,0.0018934954934125177,0.0005054623549532325,-0.015632257798279852,-0.004819556847563992,1.7928693915186766,0.7449391250794443
cn,midpoint,warm,164,732,-0.0007509230394836669,0.0003923910924270007,-0.015632257798279852,-0.004819556847563992,-0.7104578051046521,0.5782590003661887
cn,midpoint,warm,165,739,0.00013688191822265952,0.0004906531058751712,-0.015632257798279852,-0.004819556847563992,0.12997886113259874,0.7231085783243104
cn,midpoint,warm,166,1038,-0.0003268953785434438,0.0004848837497823588,-0.015632257798279852,-0.004819556847563992,-0.30905388112379245,0.7146038798573409
cn,midpoint,warm,167,721,-0.001744203022379296,0.0006994495889370038,-0.015632257798279852,-0.004819556847563992,-1.6507419409600101,1.0308987547041089
cn,midpoint,warm,168,582,0.00034872340771748,5.878534146446651e-05,-0.015632257798279852,-0.004819556847563992,0.33051767729525133,0.08648552111814069
cn,midpoint,warm,169,1176,-8.269962654127577e-05,3.7551407271899616e-05,-0.015632257798279852,-0.004819556847563992,-0.07788704437597595,0.05518424508835353
cn,midpoint,warm,170,882,0.00022037063060077397,-0.00022662018581914075,-0.015632257798279852,-0.004819556847563992,0.2090130842358149,-0.33423525106257
cn,midpoint,warm,171,744,0.00025350066102464847,-0.0006349681795566296,-0.015632257798279852,-0.004819556847563992,0.24037548211396476,-0.9361874447668017
cn,midpoint,warm,172,769,0.0006883603427191264,-0.00036127619812140275,-0.015632257798279852,-0.004819556847563992,0.6520334909952263,-0.5327337945693583
cn,midpoint,warm,173,625,0.0014274664142868779,-0.000789479795058578,-0.015632257798279852,-0.004819556847563992,1.3517050093757161,-1.1639554449298546
cn,midpoint,warm,174,1176,-0.0010572847022824357,0.000204149212740856,-0.015632257798279852,-0.004819556847563992,-1.0004737284339154,0.3007686877850839
cn,midpoint,warm,175,1000,0.0002057346096341825,1.2268964750044783e-05,-0.015632257798279852,-0.004819556847563992,0.19515795923187287,0.017914999318493684
cn,midpoint,warm,176,924,-0.00047890572090224584,-0.00015542677211729822,-0.015632257798279852,-0.004819556847563992,-0.45295380447596006,-0.2292879213037593
cn,midpoint,warm,177,588,0.0012139404473033577,0.001797029466986429,-0.015632257798279852,-0.004819556847563992,1.1495715899923158,2.648858498574449
cn,midpoint,warm,178,700,-0.0010456708539796564,-0.000390555059972709,-0.015632257798279852,-0.004819556847563992,-0.9894795299164955,-0.5758942248661875
cn,midpoint,warm,179,490,-0.0018684213731622913,0.0012667862649984474,-0.015632257798279852,-0.004819556847563992,-1.7683326974784968,1.8672186631192742
cn,midpoint,warm,180,721,0.00045539905232994116,-6.600808577469398e-05,-0.015632257798279852,-0.004819556847563992,0.43150170802023285,-0.09747443078203595
cn,midpoint,warm,181,664,-0.0015019480244266702,0.0002976347099256675,-0.015632257798279852,-0.004819556847563992,-1.42141231051435,0.4385771280687511
cn,midpoint,warm,182,848,0.00017148628466608085,5.0069054303147724e-05,-0.015632257798279852,-0.004819556847563992,0.16273693273212836,0.0736367052596628
cn,midpoint,warm,183,681,0.0002909913393368338,-0.0003070550044270261,-0.015632257798279852,-0.004819556847563992,0.2758658681747383,-0.4528054809982277
cn,midpoint,warm,184,786,-0.0003869691002874598,-0.0005514438500974694,-0.015632257798279852,-0.004819556847563992,-0.36592240612216925,-0.8130629183415831
cn,midpoint,warm,185,618,-4.9774761229503736e-05,0.00040180695050170013,-0.015632257798279852,-0.004819556847563992,-0.04671886515063594,0.5921390647000341
cn,midpoint,warm,186,961,-1.167104298461022e-05,-1.3437256469781e-05,-0.015632257798279852,-0.004819556847563992,-0.010648147528472325,-0.019978945288634677
cn,midpoint,warm,187,796,2.789639217961465e-05,-4.015560928002492e-05,-0.015632257798279852,-0.004819556847563992,0.02680819129046413,-0.05936488897623658
cn,midpoint,warm,188,604,-0.00036178623890807324,-0.0006941686280678818,-0.015632257798279852,-0.004819556847563992,-0.34208316093628305,-1.023455756099639
cn,midpoint,warm,189,924,-0.00042813166687525293,-0.00037704781236159047,-0.015632257798279852,-0.004819556847563992,-0.40488876910147703,-0.5559829789310698
cn,midpoint,warm,190,664,0.00032469120651137245,-0.0008585300915497068,-0.015632257798279852,-0.004819556847563992,0.3077676995116344,-1.265743571934791
cn,midpoint,warm,191,664,0.000586135903090524,-0.00015836909693509992,-0.015632257798279852,-0.004819556847563992,0.5552631739298731,-0.23362524854872854
cn,midpoint,warm,192,744,-0.0008008926924960458,-0.00011137728850392926,-0.015632257798279852,-0.004819556847563992,-0.7577613577895287,-0.1643538853852384
cn,midpoint,warm,193,848,-0.00011996821917763939,8.513580833784638e-06,-0.015632257798279852,-0.004819556847563992,-0.11316719400656682,0.012379128881359587
cn,midpoint,warm,194,786,-0.0011545964238850754,-0.0003846234359095027,-0.015632257798279852,-0.004819556847563992,-1.092593442544121,-0.5671503246344376
cn,midpoint,warm,195,681,-8.667880440453232e-05,0.00081435704449178,-0.015632257798279852,-0.004819556847563992,-0.08165391563382562,1.2002856404117805
cn,midpoint,warm,196,856,0.00035161520117686987,-0.0003718977771334257,-0.015632257798279852,-0.004819556847563992,0.3332551808802,-0.5483912310817078
cn,midpoint,warm,197,889,-0.0009335206006582074,-3.7791084460034145e-05,-0.015632257798279852,-0.004819556847563992,-0.8833129848876717,-0.05587930578667754
cn,midpoint,warm,198,596,0.0015896137002998634,0.0012302882888222426,-0.015632257798279852,-0.004819556847563992,1.5052010259425095,1.8134164229663448
cn,midpoint,warm,199,918,0.0004574901737464526,-0.0002842567461936573,-0.015632257798279852,-0.004819556847563992,0.4334812589303006,-0.41919821032057575
cn,midpoint,warm,200,616,0.004711514970579155,0.0004680005611174161,-0.015632257798279852,-0.004819556847563992,4.46053516002297,0.6897161061705721
cn,midpoint,warm,201,664,0.0013364449223443077,-0.0011192453217436422,-0.015632257798279852,-0.004819556847563992,1.2655399135625671,-1.6500679892312613
cn,midpoint,warm,202,996,-0.00031858176367697416,-0.00019775979774728537,-0.015632257798279852,-0.004819556847563992,-0.30118383410264554,-0.29169169953926577
cn,midpoint,warm,203,1000,0.00042615786849262496,-0.0003063727503768935,-0.015632257798279852,-0.004819556847563992,0.4038206696933509,-0.451799759583064
cn,midpoint,warm,204,666,-0.0005333915072474726,0.00028184624135960124,-0.015632257798279852,-0.004819556847563992,-0.5045325349570359,0.4153030984804398
cn,midpoint,warm,205,625,-0.0009231021653110481,-0.001141969683804177,-0.015632257798279852,-0.004819556847563992,-0.8734504187974841,-1.6835663283994509
cn,midpoint,warm,206,601,-0.002391272842719885,-0.00047260349697133847,-0.015632257798279852,-0.004819556847563992,-2.2632877461048264,-0.6968431150254933
cn,midpoint,warm,207,918,-4.794179892353423e-05,-0.00022119463346732555,-0.015632257798279852,-0.004819556847563992,-0.044983699429386244,-0.32623735909219376
cn,midpoint,warm,208,597,2.4545446223343814e-05,-4.154019556916553e-05,-0.015632257798279852,-0.004819556847563992,0.023636033009769963,-0.06140592938026214
cn,midpoint,warm,209,796,-0.0018577624727464052,0.00044271741836298187,-0.015632257798279852,-0.004819556847563992,-1.7582424961865082,0.6524458281768646
cn,midpoint,warm,210,996,0.0009712716129498915,5.778047441077228e-05,-0.015632257798279852,-0.004819556847563992,0.9198502031343141,0.08500423080539532
cn,midpoint,warm,211,652,0.00027139829939452215,0.0003800618199414898,-0.015632257798279852,-0.004819556847563992,0.2573182029160175,0.560084226072571
cn,midpoint,warm,212,686,0.0024199448533752874,-0.002004127402150301,-0.015632257798279852,-0.004819556847563992,2.291230367304306,-2.9544865675989493
cn,midpoint,warm,213,1082,0.0001301436761234273,-0.0002130163743446602,-0.015632257798279852,-0.004819556847563992,0.12360013382653715,-0.3141816588192182
cn,midpoint,warm,214,1084,0.0004535288637492092,-0.00039074147140810353,-0.015632257798279852,-0.004819556847563992,0.42973130220938216,-0.5761690168920777
cn,midpoint,warm,215,996,-0.0003906948450646385,0.00048150315533647403,-0.015632257798279852,-0.004819556847563992,-0.3694493660615152,0.7096204924673373
cn,midpoint,warm,216,609,0.004359894081954793,-0.002079540193980935,-0.015632257798279852,-0.004819556847563992,4.127674789229016,-3.065653748954059
cn,midpoint,warm,217,1176,-0.0006413498290940914,2.176489770257771e-05,-0.015632257798279852,-0.004819556847563992,-0.6067308064554852,0.03191310328792363
cn,midpoint,warm,218,848,0.0005544059425427947,0.001022058628558897,-0.015632257798279852,-0.004819556847563992,0.5252261460544395,1.5064618089799544
cn,midpoint,warm,219,744,0.00012242317039880268,0.0005518374369391987,-0.015632257798279852,-0.004819556847563992,0.11629155097109485,0.8133013620997926
cn,midpoint,warm,220,650,-0.0006958405928653485,0.00015168296384782815,-0.015632257798279852,-0.004819556847563992,-0.6583142487950644,0.22342736592005402
cn,midpoint,warm,221,952,-0.00040049229390522884,-0.0002175918107305344,-0.015632257798279852,-0.004819556847563992,-0.3787240780010485,-0.3209263814868205
cn,midpoint,warm,222,1084,0.00016540454920186548,0.0004822146793121212,-0.015632257798279852,-0.004819556847563992,0.15697968455040243,0.7106693611396033
cn,midpoint,warm,223,1041,0.0009380301574732873,-2.8476644179909437e-05,-0.015632257798279852,-0.004819556847563992,0.8883823252190924,-0.04214874301733392
cn,midpoint,warm,224,739,-0.00013148479750127798,3.107210533364029e-05,-0.015632257798279852,-0.004819556847563992,-0.12406931232519494,0.045633004295642335
cn,midpoint,warm,225,632,-0.0005737495918703012,0.00040641938772429265,-0.015632257798279852,-0.004819556847563992,-0.5427373386154433,0.5989383308824155
cn,midpoint,warm,226,816,0.0018078840252558868,-0.000566655660401533,-0.015632257798279852,-0.004819556847563992,1.7118256709754582,-0.8354868869251787
cn,midpoint,warm,227,1225,-8.891830620646503e-05,0.00035632462681332595,-0.015632257798279852,-0.004819556847563992,-0.08377393018444411,0.5250928567135608
cn,midpoint,warm,228,867,-0.00016370866186609864,-0.00016745829878362165,-0.015632257798279852,-0.004819556847563992,-0.15457389208111202,-0.24702378380700502
cn,midpoint,warm,229,1081,0.00016703073566907284,7.632097726399494e-05,-0.015632257798279852,-0.004819556847563992,0.15851910683152015,0.11233507737752661
cn,midpoint,warm,230,610,0.0010678414706002705,-0.0002559456869594577,-0.015632257798279852,-0.004819556847563992,1.0112676349904868,-0.3774644330681461
cn,midpoint,warm,231,606,0.000358330279403931,0.0011286105257172965,-0.015632257798279852,-0.004819556847563992,0.33961198020834754,1.6635316347694717
cn,midpoint,warm,232,732,-0.0019158285354863667,-0.0004206517544980545,-0.015632257798279852,-0.004819556847563992,-1.8132104796012156,-0.6202602351579497
cn,midpoint,warm,233,616,0.0012790196017213526,-0.00016233794979149223,-0.015632257798279852,-0.004819556847563992,1.2111784858604184,-0.23947579690462542
cn,midpoint,warm,234,700,-0.00036017116983277225,-0.00028390317420359454,-0.015632257798279852,-0.004819556847563992,-0.3405542628854143,-0.41867700429455207
cn,midpoint,warm,235,681,-0.0002318952632923664,-2.4078433772437534e-05,-0.015632257798279852,-0.004819556847563992,-0.21912243901961295,-0.03566527194914379
cn,midpoint,warm,236,1041,0.0008732308616081069,-0.00022500295768422118,-0.015632257798279852,-0.004819556847563992,0.8270403562215866,-0.33185126965831496
cn,midpoint,warm,237,606,-0.0002264225137636102,-9.816795142774878e-05,-0.015632257798279852,-0.004819556847563992,-0.21394168470057615,-0.1448817940505688
cn,midpoint,warm,238,744,0.00018790273550594802,3.137718001628917e-05,-0.015632257798279852,-0.004819556847563992,0.17827749386049901,0.046082719678797054
cn,midpoint,warm,239,708,-0.0005239655589868043,0.0006727336366982913,-0.015632257798279852,-0.004819556847563992,-0.4956095024108025,0.9915163497367203
cn,midpoint,warm,240,816,-0.0003940197128706937,0.0006331251167353211,-0.015632257798279852,-0.004819556847563992,-0.37259683757577644,0.9331288081135449
cn,midpoint,warm,241,956,0.0005227310483736682,-0.0002757722102047066,-0.015632257798279852,-0.004819556847563992,0.49524124652459905,-0.40669102250665773
cn,midpoint,warm,242,596,0.00039021692829277477,-0.00041398469269840216,-0.015632257798279852,-0.004819556847563992,0.36979733641412155,-0.6104322146033969
cn,midpoint,warm,243,1041,0.0006250589875574329,0.00041372631385803906,-0.015632257798279852,-0.004819556847563992,0.5921095409895406,0.6097095855056744
cn,midpoint,warm,244,961,-0.00020666659669827184,0.00020802020655257165,-0.015632257798279852,-0.004819556847563992,-0.1952398325282831,0.3064749805856204
cn,midpoint,warm,245,696,0.00015299233730269035,-0.000637410947387315,-0.015632257798279852,-0.004819556847563992,0.1452297186388314,-0.9397883672078129
cn,midpoint,warm,246,744,-4.177908401336097e-05,0.00032798488366304716,-0.015632257798279852,-0.004819556847563992,-0.039149792410599495,0.48331679604974503
cn,midpoint,warm,247,700,-0.00038786377635833223,-5.0612387225562605e-05,-0.015632257798279852,-0.004819556847563992,-0.3667693472975248,-0.07477938964705637
cn,midpoint,warm,248,904,-7.860167996526397e-05,-0.00015511791371292365,-0.015632257798279852,-0.004819556847563992,-0.07400774123752585,-0.22883262827695733
cn,midpoint,warm,249,616,0.0016840479929282198,-0.0007583485642640624,-0.015632257798279852,-0.004819556847563992,1.5945968345445405,-1.1180644084686386
cn,midpoint,warm,250,996,0.0007065408623038311,-0.0003749565356198801,-0.015632257798279852,-0.004819556847563992,0.6692440000576059,-0.5529001950270929
cn,midpoint,warm,251,721,0.0006427768264466449,0.0005945629729516158,-0.015632257798279852,-0.004819556847563992,0.6088820554024458,0.8762837460573277
cn,midpoint,warm,252,664,-4.617509101384476e-06,0.00014208315816159871,-0.015632257798279852,-0.004819556847563992,-0.003970950639050754,0.2092761415217899
cn,midpoint,warm,253,664,-0.0008344642326801686,0.0009215511126241614,-0.015632257798279852,-0.004819556847563992,-0.7895417089442325,1.3583021005241056
cn,midpoint,warm,254,721,-0.0001440541828429901,0.0003549767092013035,-0.015632257798279852,-0.004819556847563992,-0.13596806578623866,0.5231058701826288
cn,midpoint,warm,255,889,-0.00023800905323305595,-0.0006195201557596544,-0.015632257798279852,-0.004819556847563992,-0.22491003143079166,-0.9134152701618193
cn,midpoint,warm,256,681,-0.0004402591638698553,0.00029302238106901444,-0.015632257798279852,-0.004819556847563992,-0.4163692108983761,0.4317780216303037
cn,midpoint,warm,257,606,0.00028321177855287344,-0.001485091497886786,-0.015632257798279852,-0.004819556847563992,0.26850138110659505,-2.189367585813196
cn,midpoint,warm,258,777,0.0006460348059586264,1.012457099539097e-05,-0.015632257798279852,-0.004819556847563992,0.611966207406725,0.014753914791139947
cn,midpoint,warm,259,913,-0.0003065158465477766,-0.00023695780015672938,-0.015632257798279852,-0.004819556847563992,-0.2897616866150302,-0.3494740907865633
cn,midpoint,warm,260,835,-0.00011563066455883356,-0.0007876286387679225,-0.015632257798279852,-0.004819556847563992,-0.10906106696615325,-1.1612266263556512
cn,midpoint,warm,261,825,0.0005192313875926058,-3.93427647766573e-05,-0.015632257798279852,-0.004819556847563992,0.4919283080077923,-0.05816666212206692
cn,midpoint,warm,262,889,-0.0009441168343611601,0.0007605954585976904,-0.015632257798279852,-0.004819556847563992,-0.8933438630109342,1.1210348419206047
cn,midpoint,warm,263,796,-2.4529528218861577e-05,-0.0009684090710214113,-0.015632257798279852,-0.004819556847563992,-0.022820576133798776,-1.427717902038871
cn,midpoint,warm,264,483,-0.001285118934837905,0.0010514743672571797,-0.015632257798279852,-0.004819556847563992,-1.2161520046155856,1.5498240115875785
cn,midpoint,warm,265,1041,0.00074442279740429,-0.000709719169147794,-0.015632257798279852,-0.004819556847563992,0.7051047676395965,-1.0463790530421937
cn,midpoint,warm,266,1038,-0.0002147900830960451,0.000346924507611898,-0.015632257798279852,-0.004819556847563992,-0.20292989526909805,0.5112359933001008
cn,midpoint,warm,267,796,0.0002100174114756416,0.0001714948685365824,-0.015632257798279852,-0.004819556847563992,0.1992122547959457,0.252632405914744
cn,midpoint,warm,268,924,-0.0006253943586002099,0.00015925327565172002,-0.015632257798279852,-0.004819556847563992,-0.5916266303481917,0.23458688149810106
cn,midpoint,warm,269,606,0.001186176816735482,-0.0009094557029811576,-0.015632257798279852,-0.004819556847563992,1.1232892709823035,-1.3408138159105651
cn,midpoint,warm,270,1000,-0.0009083527105055861,0.0001374353510072068,-0.015632257798279852,-0.004819556847563992,-0.8594879121478873,0.20242473596719565
cn,midpoint,warm,271,961,0.0008427093930069192,-0.00026929239739318257,-0.015632257798279852,-0.004819556847563992,0.7981473419427315,-0.39713902862764
cn,midpoint,warm,272,769,-0.0005597388408296843,-0.0002977225023323947,-0.015632257798279852,-0.004819556847563992,-0.529474122642334,-0.4390482930243249
cn,midpoint,warm,273,649,-0.00015299579602836427,-0.0001326876214883116,-0.015632257798279852,-0.004819556847563992,-0.14443260465940938,-0.1957677820744507
cn,midpoint,warm,274,1082,5.820454629828706e-05,-3.8536949130038925e-05,-0.015632257798279852,-0.004819556847563992,0.05549927235077924,-0.05697879661607167
cn,midpoint,warm,275,609,0.0006532128147429712,0.0003291986990605388,-0.015632257798279852,-0.004819556847563992,0.6187612379149147,0.48510610039916663
cn,midpoint,warm,276,648,-0.000823289916177623,-0.0006396059651915904,-0.015632257798279852,-0.004819556847563992,-0.778963591276201,-0.9430240774421402
cn,midpoint,warm,277,1041,-0.0004909487340089783,-4.0146137976794505e-06,-0.015632257798279852,-0.004819556847563992,-0.4643542699712449,-0.006088879673156403
cn,midpoint,warm,278,600,0.0012211617715254357,0.000361712974476517,-0.015632257798279852,-0.004819556847563992,1.1564076248695045,0.5330359046678604
cn,midpoint,warm,279,825,-0.0008101647814894499,0.0010011042257604876,-0.015632257798279852,-0.004819556847563992,-0.766538740135764,1.4755725945704101
cn,midpoint,warm,280,636,-0.0003661709302541262,0.0004121702603667281,-0.015632257798279852,-0.004819556847563992,-0.3462339097526408,0.6074157826047646
cn,midpoint,warm,281,721,0.0009155804726502514,-0.001624435529891874,-0.015632257798279852,-0.004819556847563992,0.8671304296231338,-2.3947768128240616
cn,midpoint,warm,282,616,0.0005402625412392788,-0.00020099936794652773,-0.015632257798279852,-0.004819556847563992,0.5118373572922186,-0.2964672008714614
cn,midpoint,warm,283,816,0.0007520134155305572,-0.0009823369516031083,-0.015632257798279852,-0.004819556847563992,0.7122903929701889,-1.4482492096450807
cn,midpoint,warm,284,796,-0.0010744869508277043,0.00035617224621937917,-0.015632257798279852,-0.004819556847563992,-1.0167581615108845,0.5248682300857558
cn,midpoint,warm,285,600,0.001723489658138587,-0.002579967327967632,-0.015632257798279852,-0.004819556847563992,1.6319341137887184,-3.803341250085912
cn,midpoint,warm,286,825,0.0003906642177877971,0.0001960840265044176,-0.015632257798279852,-0.004819556847563992,0.3702207610512296,0.28887967003034437
cn,midpoint,warm,287,996,-5.388565963385106e-05,9.203700140524452e-05,-0.015632257798279852,-0.004819556847563992,-0.050610429080528464,0.13550231550093836
cn,midpoint,warm,288,825,0.0002131742028590837,0.00022119096546310228,-0.015632257798279852,-0.004819556847563992,0.20220061750250334,0.3258902032401491
cn,midpoint,warm,289,996,0.0005292469866433683,-0.0004634241759676307,-0.015632257798279852,-0.004819556847563992,0.5014095308862256,-0.683311733704567
cn,midpoint,warm,290,681,-0.00020178913076232888,0.0002605039295461749,-0.015632257798279852,-0.004819556847563992,-0.1906226008094154,0.3838420612968688
cn,midpoint,warm,291,769,-0.0005401951317325626,0.0006146993628982087,-0.015632257798279852,-0.004819556847563992,-0.510973156211677,0.9059671148690467
cn,midpoint,warm,292,769,-0.0009112492915641073,0.00016000056586379114,-0.015632257798279852,-0.004819556847563992,-0.8622299478925389,0.23568847374145388
cn,midpoint,warm,293,913,0.0005921728469107726,2.305651650092843e-05,-0.015632257798279852,-0.004819556847563992,0.5609780202984487,0.03381709885303141
cn,midpoint,warm,294,708,-0.0017746097644066317,0.0013081235721620794,-0.015632257798279852,-0.004819556847563992,-1.6795263498313147,1.9281546371183782
cn,midpoint,warm,295,758,2.9259641097931915e-05,-0.000320327631654696,-0.015632257798279852,-0.004819556847563992,0.028098704895076248,-0.47237086933964945
cn,midpoint,warm,296,796,0.0010304253106689087,-0.00010099156112235077,-0.015632257798279852,-0.004819556847563992,0.9758477914278253,-0.14904412146712728
cn,midpoint,warm,297,1225,-0.00013066949628259827,0.00025295176309139775,-0.015632257798279852,-0.004819556847563992,-0.12329751100525571,0.3727092940630592
cn,midpoint,warm,298,961,-0.00041120985575518465,-0.0002742613597088647,-0.015632257798279852,-0.004819556847563992,-0.3888698108821077,-0.40446385405161744
cn,midpoint,warm,299,825,-0.00038511569313270586,0.0011808083292245506,-0.015632257798279852,-0.004819556847563992,-0.36416788637455944,1.7404772370734056
cn,midpoint,warm,300,889,0.0003724879185259232,-0.0012245355195834107,-0.015632257798279852,-0.004819556847563992,0.35301424713893287,-1.8052779242308332
cn,midpoint,warm,301,732,0.00022711661222898222,-0.00050982833799089,-0.015632257798279852,-0.004819556847563992,0.21539913813300943,-0.7517168380648069
cn,midpoint,warm,302,744,7.781653608061878e-06,0.0006421134000049525,-0.015632257798279852,-0.004819556847563992,0.007766662314342279,0.946378577709004
cn,midpoint,warm,303,816,0.00036937583394223636,-0.00015191542598393722,-0.015632257798279852,-0.004819556847563992,0.35006820592812526,-0.22411179079682134
cn,midpoint,warm,304,913,-0.00018726430122562032,0.00010481808786343399,-0.015632257798279852,-0.004819556847563992,-0.1768727346845028,0.1543431158707732
cn,midpoint,warm,305,686,0.0011249267577687905,0.0005662032699330338,-0.015632257798279852,-0.004819556847563992,1.0653071715155544,0.8344782622380282
cn,midpoint,warm,306,796,0.000687450809896871,-0.00015885081404960668,-0.015632257798279852,-0.004819556847563992,0.6511724857413871,-0.2343353553161653
cn,midpoint,warm,307,549,-0.0014839954012261184,0.0018424411020883666,-0.015632257798279852,-0.004819556847563992,-1.4044175385636888,2.7158005034049673
cn,midpoint,warm,308,841,-0.0006007087441895469,0.0002185095718529621,-0.015632257798279852,-0.004819556847563992,-0.568258101822607,0.3219375187882549
cn,midpoint,warm,309,856,0.00019680261948233982,-4.6386202298190175e-05,-0.015632257798279852,-0.004819556847563992,0.18670252996115488,-0.06854950404201772
cn,midpoint,warm,310,588,0.00038897305875354796,-0.00023527597444082237,-0.015632257798279852,-0.004819556847563992,0.3686198327747156,-0.3469948850731902
cn,midpoint,warm,311,1041,-0.000872634090435101,0.0009101726565999028,-0.015632257798279852,-0.004819556847563992,-0.8256750372432584,1.341528939715649
cn,midpoint,warm,312,946,0.0002217727229743907,-3.4828355076847034e-05,-0.015632257798279852,-0.004819556847563992,0.2103403688268849,-0.05151189985126854
cn,midpoint,warm,314,681,-0.0006660269938661197,-0.001829044019123567,-0.015632257798279852,-0.004819556847563992,-0.6300913361677457,-2.6963934016953273
cn,midpoint,warm,315,1041,0.0012201450603353883,0.00019445623380959318,-0.015632257798279852,-0.004819556847563992,1.1554451596842492,0.28648011524233874
cn,midpoint,warm,316,889,-9.777795530923825e-05,-1.8059849869611275e-05,-0.015632257798279852,-0.004819556847563992,-0.0921608781185979,-0.02679318285146044
cn,midpoint,warm,317,1041,0.000776082387206882,0.00020930022536082022,-0.015632257798279852,-0.004819556847563992,0.7350751793580348,0.3083618764230546
cn,midpoint,warm,318,1081,0.00016367068596736395,0.0004741574736125175,-0.015632257798279852,-0.004819556847563992,0.1553383305301675,0.6987921076196054
cn,midpoint,warm,319,758,-0.0004734745251404691,0.0010413805862574807,-0.015632257798279852,-0.004819556847563992,-0.44781238684803615,1.5349446104181805
cn,midpoint,warm,320,961,-0.0001773130026202531,0.0002910690240989066,-0.015632257798279852,-0.004819556847563992,-0.16745238154045924,0.42889854742869965
cn,midpoint,warm,321,769,-0.0014529107125605487,0.0004687102774690215,-0.015632257798279852,-0.004819556847563992,-1.374991354483113,0.6907623101958361
cn,midpoint,warm,322,825,-0.0008171634609057694,9.304880957358794e-05,-0.015632257798279852,-0.004819556847563992,-0.7731640092848696,0.13699383781984983
cn,midpoint,warm,323,781,0.0006478982422442117,-5.886044365879719e-05,-0.015632257798279852,-0.004819556847563992,0.613730221187014,-0.08693797923222676
cn,midpoint,warm,324,889,0.00046808787574435795,-0.00044623259150400156,-0.015632257798279852,-0.004819556847563992,0.44351352700853497,-0.6579693489253098
cn,midpoint,warm,325,441,0.003621359613852241,-8.025462115021642e-05,-0.015632257798279852,-0.004819556847563992,3.4285443767598327,-0.11847547242666243
cn,midpoint,warm,326,848,0.0006688810844242381,-0.00041779010859420776,-0.015632257798279852,-0.004819556847563992,0.6335935366336001,-0.6160418379677025
cn,midpoint,warm,327,889,-0.00044322250121601493,8.291507889582241e-05,-0.015632257798279852,-0.004819556847563992,-0.41917444118969704,0.1220555462023078
cn,midpoint,warm,328,1128,-0.0005523491036198945,0.0001214238271070988,-0.015632257798279852,-0.004819556847563992,-0.5224786603495682,0.17882189700623394
cn,midpoint,warm,329,882,-0.0005329982480553747,0.0003028373796506896,-0.015632257798279852,-0.004819556847563992,-0.504160257869028,0.4462464652569459
cn,midpoint,critical,0,1000,0.00018232210908321334,-0.0005501175472840782,0.021526983301875968,-0.0014001698045132025,0.1305156915990711,-0.6214067694301317
cn,midpoint,critical,2,666,-5.382633610985163e-05,0.000820715504692378,0.021526983301875968,-0.0014001698045132025,-0.039630916767165215,0.9291935534678124
cn,midpoint,critical,3,996,-0.0002782980454478709,-0.00035133112216772936,0.021526983301875968,-0.0014001698045132025,-0.20136435518472723,-0.39655204001671196
cn,midpoint,critical,4,1082,0.00035882895010929186,-0.0003737390307356253,0.021526983301875968,-0.0014001698045132025,0.25769010652893776,-0.42189845999889064
cn,midpoint,critical,5,700,0.0014024119944682119,-1.7403536173902188e-06,0.021526983301875968,-0.0014001698045132025,1.0095989975699713,-0.0011169009129851366
cn,midpoint,critical,6,786,-0.00019128691963145664,-6.582042411508557e-05,0.021526983301875968,-0.0014001698045132025,-0.1386722297477501,-0.07360025536799282
cn,midpoint,critical,7,825,0.0007405231546617139,-5.516776413319125e-05,0.021526983301875968,-0.0014001698045132025,0.5327034536824521,-0.061550634895367204
cn,midpoint,critical,8,825,-0.00013908617271066528,-0.0003849602567464099,0.021526983301875968,-0.0014001698045132025,-0.10106122606108371,-0.4345912066835046
cn,midpoint,critical,9,732,-0.000526623647742884,0.00125527507616881,0.021526983301875968,-0.0014001698045132025,-0.3802846905121781,1.4207400702943709
cn,midpoint,critical,10,487,-0.0008047851887096058,-0.0005661094662243683,0.021526983301875968,-0.0014001698045132025,-0.5807020285756155,-0.6394958245757014
cn,midpoint,critical,11,848,0.000139704210175038,-3.062310723815154e-05,0.021526983301875968,-0.0014001698045132025,0.09980919700837916,-0.03378725929540285
cn,midpoint,critical,12,816,0.0004938073690199801,-0.0007685126063670633,0.021526983301875968,-0.0014001698045132025,0.35494300252626065,-0.8684415550629547
cn,midpoint,critical,13,1084,0.0007386702071684043,0.0001054027284532117,0.021526983301875968,-0.0014001698045132025,0.5313683920384528,0.12007662984951183
cn,midpoint,critical,14,609,-0.0027430708929206855,0.0009113522097479035,0.021526983301875968,-0.0014001698045132025,-1.977250451101339,1.0317161063949338
cn,midpoint,critical,15,758,-0.001293928889501899,0.0006189084083488507,0.021526983301875968,-0.0014001698045132025,-0.9331334901737455,0.7009220303219403
cn,midpoint,critical,16,1000,0.00021139094476710363,0.00010984473871439998,0.021526983301875968,-0.0014001698045132025,0.15145999126077644,0.12510115310227685
cn,midpoint,critical,17,700,-0.001023076022830905,0.0022265872415735202,0.021526983301875968,-0.0014001698045132025,-0.7379821031186026,2.5194274379061583
cn,midpoint,critical,18,758,-0.0013932255749805472,-0.0003582374755118744,0.021526983301875968,-0.0014001698045132025,-1.0046774473757007,-0.4043640735170995
cn,midpoint,critical,19,856,0.0003589115844875833,-0.0011949949093010726,0.021526983301875968,-0.0014001698045132025,0.2577496451771352,-1.3508515725966517
cn,midpoint,critical,20,744,0.0006574786885964259,-0.0004275479876170515,0.021526983301875968,-0.0014001698045132025,0.4728693343722789,-0.4827637752864404
cn,midpoint,critical,21,686,0.00019723424292992023,-0.0005395005478860186,0.021526983301875968,-0.0014001698045132025,0.14125998845627116,-0.6093974859720894
cn,midpoint,critical,22,786,-0.0005791558847135052,0.0004065989037701958,0.021526983301875968,-0.0014001698045132025,-0.4181345351009711,0.46077084205046087
cn,midpoint,critical,23,652,-0.000280145164159952,2.7966603251000297e-05,0.021526983301875968,-0.0014001698045132025,-0.20269521715103603,0.03248574446095553
cn,midpoint,critical,24,1000,8.4174759169834e-05,0.0004594157801351944,0.021526983301875968,-0.0014001698045132025,0.05979983871999345,0.5205139781150224
cn,midpoint,critical,25,1041,-0.0005382247617615084,-1.6526320153873028e-05,0.021526983301875968,-0.0014001698045132025,-0.38864337439817687,-0.01784185837791662
cn,midpoint,critical,26,918,-0.0005172090898684402,0.0003207553786399213,0.021526983301875968,-0.0014001698045132025,-0.3735014356391907,0.3636700334627295
cn,midpoint,critical,27,636,-0.0006205408668640798,0.0011879894226882735,0.021526983301875968,-0.0014001698045132025,-0.44795270453444186,1.3446307615328903
cn,midpoint,critical,28,649,0.0006291777117006445,-8.247551805797546e-05,0.021526983301875968,-0.0014001698045132025,0.4524782823442563,-0.09243945245950284
cn,midpoint,critical,29,604,-0.004401955358340887,0.0022977670550049884,0.021526983301875968,-0.0014001698045132025,-3.172488324600467,2.599941576029336
cn,midpoint,critical,30,924,-0.0009232527365978481,7.486166722415382e-05,0.021526983301875968,-0.0014001698045132025,-0.6660587263856295,0.08553049796631561
cn,midpoint,critical,31,918,-0.0003077510201674426,-3.7170873576101646e-05,0.021526983301875968,-0.0014001698045132025,-0.22258542971153417,-0.041193681677214586
cn,midpoint,critical,32,961,0.00038900463638687904,-0.000516717194846653,0.021526983301875968,-0.0014001698045132025,0.2794318997940065,-0.5836263867644925
cn,midpoint,critical,33,648,0.0008454646361683894,-5.948884729515408e-05,0.021526983301875968,-0.0014001698045132025,0.608314525949691,-0.06643837300216879
cn,midpoint,critical,34,1038,0.0006365337395726547,0.00010020002066286286,0.021526983301875968,-0.0014001698045132025,0.45777835193585065,0.11419165328870659
cn,midpoint,critical,35,606,-0.00011918266670163033,0.0008185935156431415,0.021526983301875968,-0.0014001698045132025,-0.08672061060936802,0.9267932926189891
cn,midpoint,critical,36,769,-0.0003318584471248623,6.287980363440843e-05,0.021526983301875968,-0.0014001698045132025,-0.23995499964407505,0.07197736578556527
cn,midpoint,critical,37,856,-0.0003977289359899869,0.00034317848406893573,0.021526983301875968,-0.0014001698045132025,-0.28741514812256275,0.38903364318053896
cn,midpoint,critical,38,918,0.0006924108986871395,0.0003436293116970111,0.021526983301875968,-0.0014001698045132025,0.49803823635176264,0.38954359110210174
cn,midpoint,critical,39,559,-0.00021272333550396982,6.549431358557432e-05,0.021526983301875968,-0.0014001698045132025,-0.15411731749014182,0.07493473537090799
cn,midpoint,critical,40,649,-0.0003419066925839792,0.00019514073829305528,0.021526983301875968,-0.0014001698045132025,-0.24719483085915006,0.22158263514553106
cn,midpoint,critical,41,918,0.0016908833773651676,0.00026443037049996487,0.021526983301875968,-0.0014001698045132025,1.217444648937725,0.29995871888425246
cn,midpoint,critical,42,796,-0.00029613016464248576,0.0003635897371080609,0.021526983301875968,-0.0014001698045132025,-0.21421252193198506,0.41212157172704345
cn,midpoint,critical,43,1000,-6.837058092281148e-05,0.0002396672187257433,0.021526983301875968,-0.0014001698045132025,-0.05011014699944632,0.2719481955884236
cn,midpoint,critical,44,578,0.0013679263519993726,0.0018526691284702173,0.021526983301875968,-0.0014001698045132025,0.9847518506890908,2.0964747332865663
cn,midpoint,critical,45,1038,-0.001048437465101821,0.0002910718918124437,0.021526983301875968,-0.0014001698045132025,-0.7562551998656276,0.3300939359262265
cn,midpoint,critical,46,856,-0.0002990979110337119,-0.0004953963169133795,0.021526983301875968,-0.0014001698045132025,-0.21635080398819526,-0.5595095476204875
cn,midpoint,critical,47,596,0.0029423733838466505,-0.001374467945667732,0.021526983301875968,-0.0014001698045132025,2.1191519620346857,-1.5538602086522082
cn,midpoint,critical,48,1041,-0.0009245629518672277,0.000531240343483137,0.021526983301875968,-0.0014001698045132025,-0.667002745661862,0.6017574168829668
cn,midpoint,critical,49,636,0.0008256968963934637,-3.237932494971874e-05,0.021526983301875968,-0.0014001698045132025,0.5940717310203398,-0.035773782560733304
cn,midpoint,critical,50,889,0.0004578120559482861,0.0003044458547022508,0.021526983301875968,-0.0014001698045132025,0.3290081274047138,0.3452217234751629
cn,midpoint,critical,51,648,-0.00031620083526847503,-0.00023328273573116785,0.021526983301875968,-0.0014001698045132025,-0.22867358066076898,-0.2630231133088247
cn,midpoint,critical,52,616,0.001648014318140184,-0.0010096746924323384,0.021526983301875968,-0.0014001698045132025,1.1865571915800492,-1.1412289728921388
cn,midpoint,critical,53,996,0.00022631190388110525,-0.000532650633710012,0.021526983301875968,-0.0014001698045132025,0.16221064678486039,-0.6016492929169066
cn,midpoint,critical,54,918,-8.135373432893375e-05,9.594635032910857e-05,0.021526983301875968,-0.0014001698045132025,-0.05946459994172267,0.10938016834273806
cn,midpoint,critical,55,709,-0.0007160498559342539,0.0004627275121007264,0.021526983301875968,-0.0014001698045132025,-0.516767599951146,0.5242600014894235
cn,midpoint,critical,56,456,-0.0010226029851286324,0.0008559525071482109,0.021526983301875968,-0.0014001698045132025,-0.7376412761417184,0.9690514393768169
cn,midpoint,critical,57,1129,-0.0013143135751582206,-6.221199405681923e-05,0.021526983301875968,-0.0014001698045132025,-0.947820798930741,-0.06951862573013483
cn,midpoint,critical,58,889,-4.861865922782538e-05,0.0005739130042857466,0.021526983301875968,-0.0014001698045132025,-0.03587874910745604,0.6500260528952368
cn,midpoint,critical,59,587,0.0007607684540981742,-0.00011603425636979594,0.021526983301875968,-0.0014001698045132025,0.5472903336920003,-0.13039899128688306
cn,midpoint,critical,60,796,0.00038647062236759136,0.00026824674154123226,0.021526983301875968,-0.0014001698045132025,0.27760612494894327,0.3042755583129163
cn,midpoint,critical,61,577,-0.00037334369424299463,-0.0008288871683931137,0.021526983301875968,-0.0014001698045132025,-0.26984541068876605,-0.9367334708709664
cn,midpoint,critical,62,636,9.588395870181038e-05,0.0001968151922604282,0.021526983301875968,-0.0014001698045132025,0.06823639897521977,0.2234766723944453
cn,midpoint,critical,63,601,0.0006576902918700896,0.0013975873038543014,0.021526983301875968,-0.0014001698045132025,0.4730217960126832,1.5817147315656974
cn,midpoint,critical,64,616,0.0001401377453916948,-0.0009170553089561371,0.021526983301875968,-0.0014001698045132025,0.1001215621677651,-1.0364637385568984
cn,midpoint,critical,65,588,-0.00011425004741174791,-0.0005642939409087161,0.021526983301875968,-0.0014001698045132025,-0.08316662387086031,-0.6374422162704297
cn,midpoint,critical,66,856,0.00014703162586950438,-0.000320860282164547,0.021526983301875968,-0.0014001698045132025,0.10508865132569939,-0.362085337977551
cn,midpoint,critical,67,1176,0.0001452778300876402,-0.00025399829001255874,0.021526983301875968,-0.0014001698045132025,0.10382502918409586,-0.2864552483244067
cn,midpoint,critical,68,649,0.0010923139437120886,-0.0003823356754203474,0.021526983301875968,-0.0014001698045132025,0.7861711805712217,-0.4316224449908997
cn,midpoint,critical,69,1225,0.0005693495251055114,-0.0007184222795988017,0.021526983301875968,-0.0014001698045132025,0.40937165496188316,-0.8117825207998504
cn,midpoint,critical,70,1036,-0.00055973591039837,-0.0003466614446865218,0.021526983301875968,-0.0014001698045132025,-0.40414230762058995,-0.39126999389172984
cn,midpoint,critical,71,1129,-0.0007441743020856866,0.00035114952590819355,0.021526983301875968,-0.0014001698045132025,-0.5370314603417273,0.39804998549294945
cn,midpoint,critical,72,588,-0.0020226751866065824,0.0008850122068012384,0.021526983301875968,-0.0014001698045132025,-1.4582003002069153,1.0019219480068318
cn,midpoint,critical,73,801,0.0001749229932942499,-2.83836811751652e-06,0.021526983301875968,-0.0014001698045132025,0.12518457686159337,-0.002358906010533447
cn,midpoint,critical,74,924,-0.0001504435690726988,-0.00026890204307625123,0.021526983301875968,-0.0014001698045132025,-0.10924430966890152,-0.3033134385173214
cn,midpoint,critical,75,816,-9.534390299802478e-05,-0.0005070194572884401,0.021526983301875968,-0.0014001698045132025,-0.06954461443248641,-0.5726569146121661
cn,midpoint,critical,76,721,0.000924574894957203,-0.0006196766966292782,0.021526983301875968,-0.0014001698045132025,0.6653140213682921,-0.7000877140423616
cn,midpoint,critical,77,841,-0.0012940101788811685,0.00035591414375429984,0.021526983301875968,-0.0014001698045132025,-0.9331920597407295,0.40343942220080076
cn,midpoint,critical,78,744,-0.0005156811032490279,-0.0005925228602993116,0.021526983301875968,-0.0014001698045132025,-0.37240051058033863,-0.6693729984025117
cn,midpoint,critical,79,889,6.696341219542337e-05,-0.0007556485876522173,0.021526983301875968,-0.0014001698045132025,0.047398942704284894,-0.853890584363608
cn,midpoint,critical,81,616,0.0027006637659495528,6.433210225381919e-05,0.021526983301875968,-0.0014001698045132025,1.944998489793667,0.07362011484604039
cn,midpoint,critical,82,796,0.0006414989113040954,-2.5000267343127953e-05,0.021526983301875968,-0.0014001698045132025,0.4613557929364462,-0.02742705566283333
cn,midpoint,critical,83,796,0.0006789065323863606,-4.5266096579719235e-05,0.021526983301875968,-0.0014001698045132025,0.48830824586914773,-0.050350489929862324
cn,midpoint,critical,84,681,-0.0011286011752655728,0.000523492602869156,0.021526983301875968,-0.0014001698045132025,-0.8140137143765541,0.5929936589035052
cn,midpoint,critical,85,616,-0.0008695490265736051,-0.0008088185443932116,0.021526983301875968,-0.0014001698045132025,-0.6273648272585853,-0.914033102792228
cn,midpoint,critical,86,1084,0.0005284027964822177,-0.0011650193786716678,0.021526983301875968,-0.0014001698045132025,0.3798692502636425,-1.3169451334383764
cn,midpoint,critical,87,1084,-0.0005737759687393963,0.00046328618934087006,0.021526983301875968,-0.0014001698045132025,-0.4142582679693303,0.5248919421241445
cn,midpoint,critical,88,1035,0.00012605411551856044,0.0002457625701596108,0.021526983301875968,-0.0014001698045132025,0.0899742082250359,0.2788428746216613
cn,midpoint,critical,89,913,0.00010549436625389291,5.540372839344613e-05,0.021526983301875968,-0.0014001698045132025,0.07516076491236263,0.06352089862792588
cn,midpoint,critical,90,996,3.731464681093824e-05,8.665427937138803e-05,0.021526983301875968,-0.0014001698045132025,0.026036799632404264,0.09886956079161555
cn,midpoint,critical,91,748,0.001058555340595558,-0.0006236941800699263,0.021526983301875968,-0.0014001698045132025,0.7618478706346961,-0.704632039196562
cn,midpoint,critical,92,924,0.0002791609963822897,-0.0001898561653312439,0.021526983301875968,-0.0014001698045132025,0.2002887880021717,-0.21390170207104775
cn,midpoint,critical,93,578,0.0009200812630101168,-0.0007501889849851062,0.021526983301875968,-0.0014001698045132025,0.6620763280842318,-0.8477150244394355
cn,midpoint,critical,94,961,-0.001317395853363483,1.711469715092286e-06,0.021526983301875968,-0.0014001698045132025,-0.9500416019609613,0.0027875850243921276
cn,midpoint,critical,95,961,-0.00014300895346142442,0.0001743555542002913,0.021526983301875968,-0.0014001698045132025,-0.103887617060865,0.19807173925688526
cn,midpoint,critical,96,636,0.0016054820035660937,0.0005612161900725142,0.021526983301875968,-0.0014001698045132025,1.1559123611013609,0.6356642134353349
cn,midpoint,critical,97,1081,-0.000390803755704508,1.1574196140174938e-05,0.021526983301875968,-0.0014001698045132025,-0.28242550723402915,0.013943682229181367
cn,midpoint,critical,98,1038,-0.0004981465880221567,-0.00039658217497431057,0.021526983301875968,-0.0014001698045132025,-0.3597667695757806,-0.4477371912590106
cn,midpoint,critical,99,856,0.0006521831751622256,-0.00033319273322282854,0.021526983301875968,-0.0014001698045132025,0.46905387986166214,-0.37603503270188193
cn,midpoint,critical,100,700,-0.0003759786785705564,0.0013185811632552837,0.021526983301875968,-0.0014001698045132025,-0.27174393534797475,1.4923479432852955
cn,midpoint,critical,101,596,-0.0012695441953997494,0.0010186618245706257,0.021526983301875968,-0.0014001698045132025,-0.9155641473218927,1.1530980085560036
cn,midpoint,critical,102,864,-0.00079920820202279,0.00047183465640366924,0.021526983301875968,-0.0014001698045132025,-0.5766837706155024,0.5345614316135812
cn,midpoint,critical,103,606,0.0006883172601920284,0.0001436712337234559,0.021526983301875968,-0.0014001698045132025,0.49508874115076235,0.16336356150271908
cn,midpoint,critical,104,576,0.0011148316362119548,0.0005036925295032098,0.021526983301875968,-0.0014001698045132025,0.802395335695147,0.5705970584492243
cn,midpoint,critical,105,864,-0.00019866452186589195,1.4140233448876926e-05,0.021526983301875968,-0.0014001698045132025,-0.1439878438185439,0.016846222603229637
cn,midpoint,critical,106,721,0.013141156927359678,-0.006766318866694189,0.021526983301875968,-0.0014001698045132025,9.46744692104417,-7.652783609358769
cn,midpoint,critical,107,649,0.0027252354975343465,-0.0007036213364239347,0.021526983301875968,-0.0014001698045132025,1.9627025944614753,-0.7950406227014253
cn,midpoint,critical,108,609,-0.0009232364262129929,0.0008055446518054762,0.021526983301875968,-0.0014001698045132025,-0.6660469746391295,0.9120332367165125
cn,midpoint,critical,109,649,-0.0007433936068712635,7.103118191384102e-05,0.021526983301875968,-0.0014001698045132025,-0.5364689639729995,0.08119769336223691
cn,midpoint,critical,110,664,-0.0003567960790006909,-0.00021042318390818897,0.021526983301875968,-0.0014001698045132025,-0.2579227380337521,-0.23716582281899626
cn,midpoint,critical,111,708,0.00031237362548923453,0.0004963018127834688,0.021526983301875968,-0.0014001698045132025,0.22421871984166517,0.5622371434941867
cn,midpoint,critical,112,648,-0.0003278875367306207,0.0003902465742299326,0.021526983301875968,-0.0014001698045132025,-0.23709393089914188,0.4422741130514717
cn,midpoint,critical,113,781,-0.0008782246288032321,2.1698223322502968e-05,0.021526983301875968,-0.0014001698045132025,-0.633615659415023,0.025395346452853018
cn,midpoint,critical,114,1225,0.0014249509596473732,0.0003095228935241876,0.021526983301875968,-0.0014001698045132025,1.0258384798082885,0.35096455118515296
cn,midpoint,critical,115,601,-0.001824220736641919,0.0017641166994930748,0.021526983301875968,-0.0014001698045132025,-1.3152124793509765,1.9963097826622853
cn,midpoint,critical,116,961,0.0001672053428632969,2.89737363550098e-07,0.021526983301875968,-0.0014001698045132025,0.11962395568405688,0.0011794106079690016
cn,midpoint,critical,117,882,1.727237609509477e-05,0.00019495411536860551,0.021526983301875968,-0.0014001698045132025,0.011596203237747793,0.22137153900476123
cn,midpoint,critical,118,721,-0.0006853419802405544,-6.329877326778622e-05,0.021526983301875968,-0.0014001698045132025,-0.49464236048516796,-0.07074792217364742
cn,midpoint,critical,119,681,8.215213426772741e-05,-0.0002859571875364988,0.021526983301875968,-0.0014001698045132025,0.05834252331480766,-0.32260514764922604
cn,midpoint,critical,120,648,0.0016961470803660457,-0.0021648045691791172,0.021526983301875968,-0.0014001698045132025,1.2212371838083842,-2.44783940024517
cn,midpoint,critical,121,909,-0.00011139019338977235,4.995113213042022e-05,0.021526983301875968,-0.0014001698045132025,-0.08110607902220014,0.0573532639083734
cn,midpoint,critical,122,739,-0.0002322556019502299,0.00018274372450803687,0.021526983301875968,-0.0014001698045132025,-0.16819045223731224,0.20755991111629604
cn,midpoint,critical,123,1041,-0.00046802027553407427,-0.00023188744272618087,0.021526983301875968,-0.0014001698045132025,-0.3380605504717848,-0.26144484542204544
cn,midpoint,critical,124,795,0.0005858064182263575,-0.0006228257235890963,0.021526983301875968,-0.0014001698045132025,0.4212289616931148,-0.7036496957247176
cn,midpoint,critical,125,947,0.000882029351849594,-0.00044171352772170937,0.021526983301875968,-0.0014001698045132025,0.6346596596385722,-0.4987869453060406
cn,midpoint,critical,126,596,-0.0011314326923995595,-0.0004860948040329891,0.021526983301875968,-0.0014001698045132025,-0.8160538422989922,-0.5489882599589611
cn,midpoint,critical,127,796,0.0005695255026842566,0.00022137397780182515,0.021526983301875968,-0.0014001698045132025,0.4094984480396336,0.25125602943253744
cn,midpoint,critical,128,732,-0.0008267649518244255,0.0009491055817799283,0.021526983301875968,-0.0014001698045132025,-0.596538601810821,1.0744203516558288
cn,midpoint,critical,129,1036,-0.0001173306026365506,-0.00018413267991499046,0.021526983301875968,-0.0014001698045132025,-0.08538618548159439,-0.20742765454078974
cn,midpoint,critical,130,564,6.615177913190176e-05,-0.00034679196135745105,0.021526983301875968,-0.0014001698045132025,0.04681415539864247,-0.39141762615941894
cn,midpoint,critical,131,616,0.000255966966762923,-0.0011201922084752166,0.021526983301875968,-0.0014001698045132025,0.18357732724766676,-1.2662394516042532
cn,midpoint,critical,132,961,-0.0008138007435668747,3.4403720872118416e-05,0.021526983301875968,-0.0014001698045132025,-0.5871977989807518,0.039767007957955916
cn,midpoint,critical,133,604,-0.0024219893743819,-0.0005138338841145529,0.021526983301875968,-0.0014001698045132025,-1.7459089686546039,-0.5803649666041284
cn,midpoint,critical,134,616,-0.006335759185582445,0.0014315459241829932,0.021526983301875968,-0.0014001698045132025,-4.565807523385778,1.6201265918362961
cn,midpoint,critical,135,541,0.0016901583344506414,0.0010222079382804534,0.021526983301875968,-0.0014001698045132025,1.2169222504407724,1.157109149851119
cn,midpoint,critical,136,1038,-0.0004274984630434457,-0.0007476195182740358,0.021526983301875968,-0.0014001698045132025,-0.30886430082255983,-0.8448086049406374
cn,midpoint,critical,137,632,-0.0011784279349805263,0.0005229933832768877,0.021526983301875968,-0.0014001698045132025,-0.8499142436578188,0.5924289730288451
cn,midpoint,critical,139,786,-0.000543621427844105,1.4973186548786557e-05,0.021526983301875968,-0.0014001698045132025,-0.392531710100274,0.01778840687856246
cn,midpoint,critical,140,777,0.0003653419640384445,-0.0004769546457893204,0.021526983301875968,-0.0014001698045132025,0.26238277867158677,-0.5386494865368168
cn,midpoint,critical,141,1176,0.002123758582438115,8.80165258419698e-05,0.021526983301875968,-0.0014001698045132025,1.5293342653558475,0.10041044851248365
cn,midpoint,critical,142,1176,-0.00022809507804206347,0.0003411367344719595,0.021526983301875968,-0.0014001698045132025,-0.16519276562784754,0.3867241441647518
cn,midpoint,critical,143,996,-0.0004009788315090246,0.00040079592539780896,0.021526983301875968,-0.0014001698045132025,-0.28975672060108076,0.4542068770767396
cn,midpoint,critical,144,856,-0.0012746536116405305,0.0008149363240579422,0.021526983301875968,-0.0014001698045132025,-0.919245517501525,0.9226565070018539
cn,midpoint,critical,145,664,-0.0011603966569665378,0.0009791239336156864,0.021526983301875968,-0.0014001698045132025,-0.8369225815866136,1.1083752274755214
cn,midpoint,critical,146,744,-0.0007664851276915456,-0.00014004634721054266,0.021526983301875968,-0.0014001698045132025,-0.5531065664199569,-0.1575599615869748
cn,midpoint,critical,147,777,0.0004896138479783055,-0.0007991155770364265,0.021526983301875968,-0.0014001698045132025,0.35192154125104436,-0.9030577150199485
cn,midpoint,critical,148,796,-0.0008290411765231286,-0.000409995426709294,0.021526983301875968,-0.0014001698045132025,-0.5981786376452604,-0.46290941988407147
cn,midpoint,critical,149,751,-0.00014790201077620815,-0.00029631210058422494,0.021526983301875968,-0.0014001698045132025,-0.10741309911928554,-0.334317975474784
cn,midpoint,critical,150,675,-0.0009626609840891684,-0.0002545792944674914,0.021526983301875968,-0.0014001698045132025,-0.6944526446552312,-0.28711244410337106
cn,midpoint,critical,151,582,0.00047401100512122277,0.00014602318982826282,0.021526983301875968,-0.0014001698045132025,0.34067958371525137,0.16602394665341066
cn,midpoint,critical,152,535,-0.0019225560713145746,0.0028340921415632454,0.021526983301875968,-0.0014001698045132025,-1.3860637765654562,3.2065988573054693
cn,midpoint,critical,153,816,-0.0004494720463828483,-0.00033823621316958355,0.021526983301875968,-0.0014001698045132025,-0.32469642148630407,-0.3817399007182259
cn,midpoint,critical,154,1176,-0.00017493258727980035,-2.9715604783175833e-05,0.021526983301875968,-0.0014001698045132025,-0.12688881876889074,-0.03276074946790259
cn,midpoint,critical,155,1225,0.0004759178998739594,-0.0011167498244509522,0.021526983301875968,-0.0014001698045132025,0.3420535147374279,-1.2623456428199762
cn,midpoint,critical,156,1081,-0.0002999886564974859,-9.841840845095304e-05,0.021526983301875968,-0.0014001698045132025,-0.21699259233219576,-0.11047304958909855
cn,midpoint,critical,158,835,7.091418571548644e-05,-0.0005011147318306264,0.021526983301875968,-0.0014001698045132025,0.05024550269036609,-0.5659778597204643
cn,midpoint,critical,160,596,0.0009489365740467486,0.0003328955886660425,0.021526983301875968,-0.0014001698045132025,0.6828667817424035,0.3774022771954081
cn,midpoint,critical,161,732,-0.0002833008013696757,-0.0013277377081366128,0.021526983301875968,-0.0014001698045132025,-0.20496887585765938,-1.50100189647453
cn,midpoint,critical,162,576,-4.0745030212032546e-05,0.00098783884895632,0.021526983301875968,-0.0014001698045132025,-0.030205744267318813,1.11823299281152
cn,midpoint,critical,163,848,0.0008296841119719359,-0.00026087646986244317,0.021526983301875968,-0.0014001698045132025,0.5969445477646865,-0.2942354137360911
cn,midpoint,critical,164,732,0.0002852781753163759,-0.0004036711868407679,0.021526983301875968,-0.0014001698045132025,0.2046962582590825,-0.45575583661725283
cn,midpoint,critical,165,748,-0.00019209143951587002,1.4985772292072435e-05,0.021526983301875968,-0.0014001698045132025,-0.13925189195803575,0.017802643081559502
cn,midpoint,critical,166,1038,-0.000957679092561628,0.0002357333655822367,0.021526983301875968,-0.0014001698045132025,-0.6908631569244672,0.2674984677781992
cn,midpoint,critical,167,721,-0.0016542202771260561,0.0011912176100005902,0.021526983301875968,-0.0014001698045132025,-1.192725957859472,1.34828228443835
cn,midpoint,critical,168,694,6.897217455851395e-05,5.326198753608283e-05,0.021526983301875968,-0.0014001698045132025,0.04884627005303868,0.06109829577325801
cn,midpoint,critical,169,1225,0.0009052995778603343,-0.00028663418152730493,0.021526983301875968,-0.0014001698045132025,0.6514260204266189,-0.3233709207674263
cn,midpoint,critical,170,882,0.0009940790763371815,-0.00029568093930036556,0.021526983301875968,-0.0014001698045132025,0.7153922707482815,-0.33360404543848815
cn,midpoint,critical,171,744,-0.0008566246016684619,0.000823454837616694,0.021526983301875968,-0.0014001698045132025,-0.6180526886125044,0.9322921149672198
cn,midpoint,critical,172,769,-0.0003194760877025145,0.0009360391937105219,0.021526983301875968,-0.0014001698045132025,-0.23103342297410484,1.0596404734421252
cn,midpoint,critical,173,606,-0.002231015457340481,-0.005860496965784458,0.021526983301875968,-0.0014001698045132025,-1.6083109241515072,-6.628174719156156
cn,midpoint,critical,174,1176,0.0008087233656239763,8.578713824434884e-05,0.021526983301875968,-0.0014001698045132025,0.5818421832455615,0.09788870516543521
cn,midpoint,critical,175,1000,0.0005085665338915649,0.0007997855200336222,0.021526983301875968,-0.0014001698045132025,0.3655770841657361,0.9055188682657567
cn,midpoint,critical,176,882,7.283473421249714e-05,-0.0002754491047613468,0.021526983301875968,-0.0014001698045132025,0.05162927133090101,-0.310719063840044
cn,midpoint,critical,177,588,0.0028110035379580144,-0.00141534209422272,0.021526983301875968,-0.0014001698045132025,2.024499068168404,-1.600094480474122
cn,midpoint,critical,178,700,-0.0002212700979503414,-0.0006511944499545721,0.021526983301875968,-0.0014001698045132025,-0.16027531968055703,-0.7357386187333128
cn,midpoint,critical,179,478,-0.0023046049156844155,0.0007474869717369046,0.021526983301875968,-0.0014001698045132025,-1.661332644190749,0.8463620323847841
cn,midpoint,critical,180,685,-0.0005974657056411169,-0.0006365545205109382,0.021526983301875968,-0.0014001698045132025,-0.43132688929190927,-0.7191788492633746
cn,midpoint,critical,181,664,0.002200065262920565,0.00100850600797668,0.021526983301875968,-0.0014001698045132025,1.5843137629729516,1.1416103861448286
cn,midpoint,critical,182,856,0.0002332117624886769,0.00019549970353833135,0.021526983301875968,-0.0014001698045132025,0.16718204322714944,0.22198867410441936
cn,midpoint,critical,183,756,0.00042280444865239186,-0.00026831939694033557,0.021526983301875968,-0.0014001698045132025,0.3037849012109365,-0.30265438577185144
cn,midpoint,critical,184,786,0.000647107635735316,0.0002589274662215303,0.021526983301875968,-0.0014001698045132025,0.4653969181636431,0.2937341788947077
cn,midpoint,critical,185,649,0.0009265291667490058,-0.0003685265679780501,0.021526983301875968,-0.0014001698045132025,0.6667220878788686,-0.4160024492313239
cn,midpoint,critical,186,918,5.174560366385389e-05,0.0004693051087373717,0.021526983301875968,-0.0014001698045132025,0.0364344050961865,0.5317001660331434
cn,midpoint,critical,187,796,0.0003190657914911403,-0.0005910495422406497,0.021526983301875968,-0.0014001698045132025,0.22904047230722638,-0.6677064734714134
cn,midpoint,critical,188,604,0.002661742041565475,-0.002010354504970465,0.021526983301875968,-0.0014001698045132025,1.9169551148296604,-2.2731351799987665
cn,midpoint,critical,189,918,4.502718117557758e-05,0.0001896785477328647,0.021526983301875968,-0.0014001698045132025,0.031593734648337056,0.2154041479591081
cn,midpoint,critical,190,664,-0.00020101023461863501,0.001146417686647279,0.021526983301875968,-0.0014001698045132025,-0.14567794628250194,1.2976074225233336
cn,midpoint,critical,191,664,-0.002019479929147836,0.0020573307963301923,0.021526983301875968,-0.0014001698045132025,-1.4558980948334346,2.3279751685955623
cn,midpoint,critical,192,661,-0.0025129141352619074,0.0007187010788771546,0.021526983301875968,-0.0014001698045132025,-1.8114208955597175,0.8138012368168052
cn,midpoint,critical,193,848,0.001231594932337772,-0.0009277743227596186,0.021526983301875968,-0.0014001698045132025,0.8865241081764902,-1.0485884143085242
cn,midpoint,critical,195,681,-0.001810159638877453,-0.00012126086830513893,0.021526983301875968,-0.0014001698045132025,-1.3050813599503217,-0.1363110067164208
cn,midpoint,critical,196,856,0.0001126715541382127,0.000438696993022151,0.021526983301875968,-0.0014001698045132025,0.08033197904051781,0.49707818632314876
cn,midpoint,critical,197,889,-0.0007203590600846563,0.0002678259351018004,0.021526983301875968,-0.0014001698045132025,-0.5198724117162594,0.30379956847599215
cn,midpoint,critical,198,541,0.000586499880471273,-0.0007068176875076349,0.021526983301875968,-0.0014001698045132025,0.42172860609647284,-0.7986561344629303
cn,midpoint,critical,199,918,3.176026216279021e-05,-0.0001404456656415756,0.021526983301875968,-0.0014001698045132025,0.022034826599419702,-0.15801164553726038
cn,midpoint,critical,200,616,0.0021859815730143894,0.0018298690003125072,0.021526983301875968,-0.0014001698045132025,1.574166365775996,2.070684659117807
cn,midpoint,critical,201,648,0.0004990406246496819,-8.339489127762428e-05,0.021526983301875968,-0.0014001698045132025,0.3587135998527825,-0.09347938975106126
cn,midpoint,critical,202,996,-9.934800184654285e-06,-0.00020847208410537015,0.021526983301875968,-0.0014001698045132025,-0.008006757787199763,-0.23495886116170692
cn,midpoint,critical,203,1000,0.0007091289072074375,-0.00025773283895671887,0.021526983301875968,-0.0014001698045132025,0.5100836785567324,-0.29067953573150107
cn,midpoint,critical,204,666,0.0005250580095680808,-0.0010085904085836376,0.021526983301875968,-0.0014001698045132025,0.37745930787048854,-1.1400024990458273
cn,midpoint,critical,205,625,-0.0002163341888990547,0.0013258617909538333,0.021526983301875968,-0.0014001698045132025,-0.15671896264592133,1.500583332448107
cn,midpoint,critical,206,601,-0.0068030229502671034,0.0010878923920781519,0.021526983301875968,-0.0014001698045132025,-4.9024743378064075,1.2314072820133393
cn,midpoint,critical,207,918,0.0009137305592440519,0.00021221858376678547,0.021526983301875968,-0.0014001698045132025,0.6575006015506473,0.2409000222393039
cn,midpoint,critical,208,597,0.0002789826134220741,-0.0006506681287798898,0.021526983301875968,-0.0014001698045132025,0.20016026183022845,-0.7351432772493636
cn,midpoint,critical,209,796,-0.0014571206791673084,0.00024878409786976,0.021526983301875968,-0.0014001698045132025,-1.0507143173610043,0.2822606371539021
cn,midpoint,critical,210,996,-0.00019255978995766365,8.194113481799258e-06,0.021526983301875968,-0.0014001698045132025,-0.13958934173092274,0.010120344840326896
cn,midpoint,critical,211,700,-0.0008117303382882378,0.0011353384933570525,0.021526983301875968,-0.0014001698045132025,-0.5857060574796987,1.2850753343390686
cn,midpoint,critical,212,686,0.0007035086018554113,-0.0004116368615337887,0.021526983301875968,-0.0014001698045132025,0.5060342091950009,-0.46476610795065093
cn,midpoint,critical,213,1082,0.0018444682312099593,0.00018668087858097018,0.021526983301875968,-0.0014001698045132025,1.328103611594672,0.21201337273074083
cn,midpoint,critical,214,1084,-0.0006160005583564498,3.6036372706176826e-05,0.021526983301875968,-0.0014001698045132025,-0.444681380461662,0.04161376125692319
cn,midpoint,critical,215,1041,0.0003408879748292709,-0.00017053190143406696,0.021526983301875968,-0.0014001698045132025,0.2447635082098915,-0.1920433074288078
cn,midpoint,critical,216,609,0.0030028177997183485,-0.0012513210808275525,0.021526983301875968,-0.0014001698045132025,2.1627025869259042,-1.4145642031249566
cn,midpoint,critical,217,1225,-0.0003850167557424358,0.0002282591386248529,0.021526983301875968,-0.0014001698045132025,-0.278255933238498,0.25904409128295625
cn,midpoint,critical,218,848,0.0017509732846710084,0.001311384963909806,0.021526983301875968,-0.0014001698045132025,1.260739847924835,1.4842080541772473
cn,midpoint,critical,219,744,-0.001350052993977207,0.0007969298910122629,0.021526983301875968,-0.0014001698045132025,-0.9735713004513394,0.9022887599194397
cn,midpoint,critical,220,732,0.000781691692581403,-0.00041094415616366783,0.021526983301875968,-0.0014001698045132025,0.5623656735319419,-0.4639825631061245
cn,midpoint,critical,221,996,-0.0004980761462350033,-0.0003695604097430176,0.021526983301875968,-0.0014001698045132025,-0.3597160157748754,-0.41717186615796764
cn,midpoint,critical,222,1084,-0.0004434979387661839,0.0008832135753648687,0.021526983301875968,-0.0014001698045132025,-0.3203920351154375,0.999887448997643
cn,midpoint,critical,223,1041,0.00028186914132054264,-0.00034297185333436375,0.021526983301875968,-0.0014001698045132025,0.20224002539368285,-0.3870965596914316
cn,midpoint,critical,224,666,0.00026558043074046203,0.00016720745200298924,0.021526983301875968,-0.0014001698045132025,0.19050389536075332,0.18998625462455643
cn,midpoint,critical,225,632,-0.003342767672369646,0.0016279479317068012,0.021526983301875968,-0.0014001698045132025,-2.4093361800078954,1.8422842177011938
cn,midpoint,critical,226,816,0.00022659409990884172,-6.669640260606067e-05,0.021526983301875968,-0.0014001698045132025,0.1624139709988925,-0.07459110726567596
cn,midpoint,critical,227,1225,-0.0010415585258761705,0.0002261806182929614,0.021526983301875968,-0.0014001698045132025,-0.7512988759844986,0.25669299951935015
cn,midpoint,critical,228,871,-0.0005023547094255634,0.00014447385767051468,0.021526983301875968,-0.0014001698045132025,-0.36279875051386234,0.164271439343628
cn,midpoint,critical,229,1035,0.0001573788180844124,-0.000155662834374466,0.021526983301875968,-0.0014001698045132025,0.11254387577166505,-0.17522435186702984
cn,midpoint,critical,230,538,-0.00023554292149763692,1.1809178634653505e-05,0.021526983301875968,-0.0014001698045132025,-0.17055898899032815,0.014209479680802843
cn,midpoint,critical,231,606,-0.0006616741670656887,0.00044131396755129563,0.021526983301875968,-0.0014001698045132025,-0.47758953536130644,0.5000383436844386
cn,midpoint,critical,232,732,-3.3852791251735154e-05,6.794186898562734e-05,0.021526983301875968,-0.0014001698045132025,-0.025239837834246624,0.07770325644512704
cn,midpoint,critical,233,616,-0.0016366923101148283,0.0005925101075508492,0.021526983301875968,-0.0014001698045132025,-1.1800969348901382,0.6710619290628402
cn,midpoint,critical,234,700,-0.0003292120166714513,0.00035453751623192075,0.021526983301875968,-0.0014001698045132025,-0.23804822797104172,0.40188226753661055
cn,midpoint,critical,235,681,-0.001118973913851063,0.000992410770681439,0.021526983301875968,-0.0014001698045132025,-0.8070772051135151,1.1234044637597966
cn,midpoint,critical,236,996,0.0015381705770125612,-8.01557122907116e-05,0.021526983301875968,-0.0014001698045132025,1.1074140069283607,-0.08981543375307202
cn,midpoint,critical,237,606,-0.0002358561425621665,-0.00045665778614521106,0.021526983301875968,-0.0014001698045132025,-0.17078466696061925,-0.515690952620091
cn,midpoint,critical,238,744,0.0008858564112975628,-0.000124048385833925,0.021526983301875968,-0.0014001698045132025,0.6374170827694147,-0.13946407161661958
cn,midpoint,critical,239,708,0.00013608558653977962,0.0006286251591158182,0.021526983301875968,-0.0014001698045132025,0.09720195334014435,0.7119130090228518
cn,midpoint,critical,240,816,0.0003058894946476286,-0.00021930923360638553,0.021526983301875968,-0.0014001698045132025,0.21954685816584432,-0.24721716460087462
cn,midpoint,critical,241,956,0.000157031363923886,-0.00010253910531294263,0.021526983301875968,-0.0014001698045132025,0.1122935326159946,-0.11513412328844742
cn,midpoint,critical,242,596,-0.000675971496652758,-0.0004290139640694948,0.021526983301875968,-0.0014001698045132025,-0.4878908614443356,-0.48442199585330076
cn,midpoint,critical,243,1041,0.0002475258435360554,-0.00027149564399085984,0.021526983301875968,-0.0014001698045132025,0.17749543885463168,-0.3062471571126399
cn,midpoint,critical,244,961,-0.00011953843104169429,0.000285276298450548,0.021526983301875968,-0.0014001698045132025,-0.08697694130758646,0.3235383244129326
cn,midpoint,critical,245,696,-0.0002238987590077665,-0.00037861738739726676,0.021526983301875968,-0.0014001698045132025,-0.1621692883793542,-0.42741655091728975
cn,midpoint,critical,246,744,0.0005687120581503655,-2.1785940788247946e-06,0.021526983301875968,-0.0014001698045132025,0.40891235555690525,-0.0016126110215411331
cn,midpoint,critical,247,666,-0.000565307007567583,-0.00011459821166467715,0.021526983301875968,-0.0014001698045132025,-0.4081563221420295,-0.12877462763425404
cn,midpoint,critical,248,904,-0.0002784162753261335,-0.00036794051662699854,0.021526983301875968,-0.0014001698045132025,-0.2014495406399077,-0.41533954472018364
cn,midpoint,critical,249,632,0.000679235560766607,-0.0002791260117057173,0.021526983301875968,-0.0014001698045132025,0.48854531312110183,-0.31487815023425253
cn,midpoint,critical,250,996,0.00017947292739749904,-0.0003657212521870066,0.021526983301875968,-0.0014001698045132025,0.12846283624341906,-0.41282925205377474
cn,midpoint,critical,251,721,0.0008564958322553468,-4.309279591508449e-06,0.021526983301875968,-0.0014001698045132025,0.6162625799751335,-0.004022708764076443
cn,midpoint,critical,252,664,-0.00047917684098610497,0.0005799998168224123,0.021526983301875968,-0.0014001698045132025,-0.34609893400264824,0.6569110732638115
cn,midpoint,critical,253,664,-0.0006411599174234034,0.0010334397131333778,0.021526983301875968,-0.0014001698045132025,-0.4628088748451659,1.1698138287239777
cn,midpoint,critical,254,721,0.0017799477970758364,6.871101067051715e-05,0.021526983301875968,-0.0014001698045132025,1.281616187003487,0.07857326125222217
cn,midpoint,critical,255,889,0.001309248412913827,-0.00010258158740754256,0.021526983301875968,-0.0014001698045132025,0.9424739846918626,-0.11518217636793004
cn,midpoint,critical,256,681,-0.000737497416074779,-0.00024877327485180807,0.021526983301875968,-0.0014001698045132025,-0.5322207172166769,-0.2805450390660836
cn,midpoint,critical,257,577,0.0005956153427703649,0.0020090699605788374,0.021526983301875968,-0.0014001698045132025,0.4282963605130339,2.273385539762583
cn,midpoint,critical,258,816,0.0006851602597938156,0.00048310446344625255,0.021526983301875968,-0.0014001698045132025,0.492814100257287,0.5473091301127033
cn,midpoint,critical,259,913,0.0006619142413642198,-0.00010513744034162573,0.021526983301875968,-0.0014001698045132025,0.4760651812009658,-0.11807319681652155
cn,midpoint,critical,260,961,0.00020135624213823977,0.0005817262544437765,0.021526983301875968,-0.0014001698045132025,0.144229917749731,0.6588639111599293
cn,midpoint,critical,261,825,-0.00017952941910942197,0.000876865095991574,0.021526983301875968,-0.0014001698045132025,-0.13020086829096417,0.9927064475241604
cn,midpoint,critical,262,889,-0.00016008061733202572,-0.00025106446390064496,0.021526983301875968,-0.0014001698045132025,-0.1161878704221627,-0.28313668833644834
cn,midpoint,critical,263,796,-9.947711622105768e-05,3.72294715572498e-05,0.021526983301875968,-0.0014001698045132025,-0.07252262350207218,0.04296331980532233
cn,midpoint,critical,264,681,-0.0027895554627289584,0.002638330999421047,0.021526983301875968,-0.0014001698045132025,-2.010742909151507,2.98516613814327
cn,midpoint,critical,265,1041,0.00024593550304150696,-0.00013049091672030777,0.021526983301875968,-0.0014001698045132025,0.1763495873921176,-0.14675145825958233
cn,midpoint,critical,266,1038,-0.0013438699917446596,0.00011442298635295058,0.021526983301875968,-0.0014001698045132025,-0.9691164040469666,0.13027977952684983
cn,midpoint,critical,267,796,0.001011032632176296,-0.0015419796515105829,0.021526983301875968,-0.0014001698045132025,0.7276074264458539,-1.743338938242667
cn,midpoint,critical,268,924,-0.0006160773628298387,-0.0008242929201736184,0.021526983301875968,-0.0014001698045132025,-0.44473671862255393,-0.9315367455933319
cn,midpoint,critical,269,636,0.0004784669192638598,0.0012872618231438346,0.021526983301875968,-0.0014001698045132025,0.3438901010570911,1.4569214711705878
cn,midpoint,critical,270,1000,-0.001257578319095537,1.7768324712241507e-05,0.021526983301875968,-0.0014001698045132025,-0.9069426496549182,0.020950091762472048
cn,midpoint,critical,271,961,0.0002169022612144647,-0.00020165717323188158,0.021526983301875968,-0.0014001698045132025,0.15543093335351346,-0.22725026164572912
cn,midpoint,critical,272,769,-5.725633544378245e-06,0.00030767309187403535,0.021526983301875968,-0.0014001698045132025,-0.00497402374863449,0.348872171641278
cn,midpoint,critical,273,649,0.0021266462458333253,0.0002930694945916649,0.021526983301875968,-0.0014001698045132025,1.5314148470526556,0.33235349883216625
cn,midpoint,critical,274,1082,-6.718776643969276e-05,-0.00040985955719116196,0.021526983301875968,-0.0014001698045132025,-0.04925792088182535,-0.4627557328115401
cn,midpoint,critical,275,582,0.001445160250903979,-0.00012126487200224867,0.021526983301875968,-0.0014001698045132025,1.040399415672108,-0.13631553544734262
cn,midpoint,critical,276,648,0.0005316653211541594,-0.0011721791169169917,0.021526983301875968,-0.0014001698045132025,0.3822199221352621,-1.325043780038017
cn,midpoint,critical,277,1041,0.0003355265743830334,5.4918953962559925e-05,0.021526983301875968,-0.0014001698045132025,0.24090058164573505,0.0629725522133271
cn,midpoint,critical,278,600,0.001743745322648857,-0.0004504093265547208,0.021526983301875968,-0.0014001698045132025,1.2555320506748315,-0.5086230872482577
cn,midpoint,critical,279,786,-0.0016106335437351196,0.0009458768469354213,0.021526983301875968,-0.0014001698045132025,-1.1613214112397892,1.0707682094163153
cn,midpoint,critical,280,636,-0.0004279129124278684,-0.000546958895250795,0.021526983301875968,-0.0014001698045132025,-0.30916291450617456,-0.6178339004686856
cn,midpoint,critical,281,721,-0.0005739199268518097,0.0007838717238330825,0.021526983301875968,-0.0014001698045132025,-0.4143619907973756,0.8875181806608646
cn,midpoint,critical,282,616,-0.0010381796440423127,0.0008120362423913736,0.021526983301875968,-0.0014001698045132025,-0.7488643679629396,0.9193761166128652
cn,midpoint,critical,283,777,0.0009848668322101316,9.828996027246473e-05,0.021526983301875968,-0.0014001698045132025,0.708754784346972,0.11203111283935303
cn,midpoint,critical,284,796,-0.00028213747681620285,-8.819435671106584e-06,0.021526983301875968,-0.0014001698045132025,-0.20413069237082446,-0.009124314290192037
cn,midpoint,critical,285,576,0.0004056567313981685,-0.0015454059915974388,0.021526983301875968,-0.0014001698045132025,0.2914298508541832,-1.7472145991317716
cn,midpoint,critical,286,825,0.0007027760612114548,-0.0005582458960471636,0.021526983301875968,-0.0014001698045132025,0.5055064085314914,-0.6306010474631097
cn,midpoint,critical,287,996,-0.00013796265771783695,-2.4988378603328035e-05,0.021526983301875968,-0.0014001698045132025,-0.1002517256414554,-0.027413607866439725
cn,midpoint,critical,288,825,-4.986215024435636e-05,-9.659981106676882e-05,0.021526983301875968,-0.0014001698045132025,-0.036774693092281575,-0.10841596635268864
cn,midpoint,critical,289,1041,0.0006745707934128903,-0.0005498586418911273,0.021526983301875968,-0.0014001698045132025,0.4851843155782065,-0.6211139118970203
cn,midpoint,critical,290,681,-0.0011719162605259986,-8.902523608165635e-05,0.021526983301875968,-0.0014001698045132025,-0.8452225366160165,-0.09984808246573681
cn,midpoint,critical,291,769,0.0005027762796775172,0.000497905992728879,0.021526983301875968,-0.0014001698045132025,0.361405165458869,0.5640516911794451
cn,midpoint,critical,292,769,0.0006629542916300676,-0.0008634843516229652,0.021526983301875968,-0.0014001698045132025,0.4768145447003517,-0.9758676334228686
cn,midpoint,critical,293,913,0.0011113975808737069,-0.0003084077829683654,0.021526983301875968,-0.0014001698045132025,0.7999210747773283,-0.34799985233314945
cn,midpoint,critical,294,708,-0.0005289590609573527,0.0005131549607021505,0.021526983301875968,-0.0014001698045132025,-0.3819673720866881,0.5813003668143986
cn,midpoint,critical,295,796,0.0017259381624390967,0.000206654047849123,0.021526983301875968,-0.0014001698045132025,1.242701867050934,0.23460576840710726
cn,midpoint,critical,296,796,0.0019001482012073918,-0.0010152097303085788,0.021526983301875968,-0.0014001698045132025,1.3682214198709517,-1.147489860391004
cn,midpoint,critical,297,1225,0.00030245259651194914,5.388665439227231e-05,0.021526983301875968,-0.0014001698045132025,0.2170705489925698,0.06180487972052607
cn,midpoint,critical,298,961,-0.00019056957152871132,-0.00025619727674909575,0.021526983301875968,-0.0014001698045132025,-0.1381553754165675,-0.28894260412517797
cn,midpoint,critical,299,825,-0.0003984706050988267,8.053512068972369e-05,0.021526983301875968,-0.0014001698045132025,-0.28794952590894174,0.09194795249367421
cn,midpoint,critical,300,808,0.00048245435810045575,-0.0001557998110297105,0.021526983301875968,-0.0014001698045132025,0.3467630786604793,-0.17537929126358537
cn,midpoint,critical,301,732,-8.877768294983032e-05,-0.00028630089686941746,0.021526983301875968,-0.0014001698045132025,-0.0648136069084975,-0.3229939300774279
cn,midpoint,critical,302,744,0.000982971155108748,0.0005509248428802543,0.021526983301875968,-0.0014001698045132025,0.7073889357211458,0.6240232873164575
cn,midpoint,critical,303,816,0.00033025681660307435,-0.00022262706024891326,0.021526983301875968,-0.0014001698045132025,0.23710368426435036,-0.25097008189142683
cn,midpoint,critical,304,913,-0.0006880042118615828,0.00051580508187162,0.021526983301875968,-0.0014001698045132025,-0.49656051701011567,0.5842980175751337
cn,midpoint,critical,305,686,0.000797848779972507,0.000674545614698452,0.021526983301875968,-0.0014001698045132025,0.5740069681355363,0.7638553466776019
cn,midpoint,critical,306,796,0.0005995767569479948,0.00015000548868039512,0.021526983301875968,-0.0014001698045132025,0.43115058716740207,0.17052847320906198
cn,midpoint,critical,307,522,-0.001245529826291867,-0.0008672482577891887,0.021526983301875968,-0.0014001698045132025,-0.8982616262215712,-0.9801251278772728
cn,midpoint,critical,308,841,-0.0011812304971728985,0.00026481077503228106,0.021526983301875968,-0.0014001698045132025,-0.8519335093420697,0.3003890086192358
cn,midpoint,critical,309,856,-0.0010425266717874263,-0.0001458472491550598,0.021526983301875968,-0.0014001698045132025,-0.7519964318928982,-0.16412157783579434
cn,midpoint,critical,310,588,0.006017287513621544,-0.003290727662914935,0.021526983301875968,-0.0014001698045132025,4.334649124300057,-3.721412947503787
cn,midpoint,critical,311,1041,-0.0007008793697718084,0.0004994561230278311,0.021526983301875968,-0.0014001698045132025,-0.5058371584413713,0.565805101296471
cn,midpoint,critical,312,1081,2.8601732276291314e-05,-0.0006587196870126119,0.021526983301875968,-0.0014001698045132025,0.019759083698924155,-0.7442506946533209
cn,midpoint,critical,314,681,-0.0008413920396374182,0.002117221906749722,0.021526983301875968,-0.0014001698045132025,-0.6070775210047251,2.3957202342848847
cn,midpoint,critical,315,1041,-0.0002934732380294215,-0.0005324265774737052,0.021526983301875968,-0.0014001698045132025,-0.2122981877024233,-0.6013958545628607
cn,midpoint,critical,316,889,-0.0005837390463084499,2.1701791860808534e-05,0.021526983301875968,-0.0014001698045132025,-0.4214367351232355,0.025399382959443596
cn,midpoint,critical,317,1041,0.0009231793948134108,-0.00033133778398022743,0.021526983301875968,-0.0014001698045132025,0.6643085537428469,-0.37393683052446175
cn,midpoint,critical,318,1035,-3.940026435606328e-05,0.0004000477123554235,0.021526983301875968,-0.0014001698045132025,-0.029236831051511585,0.4533605454366857
cn,midpoint,critical,319,721,-0.0013683685214051847,0.0001148931411889694,0.021526983301875968,-0.0014001698045132025,-0.9867677662157505,0.13081158917317526
cn,midpoint,critical,320,918,0.0002389781692119057,-0.00039726589148610754,0.021526983301875968,-0.0014001698045132025,0.17133677964989197,-0.4485105684710894
cn,midpoint,critical,321,769,-0.0003153795641416997,-0.0010275842501180576,0.021526983301875968,-0.0014001698045132025,-0.2280818490630627,-1.1614871406466996
cn,midpoint,critical,322,825,-0.0018560796318314587,-0.0006112463670266595,0.021526983301875968,-0.0014001698045132025,-1.3381670364236005,-0.690551854234262
cn,midpoint,critical,323,820,5.647438914158434e-05,-0.00014411210336075513,0.021526983301875968,-0.0014001698045132025,0.0398415281457139,-0.16215888980092044
cn,midpoint,critical,324,889,6.049969428812904e-05,-0.0003789889341980139,0.021526983301875968,-0.0014001698045132025,0.04274178869057498,-0.42783682134218176
cn,midpoint,critical,325,447,0.0023455980726364255,-0.0011039868433945547,0.021526983301875968,-0.0014001698045132025,1.689171171451412,-1.2479089595793316
cn,midpoint,critical,326,848,-0.0004211891437874843,0.00041262209909217963,0.021526983301875968,-0.0014001698045132025,-0.3043183921182956,0.46758390261803306
cn,midpoint,critical,327,889,-0.0013938809061148985,-0.001305642949170835,0.021526983301875968,-0.0014001698045132025,-1.005149618046888,-1.4760096916708223
cn,midpoint,critical,328,1128,-0.0004443934579660726,-0.0003376969881885767,0.021526983301875968,-0.0014001698045132025,-0.3210372629697362,-0.38112996325833
cn,midpoint,critical,329,924,0.0001709393935411148,-0.0005628407334077821,0.021526983301875968,-0.0014001698045132025,0.12231436534472152,-0.6357984391402116
cn,midpoint,competent,0,1000,-0.00020605917810928576,-0.000209823949386595,-0.07420889536675558,0.01894705880010612,-0.17999379059239337,-0.2605158386077843
cn,midpoint,competent,2,681,0.00010686080048161184,-1.6410818142183897e-05,-0.07420889536675558,0.01894705880010612,0.09358711164468558,-0.019863492711729793
cn,midpoint,competent,3,786,-0.00046537868610220523,-0.00043733029528561507,-0.07420889536675558,0.01894705880010612,-0.4067126638450646,-0.5435883244032412
cn,midpoint,competent,4,1082,-0.00015387513415617005,-0.0006608833531316638,-0.07420889536675558,0.01894705880010612,-0.13437012063254866,-0.8217419712458859
cn,midpoint,competent,5,700,0.0006242402831135169,-0.00017743777760260288,-0.07420889536675558,0.01894705880010612,0.5459236684052293,-0.22021966965449083
cn,midpoint,competent,6,825,0.0003735150745972776,-0.00037644077773407725,-0.07420889536675558,0.01894705880010612,0.32671865289827834,-0.46782715376824596
cn,midpoint,competent,7,825,0.0009897582315125941,-0.0007656407029747528,-0.07420889536675558,0.01894705880010612,0.8654901293169533,-0.9520852515981164
cn,midpoint,competent,8,825,0.0013147591266459285,-0.001057882515003477,-0.07420889536675558,0.01894705880010612,1.1496331824988646,-1.3157041909179799
cn,midpoint,competent,9,732,0.000632265758979289,0.00023419556994735621,-0.07420889536675558,0.01894705880010612,0.5529402128206,0.2919509885608678
cn,midpoint,competent,10,541,-0.004433424341560008,-0.0010679415706579508,-0.07420889536675558,0.01894705880010612,-3.8759111324967717,-1.3282200698822115
cn,midpoint,competent,11,889,-0.00030834701672008413,-8.497413440057902e-05,-0.07420889536675558,0.01894705880010612,-0.269422402025377,-0.1051727103115698
cn,midpoint,competent,12,816,0.0005484644858397836,-0.0009265972111305552,-0.07420889536675558,0.01894705880010612,0.47967410812072997,-1.1523537702127262
cn,midpoint,competent,13,1084,-0.0008477520689882112,0.0005612610663965206,-0.07420889536675558,0.01894705880010612,-0.7410155599160172,0.6988989474493804
cn,midpoint,competent,15,758,-0.00022099530171280912,0.00018661090265659208,-0.07420889536675558,0.01894705880010612,-0.1930522031289693,0.23274424422800832
cn,midpoint,competent,16,1000,-8.304169894458868e-05,-0.00011755220337699226,-0.07420889536675558,0.01894705880010612,-0.07244158797381671,-0.14570764541910464
cn,midpoint,competent,17,700,-0.0002325800351593993,0.001557861749031976,-0.07420889536675558,0.01894705880010612,-0.20318054917694645,1.9389093368926873
cn,midpoint,competent,18,758,0.0006710069593233586,-0.0007055484180413241,-0.07420889536675558,0.01894705880010612,0.5868110209153897,-0.8773160296407442
cn,midpoint,competent,19,856,-0.0005314865626715043,-0.0014333546881646064,-0.07420889536675558,0.01894705880010612,-0.46450971661954144,-1.782881671105362
cn,midpoint,competent,20,744,-0.0005375864380001011,-0.000884575602961752,-0.07420889536675558,0.01894705880010612,-0.46984273946917215,-1.1000688063166177
cn,midpoint,competent,21,686,6.118269662613862e-05,0.00038936665837716045,-0.07420889536675558,0.01894705880010612,0.05365148042825526,0.4850210567905582
cn,midpoint,competent,22,786,-0.0006138549891134548,-0.0007543736327377502,-0.07420889536675558,0.01894705880010612,-0.5365231065069866,-0.938066312622955
cn,midpoint,competent,23,652,-0.0003180571563171086,-4.38447766790348e-05,-0.07420889536675558,0.01894705880010612,-0.2779118208338673,-0.05399792007263855
cn,midpoint,competent,24,996,0.00019342003413612419,-0.0003030489088862408,-0.07420889536675558,0.01894705880010612,0.16926445684580932,-0.37651005810730814
cn,midpoint,competent,25,1041,0.00023785384102188722,-0.0002891681497698556,-0.07420889536675558,0.01894705880010612,0.2081122192430064,-0.35923906299604597
cn,midpoint,competent,26,961,0.0005157717453698335,-0.00036160389419819666,-0.07420889536675558,0.01894705880010612,0.4510913711710228,-0.4493665104514061
cn,midpoint,competent,27,636,0.000244773572439308,0.0006659195453156755,-0.07420889536675558,0.01894705880010612,0.2141620290791857,0.8291192086475724
cn,midpoint,competent,28,649,0.0010736742395828502,-0.0005390511469774706,-0.07420889536675558,0.01894705880010612,0.9388565449206341,-0.670153472429596
cn,midpoint,competent,29,604,-0.002887291550949647,0.001255909788217397,-0.07420889536675558,0.01894705880010612,-2.5241521117455816,1.563208642475427
cn,midpoint,competent,30,924,0.0001869738493068679,-8.116687381643992e-05,-0.07420889536675558,0.01894705880010612,0.16362866117205171,-0.1004355645701421
cn,midpoint,competent,31,918,-0.00013992999851181187,-0.00031620454409429094,-0.07420889536675558,0.01894705880010612,-0.12217811292316001,-0.39287882507881894
cn,midpoint,competent,32,961,0.0003861781400683606,-4.7919033841669484e-05,-0.07420889536675558,0.01894705880010612,0.3377897672843473,-0.059067273625127356
cn,midpoint,competent,33,648,0.0010969636516286463,0.0004046520778875698,-0.07420889536675558,0.01894705880010612,0.9592181031335405,0.5040397864885793
cn,midpoint,competent,34,1038,0.0017598869476977835,0.0010323856729134856,-0.07420889536675558,0.01894705880010612,1.538801274106723,1.2850910071001358
cn,midpoint,competent,35,606,-0.0023696527858368815,-0.0013958157311108783,-0.07420889536675558,0.01894705880010612,-2.071588868484011,-1.7361742008351295
cn,midpoint,competent,36,732,0.000898453352903783,-7.22557280062111e-05,-0.07420889536675558,0.01894705880010612,0.7856637430921779,-0.08934796089992683
cn,midpoint,competent,37,856,0.0005709168403039283,-0.00039184635983214103,-0.07420889536675558,0.01894705880010612,0.49930384035868974,-0.48699539455903473
cn,midpoint,competent,38,918,0.00012288538530097481,0.0012159809562807614,-0.07420889536675558,0.01894705880010612,0.10759714830836392,1.5135275943862045
cn,midpoint,competent,39,606,-0.0005851367416161435,0.001359528503411516,-0.07420889536675558,0.01894705880010612,-0.5114152048116019,1.6921351881022015
cn,midpoint,competent,40,649,7.40004735994837e-05,6.637350731491035e-05,-0.07420889536675558,0.01894705880010612,0.06485785659136357,0.0831400727467963
cn,midpoint,competent,41,918,0.0005096210723289363,-0.0001568986770489507,-0.07420889536675558,0.01894705880010612,0.4457139366988894,-0.1946641000867489
cn,midpoint,competent,42,796,0.001122099272848745,9.662556881231618e-05,-0.07420889536675558,0.01894705880010612,0.9811937723210754,0.1207808964111554
cn,midpoint,competent,43,1000,0.00015289412793731416,-0.0006113279484936118,-0.07420889536675558,0.01894705880010612,0.13383330913906402,-0.7600831567628851
cn,midpoint,competent,44,578,0.003589391134028161,5.42931955223383e-05,-0.07420889536675558,0.01894705880010612,3.1383073465430225,0.06810926613437172
cn,midpoint,competent,45,993,-0.000149152955260079,-0.0007897480834214016,-0.07420889536675558,0.01894705880010612,-0.13024159560600676,-0.9820806175826705
cn,midpoint,competent,46,856,0.00024153950279923175,-0.00014197486007000437,-0.07420889536675558,0.01894705880010612,0.2113345340307269,-0.17609529070653998
cn,midpoint,competent,47,596,0.0016797063462219153,-0.00045583298532802727,-0.07420889536675558,0.01894705880010612,1.4687006643838836,-0.5666101106462201
cn,midpoint,competent,48,1041,7.497034125945878e-05,0.00014723236796593264,-0.07420889536675558,0.01894705880010612,0.06570579628080554,0.1837478979598684
cn,midpoint,competent,49,636,0.001114926566150476,0.0009434202310278986,-0.07420889536675558,0.01894705880010612,0.974922790267354,1.1743966496090166
cn,midpoint,competent,50,889,-0.001204051722943189,0.0003349218392277309,-0.07420889536675558,0.01894705880010612,-1.0525226143224096,0.41727863741139176
cn,midpoint,competent,51,648,5.321463334939658e-05,0.0010121650405622608,-0.07420889536675558,0.01894705880010612,0.046685130915675326,1.2599316883945475
cn,midpoint,competent,52,585,0.0006736851679824685,-0.0005706343379837421,-0.07420889536675558,0.01894705880010612,0.5891525356522814,-0.7094505406154048
cn,midpoint,competent,53,996,-0.00042046259794534246,9.51362139668191e-05,-0.07420889536675558,0.01894705880010612,-0.3674432506927011,0.11892778160382823
cn,midpoint,competent,54,918,-0.0009573844022622846,0.00011202232448332891,-0.07420889536675558,0.01894705880010612,-0.8368653448563693,0.13993815500873918
cn,midpoint,competent,55,471,-0.0012976459841152754,8.671306698787573e-05,-0.07420889536675558,0.01894705880010612,-1.1343505708849024,0.10844736557794603
cn,midpoint,competent,56,570,0.0011249111408339202,-3.0156786646067663e-05,-0.07420889536675558,0.01894705880010612,0.9836521432560981,-0.0369667759572333
cn,midpoint,competent,57,1129,-0.0002862963734714674,0.00037015225111499545,-0.07420889536675558,0.01894705880010612,-0.2501438794394113,0.46111372354543856
cn,midpoint,competent,58,889,3.722242260310871e-05,0.00032429499572900894,-0.07420889536675558,0.01894705880010612,0.032703398383170885,0.40405629412485455
cn,midpoint,competent,59,587,5.524348896940312e-05,-0.0009145808851292701,-0.07420889536675558,0.01894705880010612,0.04845892673890661,-1.1374025772784326
cn,midpoint,competent,60,796,0.0003822737422488065,-0.0002161077840608719,-0.07420889536675558,0.01894705880010612,0.3343762150944995,-0.2683344367859853
cn,midpoint,competent,61,577,-0.001489238173640564,0.00022143412965616727,-0.07420889536675558,0.01894705880010612,-1.3018565393690464,0.2760726946553407
cn,midpoint,competent,62,636,-0.00043065920500183485,-0.0006309743715174586,-0.07420889536675558,0.01894705880010612,-0.3763579801734902,-0.7845280212802812
cn,midpoint,competent,63,601,0.004410265612001418,-0.00042842380374414485,-0.07420889536675558,0.01894705880010612,3.8559846943384426,-0.532506511760181
cn,midpoint,competent,64,616,0.00013841719985613343,0.0013883687946831605,-0.07420889536675558,0.01894705880010612,0.12117636385897784,1.7280194308430743
cn,midpoint,competent,65,568,0.0005335809094997312,0.0007176138037625311,-0.07420889536675558,0.01894705880010612,0.46666163681109396,0.8934392704993822
cn,midpoint,competent,66,856,-0.0006435921374793735,0.00043470746486751546,-0.07420889536675558,0.01894705880010612,-0.5625218168371507,0.541435899860001
cn,midpoint,competent,67,1176,0.0005802434030061088,2.880743720625606e-05,-0.07420889536675558,0.01894705880010612,0.5074579040599693,0.03639886733029726
cn,midpoint,competent,68,618,-0.00020741905406305994,0.0020590116626929104,-0.07420889536675558,0.01894705880010612,-0.1811827082576679,2.562460083381075
cn,midpoint,competent,69,1225,-0.00019047656263616874,-0.0004172626609598544,-0.07420889536675558,0.01894705880010612,-0.16637016061662158,-0.518619371954114
cn,midpoint,competent,70,1129,0.00021227939729065448,-0.00011720185440087377,-0.07420889536675558,0.01894705880010612,0.18575289459486907,-0.14527172722449844
cn,midpoint,competent,71,1129,-1.4233408200739484e-05,-8.100951751809429e-05,-0.07420889536675558,0.01894705880010612,-0.012283606537596923,-0.10023977557642305
cn,midpoint,competent,72,588,-0.0019189622020475972,0.0012362324708939214,-0.07420889536675558,0.01894705880010612,-1.6775573429225592,1.5387253380360222
cn,midpoint,competent,73,841,5.811821132964412e-05,8.639651295545142e-05,-0.07420889536675558,0.01894705880010612,0.05097225024268981,0.10805349640259257
cn,midpoint,competent,74,924,0.0002623166169485325,0.0005836093205808975,-0.07420889536675558,0.01894705880010612,0.2294996306169051,0.7267055382508879
cn,midpoint,competent,75,816,-0.0012862194563987434,0.0001114892866330916,-0.07420889536675558,0.01894705880010612,-1.1243605415611029,0.13927492801745026
cn,midpoint,competent,76,721,0.0012911502306165723,-0.0007658975767120511,-0.07420889536675558,0.01894705880010612,1.1289923045797947,-0.9524048641656924
cn,midpoint,competent,77,841,-0.0007530088787203459,-0.0006258662198199913,-0.07420889536675558,0.01894705880010612,-0.6581831131319504,-0.7781722548373348
cn,midpoint,competent,78,744,0.00012953788089532792,0.0003936978239868459,-0.07420889536675558,0.01894705880010612,0.11341331816439834,0.4904100660978838
cn,midpoint,competent,79,889,0.0005213925805159642,-0.00026923561512569305,-0.07420889536675558,0.01894705880010612,0.4560055768971287,-0.3344382069687967
cn,midpoint,competent,80,578,0.0008512873601166371,-0.0019554881661721507,-0.07420889536675558,0.01894705880010612,0.7444272745236916,-2.4325410067716544
cn,midpoint,competent,81,616,0.0010910533922662835,-3.672000118521215e-05,-0.07420889536675558,0.01894705880010612,0.9540508584721688,-0.04513298972618522
cn,midpoint,competent,82,796,0.0005259096181337852,-0.00016424998695776377,-0.07420889536675558,0.01894705880010612,0.45995475020490884,-0.2038108936037268
cn,midpoint,competent,83,796,0.0009619779692887354,-0.00017673150841795993,-0.07420889536675558,0.01894705880010612,0.8412022930534782,-0.21934090131531517
cn,midpoint,competent,84,681,0.00026766077915110764,-0.0002544473179126386,-0.07420889536675558,0.01894705880010612,0.23417194564027172,-0.31603801669612885
cn,midpoint,competent,85,616,-0.003452123784356123,0.0009188985501351402,-0.07420889536675558,0.01894705880010612,-3.0179758449689325,1.1438857944556529
cn,midpoint,competent,86,1084,0.0007454215952038823,-0.00010409958024824861,-0.07420889536675558,0.01894705880010612,0.6518705396955995,-0.12896935421023809
cn,midpoint,competent,87,1084,0.0005509698405472968,0.00014169333672208947,-0.07420889536675558,0.01894705880010612,0.4818644994290506,0.17685601396912765
cn,midpoint,competent,88,1035,-0.00039243672883298997,-0.00013472176126754984,-0.07420889536675558,0.01894705880010612,-0.3429406842785581,-0.16707069537220956
cn,midpoint,competent,89,871,0.00029273419869592365,-5.6664276515877576e-05,-0.07420889536675558,0.01894705880010612,0.25609323290396424,-0.06994845398469136
cn,midpoint,competent,90,996,0.0009691453568007741,-0.0003800093351182983,-0.07420889536675558,0.01894705880010612,0.8474686246282668,-0.472267295450727
cn,midpoint,competent,91,786,0.00026383544089064737,0.0003610719354035785,-0.07420889536675558,0.01894705880010612,0.23082751395083026,0.4498156319248241
cn,midpoint,competent,92,924,-4.581567122492747e-05,-0.0001688248748290752,-0.07420889536675558,0.01894705880010612,-0.03989547092463296,-0.20950315188711738
cn,midpoint,competent,93,578,-0.0010591531243209495,0.0014849972365541773,-0.07420889536675558,0.01894705880010612,-0.9258401010406777,1.8482483990983654
cn,midpoint,competent,94,918,-0.0001344016355627059,-0.0003773605972275003,-0.07420889536675558,0.01894705880010612,-0.11734475415098718,-0.46897162993420727
cn,midpoint,competent,95,961,0.0002163709435901301,-0.0005792636063726257,-0.07420889536675558,0.01894705880010612,0.18933006768939606,-0.7201874211353075
cn,midpoint,competent,96,636,0.0005858520379513898,-0.0011334669726884954,-0.07420889536675558,0.01894705880010612,0.5123614433467799,-1.4097493932170682
cn,midpoint,competent,97,1128,-0.0006931583195782798,-0.0001743742210902656,-0.07420889536675558,0.01894705880010612,-0.6058567323006168,-0.21640787023458768
cn,midpoint,competent,98,1038,-0.0005613681786117014,0.0010263890642982255,-0.07420889536675558,0.01894705880010612,-0.49063473262533897,1.277629787060948
cn,midpoint,competent,99,856,-0.0007828463426106796,-0.0016711936641972333,-0.07420889536675558,0.01894705880010612,-0.6842695277109818,-2.0788104281629107
cn,midpoint,competent,100,700,-0.002105524022614269,-0.0013291398251565056,-0.07420889536675558,0.01894705880010612,-1.8406653407674332,-1.6532133745487905
cn,midpoint,competent,101,596,-0.0006031248956257923,-0.00030249175663404557,-0.07420889536675558,0.01894705880010612,-0.5271419584234992,-0.3758168270135898
cn,midpoint,competent,102,906,0.00022168308487646726,0.0004709273228990854,-0.07420889536675558,0.01894705880010612,0.19397438734092895,0.5865020944210345
cn,midpoint,competent,103,606,-2.5555900254339847e-05,-0.00021505688252169627,-0.07420889536675558,0.01894705880010612,-0.022182679155283245,-0.26702686310119345
cn,midpoint,competent,104,506,0.0019554581272514526,-0.0004150900377701515,-0.07420889536675558,0.01894705880010612,1.709786009548664,-0.5159161073723031
cn,midpoint,competent,105,783,-0.0005041547676457453,1.3761832254943068e-05,-0.07420889536675558,0.01894705880010612,-0.4406139680112947,0.01767852448871788
cn,midpoint,competent,106,721,0.004067667888218274,-5.4648997619703016e-05,-0.07420889536675558,0.01894705880010612,3.5564570170101124,-0.06744096345972612
cn,midpoint,competent,107,649,0.00019332543954984904,-0.00011619539799311365,-0.07420889536675558,0.01894705880010612,0.169181754321105,-0.14401945394806034
cn,midpoint,competent,108,609,0.00027678674035215567,-0.0024248054436435927,-0.07420889536675558,0.01894705880010612,0.24215062667689352,-3.0164843154104553
cn,midpoint,competent,109,649,4.966607900350195e-05,9.723414103518166e-05,-0.07420889536675558,0.01894705880010612,0.043582686949141705,0.12153810628691447
cn,midpoint,competent,110,664,-0.0007121219612109819,0.0004852886310546811,-0.07420889536675558,0.01894705880010612,-0.6224363390452472,0.6043710078476668
cn,midpoint,competent,111,708,0.00019125817529466738,-0.00040769003784896576,-0.07420889536675558,0.01894705880010612,0.16737437844615496,-0.5067087317964764
cn,midpoint,competent,112,648,9.289608638968216e-05,-0.0010722778423966524,-0.07420889536675558,0.01894705880010612,0.08137798681361254,-1.333615432439279
cn,midpoint,competent,113,529,-0.000291813299132207,1.1995114830267578e-05,-0.07420889536675558,0.01894705880010612,-0.2549672387743973,0.015480304078096828
cn,midpoint,competent,114,1225,0.0008279678560424442,-6.762697969598525e-05,-0.07420889536675558,0.01894705880010612,0.7240394073345542,-0.08358868730639496
cn,midpoint,competent,115,601,0.0012736480051149385,0.0005532683144341584,-0.07420889536675558,0.01894705880010612,1.1136903904436128,0.6889540460999621
cn,midpoint,competent,116,961,0.0003579629088873437,-6.849334700737356e-05,-0.07420889536675558,0.01894705880010612,0.313121644660505,-0.08466665613173695
cn,midpoint,competent,117,924,0.0006785353016417195,-0.00024112367628672735,-0.07420889536675558,0.01894705880010612,0.5933929294693955,-0.29946020942666246
cn,midpoint,competent,118,619,-0.00042182134158195994,-0.00014233616790377407,-0.07420889536675558,0.01894705880010612,-0.36863117839130516,-0.17654484434970716
cn,midpoint,competent,119,681,0.0006569122904569319,-0.0006950008758151091,-0.07420889536675558,0.01894705880010612,0.5744882787160137,-0.8641923561660163
cn,midpoint,competent,120,681,-0.0013885417256388338,0.0013696322312237476,-0.07420889536675558,0.01894705880010612,-1.21381925513927,1.704706649950033
cn,midpoint,competent,121,909,0.0006345105385026362,7.030351199127302e-05,-0.07420889536675558,0.01894705880010612,0.5549027874381942,0.08802994159212306
cn,midpoint,competent,122,702,7.060736333171225e-05,-5.9610142152919515e-05,-0.07420889536675558,0.01894705880010612,0.06189131488115712,-0.07361381771510356
cn,midpoint,competent,123,1041,0.0014755223586253724,0.0003246376090142479,-0.07420889536675558,0.01894705880010612,1.2901858894546117,0.4044825872637817
cn,midpoint,competent,124,876,-0.00031847749662788916,-1.4598973623797251e-05,-0.07420889536675558,0.01894705880010612,-0.27827931760408886,-0.017609123368018276
cn,midpoint,competent,125,947,0.0004956786638243282,0.0005068159986232994,-0.07420889536675558,0.01894705880010612,0.43352431328390323,0.6311562187225583
cn,midpoint,competent,126,577,0.002173138897868812,-4.918041018708158e-05,-0.07420889536675558,0.01894705880010612,1.900100804702789,-0.060636728473555515
cn,midpoint,competent,127,796,-0.00042949898562349986,0.00019571949380742248,-0.07420889536675558,0.01894705880010612,-0.37534361903954416,0.24407751728011254
cn,midpoint,competent,128,708,0.00011887592776990696,0.00029607026980949316,-0.07420889536675558,0.01894705880010612,0.10409174410320494,0.36893796239058707
cn,midpoint,competent,129,1036,-4.5273633737727415e-05,-0.0001013799970829149,-0.07420889536675558,0.01894705880010612,-0.03942157627123858,-0.12558554017245213
cn,midpoint,competent,130,786,0.0013445189045999673,-0.0004895947359851195,-0.07420889536675558,0.01894705880010612,1.1756516775138002,-0.6086178297959596
cn,midpoint,competent,131,541,0.00013379415334792422,-0.0028772130535817605,-0.07420889536675558,0.01894705880010612,0.11713450868406941,-3.5793879400628446
cn,midpoint,competent,132,961,-0.00015132070559543964,-0.00025994279312450963,-0.07420889536675558,0.01894705880010612,-0.13213682484398404,-0.3228757065315681
cn,midpoint,competent,133,604,-0.00026738483576876915,-0.0011191082272365219,-0.07420889536675558,0.01894705880010612,-0.2336098263224039,-1.3918836684086777
cn,midpoint,competent,134,616,-0.002139874498051572,0.0012621648161742147,-0.07420889536675558,0.01894705880010612,-1.8706974087252806,1.570991398184766
cn,midpoint,competent,135,561,0.00028853825833953517,0.0027034574088960657,-0.07420889536675558,0.01894705880010612,0.2524247897652329,3.364305230236915
cn,midpoint,competent,136,949,-0.0004047983157629692,-0.00024408060732944437,-0.07420889536675558,0.01894705880010612,-0.3537482208270864,-0.3031393411769442
cn,midpoint,competent,137,632,-0.001681391903219434,0.0005406939164359012,-0.07420889536675558,0.01894705880010612,-1.4698534532865655,0.6733084776887497
cn,midpoint,competent,139,825,-0.0006615867568000033,0.0008855421493493276,-0.07420889536675558,0.01894705880010612,-0.5782542229664086,1.1023824278118912
cn,midpoint,competent,140,739,-0.00029027103391129905,0.00024644011608550287,-0.07420889536675558,0.01894705880010612,-0.25361886110760573,0.3071861421081925
cn,midpoint,competent,141,1176,0.001364457481828521,0.0009591423976392996,-0.07420889536675558,0.01894705880010612,1.1930836547626638,1.1939587975007286
cn,midpoint,competent,142,1176,0.00011431904977037,0.00044622225866617835,-0.07420889536675558,0.01894705880010612,0.100107738990743,0.5557630663886057
cn,midpoint,competent,143,996,-0.0001480618069340245,0.0002561747801537971,-0.07420889536675558,0.01894705880010612,-0.12928762218168047,0.3192984000995316
cn,midpoint,competent,144,856,-0.00036194681843410015,-0.0009024778240818813,-0.07420889536675558,0.01894705880010612,-0.3162838462152993,-1.1223434651341975
cn,midpoint,competent,145,664,-0.001317423268907908,0.0014931358699013068,-0.07420889536675558,0.01894705880010612,-1.1516415327523193,1.8583748118955377
cn,midpoint,competent,146,744,0.00011255403347375237,-0.0001647834381298674,-0.07420889536675558,0.01894705880010612,0.09856461364263892,-0.20447463486659645
cn,midpoint,competent,147,816,-0.00033165707945742584,0.000546273920082968,-0.07420889536675558,0.01894705880010612,-0.2898020148056214,0.6802513411806719
cn,midpoint,competent,148,758,0.00011307085008398221,-9.273056482246231e-05,-0.07420889536675558,0.01894705880010612,0.09901645808911526,-0.114823570957877
cn,midpoint,competent,149,871,9.024916422675777e-05,-0.0006104657543161487,-0.07420889536675558,0.01894705880010612,0.07906382535691979,-0.7590103803175143
cn,midpoint,competent,150,456,4.844402477914567e-05,-0.0004803965105566292,-0.07420889536675558,0.01894705880010612,0.042514264604274044,-0.5971730301941699
cn,midpoint,competent,151,582,0.0007196343282948603,-0.00020803424282662963,-0.07420889536675558,0.01894705880010612,0.6293251471675565,-0.2582890141964833
cn,midpoint,competent,152,535,0.00016721009069879667,0.000922155474409065,-0.07420889536675558,0.01894705880010612,0.1463495250301536,1.1479381897707122
cn,midpoint,competent,153,816,0.0006260528257744924,-0.0009129455895572312,-0.07420889536675558,0.01894705880010612,0.5475083452889676,-1.1353678771879445
cn,midpoint,competent,154,1176,0.0006988039842112104,0.0003689732491673897,-0.07420889536675558,0.01894705880010612,0.6111135125062741,0.45964676221410683
cn,midpoint,competent,155,1225,0.0011067520343233106,-0.0005514305762389683,-0.07420889536675558,0.01894705880010612,0.9677759286233252,-0.6855564529483749
cn,midpoint,competent,156,1081,-0.000287472913995071,0.00013365669903618246,-0.07420889536675558,0.01894705880010612,-0.25117250988805,0.16685650824898
cn,midpoint,competent,158,882,-0.0002148586902083749,3.420683500064692e-05,-0.07420889536675558,0.01894705880010612,-0.18768706243190808,0.043117013804044965
cn,midpoint,competent,160,409,-0.00018687727855425107,-0.0002609192912708426,-0.07420889536675558,0.01894705880010612,-0.1632233644581508,-0.3240907045421283
cn,midpoint,competent,161,732,0.00033891129569987855,-0.0009204746807131604,-0.07420889536675558,0.01894705880010612,0.2964651258010532,-1.1447358732359996
cn,midpoint,competent,162,601,0.002409048519733073,0.00010462142961106466,-0.07420889536675558,0.01894705880010612,2.106352791190398,0.13072966589902194
cn,midpoint,competent,164,732,0.0004764480583055314,-0.000490203959734075,-0.07420889536675558,0.01894705880010612,0.4167113043092476,-0.6093758503265122
cn,midpoint,competent,165,711,9.23659442643443e-06,-0.000577363842469595,-0.07420889536675558,0.01894705880010612,0.00823583911481189,-0.717823658980321
cn,midpoint,competent,166,1038,-0.00039743647115390857,5.957823681631766e-05,-0.07420889536675558,0.01894705880010612,-0.34731187854128714,0.07468512568108698
cn,midpoint,competent,167,721,-0.00021667659089169566,0.0013672027740324055,-0.07420889536675558,0.01894705880010612,-0.18927642374836948,1.7016838222413408
cn,midpoint,competent,168,616,0.00015119411337408128,-0.0002127942338938163,-0.07420889536675558,0.01894705880010612,0.13234701376054658,-0.2642115852721524
cn,midpoint,competent,169,1225,0.00034670387315452467,-0.0003644990692503458,-0.07420889536675558,0.01894705880010612,0.30327805088303267,-0.45296880293070513
cn,midpoint,competent,170,882,0.000317658543987423,0.0004877706961986354,-0.07420889536675558,0.01894705880010612,0.2778841869466641,0.6074592924729988
cn,midpoint,competent,171,744,-0.00011979459842914597,-0.0006886147530270094,-0.07420889536675558,0.01894705880010612,-0.10457405661992807,-0.8562464870295802
cn,midpoint,competent,172,769,0.00023297340933484123,-0.00011088944506975132,-0.07420889536675558,0.01894705880010612,0.20384533634770216,-0.13741757531652318
cn,midpoint,competent,173,625,-0.007046527028486876,-0.0030200159520318848,-0.07420889536675558,0.01894705880010612,-6.160504765497817,-3.7570690121372694
cn,midpoint,competent,174,1176,0.0007778512872540083,-5.8959628548346105e-05,-0.07420889536675558,0.01894705880010612,0.6802232976444401,-0.07280442269641652
cn,midpoint,competent,175,1000,7.164042240020985e-05,0.0006634802319390176,-0.07420889536675558,0.01894705880010612,0.06279450180228774,0.8260841174792972
cn,midpoint,competent,176,924,-0.00043210955336746293,2.8425927884351276e-05,-0.07420889536675558,0.01894705880010612,-0.3776259964127005,0.035924178188423125
cn,midpoint,competent,177,588,0.002225501663533788,0.000634987630905956,-0.07420889536675558,0.01894705880010612,1.945880728179588,0.7906324848255564
cn,midpoint,competent,178,700,-0.0004519720883327666,0.00018193483006719371,-0.07420889536675558,0.01894705880010612,-0.39499149113436405,0.22692608787544438
cn,midpoint,competent,179,561,0.0016957741426543022,-0.00015945914835187314,-0.07420889536675558,0.01894705880010612,1.4827484802655315,-0.19784994078786014
cn,midpoint,competent,180,650,5.885020547974351e-05,-0.0003443250396998193,-0.07420889536675558,0.01894705880010612,0.05161222094995573,-0.427867469291804
cn,midpoint,competent,181,664,-0.003919411648312193,-0.003717083545679449,-0.07420889536675558,0.01894705880010612,-3.4265181055213487,-4.624388364138357
cn,midpoint,competent,182,856,-0.0005505747576397962,-0.00036259105349993256,-0.07420889536675558,0.01894705880010612,-0.4811982183413503,-0.450594773497495
cn,midpoint,competent,183,795,0.0004545079795101603,-0.000565700415171573,-0.07420889536675558,0.01894705880010612,0.39752944644571514,-0.7033115567130238
cn,midpoint,competent,184,786,0.00024662149726857596,0.0001429646113987916,-0.07420889536675558,0.01894705880010612,0.21577764002334465,0.1784377847168439
cn,midpoint,competent,185,649,0.00026941466983229634,0.00048364886318497807,-0.07420889536675558,0.01894705880010612,0.2357053440418232,0.6023307431457302
cn,midpoint,competent,186,961,-5.254212031982619e-05,-0.00039879497645567766,-0.07420889536675558,0.01894705880010612,-0.04577629713624419,-0.4956411410004865
cn,midpoint,competent,187,796,0.0004693817202179318,0.00013138706009035994,-0.07420889536675558,0.01894705880010612,0.4105333186203084,0.1640325327870501
cn,midpoint,competent,188,604,0.0021567153984369397,-0.00026134269862235215,-0.07420889536675558,0.01894705880010612,1.885742003412137,-0.32461752488651147
cn,midpoint,competent,189,924,0.00014271147104592818,-0.000601117909634942,-0.07420889536675558,0.01894705880010612,0.1249307760631621,-0.7473794184633182
cn,midpoint,competent,190,601,0.000386431046375757,0.0005314179206836848,-0.07420889536675558,0.01894705880010612,0.3380108791995102,0.6617669131427943
cn,midpoint,competent,191,664,-0.0014351600125645653,-2.824692836482859e-05,-0.07420889536675558,0.01894705880010612,-1.2545768732859932,-0.03459045397354962
cn,midpoint,competent,192,606,-0.0025642901255138323,0.0006344106980587308,-0.07420889536675558,0.01894705880010612,-2.241757162747706,0.7899146419251497
cn,midpoint,competent,193,731,0.00045825981856670306,0.00040375107823546405,-0.07420889536675558,0.01894705880010612,0.40080961896381184,0.5029187267211492
cn,midpoint,competent,194,777,-0.001009785658678819,0.0007369904943799847,-0.07420889536675558,0.01894705880010612,-0.8826789201779197,0.9175485231793344
cn,midpoint,competent,195,681,-0.0004021310445852244,0.00019887664061392363,-0.07420889536675558,0.01894705880010612,-0.35141626855416236,0.24800576548350173
cn,midpoint,competent,196,856,0.0008571103264742308,-6.415863020654139e-06,-0.07420889536675558,0.01894705880010612,0.7495182003155835,-0.007427370191783646
cn,midpoint,competent,197,889,-0.00016830816557911188,-0.0003527054244264402,-0.07420889536675558,0.01894705880010612,-0.1469886877706566,-0.43829467881474105
cn,midpoint,competent,198,596,-0.0024712946303065975,-0.0014461424121634293,-0.07420889536675558,0.01894705880010612,-2.1604526976338274,-1.7987926682501174
cn,midpoint,competent,199,876,-2.9243938371115163e-05,0.00033845922005975096,-0.07420889536675558,0.01894705880010612,-0.02540707153833155,0.4216799879819361
cn,midpoint,competent,200,616,-0.0035775902041352836,0.0009175250372174502,-0.07420889536675558,0.01894705880010612,-3.127669116962008,1.1421768148034754
cn,midpoint,competent,201,664,0.000564919404065764,-0.001363015866635866,-0.07420889536675558,0.01894705880010612,0.494060378357526,-1.695363298906192
cn,midpoint,competent,202,996,0.0003418523622504832,0.00015123709541523672,-0.07420889536675558,0.01894705880010612,0.2990364529629589,0.18873073986490685
cn,midpoint,competent,203,1000,-7.524293744261279e-05,-0.0003318175405097566,-0.07420889536675558,0.01894705880010612,-0.06562325627876135,-0.4123051390507514
cn,midpoint,competent,204,666,-0.0008584937399390424,0.00017699440729970414,-0.07420889536675558,0.01894705880010612,-0.7504068299892656,0.22077901646894182
cn,midpoint,competent,205,625,-0.0029325498014421275,0.0024287824055111706,-0.07420889536675558,0.01894705880010612,-2.5637206719224057,3.022543616129901
cn,midpoint,competent,206,601,-0.0007077867259298598,0.00011524905154891227,-0.07420889536675558,0.01894705880010612,-0.618646112595149,0.14395297775062252
cn,midpoint,competent,207,790,-0.00017259975764222224,-2.6383280048888208e-05,-0.07420889536675558,0.01894705880010612,-0.15074075765748923,-0.032271628275052776
cn,midpoint,competent,208,582,0.0004479955859502116,-0.0003835006567738039,-0.07420889536675558,0.01894705880010612,0.391835765544046,-0.4766113373535148
cn,midpoint,competent,209,796,-0.00014235851382668474,-0.0004649288666849806,-0.07420889536675558,0.01894705880010612,-0.12430132478688091,-0.5779275696649508
cn,midpoint,competent,210,996,0.0016865249432033713,-1.134965653030659e-05,-0.07420889536675558,0.01894705880010612,1.4746620540100046,-0.013566193210807076
cn,midpoint,competent,211,570,-0.0004016191515874151,0.0009900104494027645,-0.07420889536675558,0.01894705880010612,-0.3509687287428018,1.232366060866583
cn,midpoint,competent,212,686,0.0014765864179276667,-0.001885393724993096,-0.07420889536675558,0.01894705880010612,1.2911161793813408,-2.3453267023680078
cn,midpoint,competent,213,1036,-0.00010682718324649121,-0.00026510405876406865,-0.07420889536675558,0.01894705880010612,-0.09323685417817679,-0.32929755946348205
cn,midpoint,competent,214,1084,-8.253492955212494e-05,-0.0005814330105171836,-0.07420889536675558,0.01894705880010612,-0.07199852764816833,-0.7228866804525291
cn,midpoint,competent,215,1041,-0.0004898075953362474,0.0010485277330459022,-0.07420889536675558,0.01894705880010612,-0.42807046611455307,1.305175603287932
cn,midpoint,competent,216,609,0.0019390651094581823,0.001299530911373338,-0.07420889536675558,0.01894705880010612,1.6954538578641765,1.617483786828643
cn,midpoint,competent,217,1225,-0.00022941750667457295,-0.00028024357337012515,-0.07420889536675558,0.01894705880010612,-0.20041560140938827,-0.348134748449741
cn,midpoint,competent,218,808,-7.237827566017319e-05,0.0003471768002020273,-0.07420889536675558,0.01894705880010612,-0.06311872857626999,0.43252674951398845
cn,midpoint,competent,219,744,-0.00015634863617111638,0.00026800621022439464,-0.07420889536675558,0.01894705880010612,-0.13653266364428443,0.3340195381291745
cn,midpoint,competent,220,685,-0.0012597449885768247,0.00015327038831518605,-0.07420889536675558,0.01894705880010612,-1.1012143403323338,0.19126064413313495
cn,midpoint,competent,221,996,0.0004929239463377921,4.662905520318866e-05,-0.07420889536675558,0.01894705880010612,0.43111590811025946,0.05857323652142272
cn,midpoint,competent,222,1084,1.0159213152977076e-05,-0.0005553136467177505,-0.07420889536675558,0.01894705880010612,0.009042469822013734,-0.6903879243897725
cn,midpoint,competent,223,1041,0.0014203985983465839,0.0004518833293948553,-0.07420889536675558,0.01894705880010612,1.2419920728127933,0.562806796782578
cn,midpoint,competent,224,739,-0.00014191047858179429,-0.0003221593741915378,-0.07420889536675558,0.01894705880010612,-0.12390961478139292,-0.40028806261659494
cn,midpoint,competent,225,632,-4.9422482299249504e-05,0.0001913682366989737,-0.07420889536675558,0.01894705880010612,-0.04304884781144965,0.23866350932725108
cn,midpoint,competent,226,816,0.0006378121848995694,8.219018058412686e-06,-0.07420889536675558,0.01894705880010612,0.557789363757828,0.010781933597092286
cn,midpoint,competent,227,1225,-5.8172313002563536e-05,-0.00041753058345146005,-0.07420889536675558,0.01894705880010612,-0.05069868400603764,-0.5189527318232624
cn,midpoint,competent,228,751,-0.0003274123584600247,-0.0005660592059696448,-0.07420889536675558,0.01894705880010612,-0.28609092353735854,-0.7037579785598052
cn,midpoint,competent,229,1035,-0.00016185252211198264,-0.0003529510748143984,-0.07420889536675558,0.01894705880010612,-0.14134462256200106,-0.43860032684262856
cn,midpoint,competent,230,538,-0.0002376364161259803,-0.00013308975615170665,-0.07420889536675558,0.01894705880010612,-0.20760126169623289,-0.16504008939879342
cn,midpoint,competent,231,606,0.001522020236962282,0.00047666757829495365,-0.07420889536675558,0.01894705880010612,1.3308382363095648,0.5936443495418233
cn,midpoint,competent,232,732,-0.0002063037186313954,0.00033235051548717934,-0.07420889536675558,0.01894705880010612,-0.18020758843608986,0.4140792936737631
cn,midpoint,competent,233,616,0.00017534748952591217,0.000738205907835545,-0.07420889536675558,0.01894705880010612,0.15346392188972813,0.919060789163719
cn,midpoint,competent,234,633,-0.0002659004712620705,0.00010073562184330365,-0.07420889536675558,0.01894705880010612,-0.23231207031839296,0.125894788613306
cn,midpoint,competent,235,681,0.001449770687042412,-0.0009530978429831659,-0.07420889536675558,0.01894705880010612,1.267671617347397,-1.1853269152211663
cn,midpoint,competent,236,1041,0.0005894979821284979,-7.081096888271465e-05,-0.07420889536675558,0.01894705880010612,0.5155490336756905,-0.08755033387177646
cn,midpoint,competent,237,606,-0.0016294876169427736,0.001350635296073599,-0.07420889536675558,0.01894705880010612,-1.4244743709617993,1.681069904195985
cn,midpoint,competent,238,744,0.0005134461786841099,-0.0003874323805603992,-0.07420889536675558,0.01894705880010612,0.44905816563727025,-0.4815033451844817
cn,midpoint,competent,239,708,-0.000786164902021047,0.0009333177235140953,-0.07420889536675558,0.01894705880010612,-0.6871708908061219,1.1618267061052479
cn,midpoint,competent,240,816,-0.0005962736737966517,0.0003567800892036281,-0.07420889536675558,0.01894705880010612,-0.5211520454179984,0.4444755453981345
cn,midpoint,competent,241,913,0.0006013369210225161,-0.0005533774212929873,-0.07420889536675558,0.01894705880010612,0.5258996274560563,-0.6879787953525923
cn,midpoint,competent,242,596,-0.00041461369377179813,-0.0006287712108581991,-0.07420889536675558,0.01894705880010612,-0.3623296478856766,-0.7817867607586949
cn,midpoint,competent,243,1041,-0.00022543621535288383,0.0002640179029908783,-0.07420889536675558,0.01894705880010612,-0.19693482246788016,0.3290571269127042
cn,midpoint,competent,244,961,-0.0002141015689462733,-0.0009189044495492224,-0.07420889536675558,0.01894705880010612,-0.18702512349492692,-1.1427821288817797
cn,midpoint,competent,245,696,0.0008049358980671134,0.00018985690890577223,-0.07420889536675558,0.01894705880010612,0.703902937072886,0.23678305490044052
cn,midpoint,competent,246,744,0.0008311378818218612,0.000602409654466448,-0.07420889536675558,0.01894705880010612,0.7268109098661376,0.7500976648561365
cn,midpoint,competent,247,700,0.0003746458839402472,0.0009800413357929569,-0.07420889536675558,0.01894705880010612,0.32770730131152714,1.2199620913880431
cn,midpoint,competent,248,862,0.00047341288492906697,0.00014613042996117556,-0.07420889536675558,0.01894705880010612,0.4140577010637204,0.1823768226653906
cn,midpoint,competent,249,632,0.0010780202054400945,-6.799470959772264e-05,-0.07420889536675558,0.01894705880010612,0.9426561529407754,-0.08404623154312726
cn,midpoint,competent,250,996,-0.0003328978616484596,0.0008577712374194038,-0.07420889536675558,0.01894705880010612,-0.29088681071041245,1.0678287495760346
cn,midpoint,competent,251,721,0.0009226052622694214,-0.0002689119083602587,-0.07420889536675558,0.01894705880010612,0.8067793688337926,-0.33403543807723807
cn,midpoint,competent,252,664,-0.0012035379027363902,0.001039901140592256,-0.07420889536675558,0.01894705880010612,-1.0520733895832393,1.2944420522735711
cn,midpoint,competent,253,664,-0.00035387310679375894,-0.0007161052982877988,-0.07420889536675558,0.01894705880010612,-0.30922513003836166,-0.8904513218533885
cn,midpoint,competent,254,721,-0.0006651257061291993,0.0007392038476032557,-0.07420889536675558,0.01894705880010612,-0.5813482694213923,0.9203024656963172
cn,midpoint,competent,255,889,-0.0005151077210250182,-0.00020782820759283546,-0.07420889536675558,0.01894705880010612,-0.4501899589120857,-0.258032656926267
cn,midpoint,competent,256,681,0.00045827334288148225,0.0007405186705706363,-0.07420889536675558,0.01894705880010612,0.40082144305461004,0.921938420967308
cn,midpoint,competent,257,606,0.0009048007890458537,-0.0033369703387972384,-0.07420889536675558,0.01894705880010612,0.7912132043776468,-4.151436324358382
cn,midpoint,competent,258,856,-0.000473896162498294,-0.0006203675469906716,-0.07420889536675558,0.01894705880010612,-0.41415935640754703,-0.7713305863985022
cn,midpoint,competent,259,913,-0.0005172841403727618,0.0008453508526341143,-0.07420889536675558,0.01894705880010612,-0.4520927673281005,1.0523748105581379
cn,midpoint,competent,260,871,0.00021104107878541778,9.96248583647226e-05,-0.07420889536675558,0.01894705880010612,0.18467025265092837,0.12451273231166636
cn,midpoint,competent,261,825,0.00035712773338095194,0.00023272100917845484,-0.07420889536675558,0.01894705880010612,0.3123914641536743,0.29011628113475213
cn,midpoint,competent,262,889,-0.00025830286368298816,0.00031095749119956426,-0.07420889536675558,0.01894705880010612,-0.22566960426145236,0.38746123807690663
cn,midpoint,competent,263,796,-0.0009131507896289193,-0.0001951292078425787,-0.07420889536675558,0.01894705880010612,-0.7981926090728141,-0.24223205403663764
cn,midpoint,competent,264,587,0.0008034105322392848,0.00033949361614255685,-0.07420889536675558,0.01894705880010612,0.7025693342735436,0.4229670249184219
cn,midpoint,competent,265,1041,-0.00029075448450793795,0.0008168917531551113,-0.07420889536675558,0.01894705880010612,-0.25404153418527603,1.0169648618765426
cn,midpoint,competent,266,1038,-0.0004270886287998099,0.00034818955783895086,-0.07420889536675558,0.01894705880010612,-0.37323628285248495,0.4337868630315232
cn,midpoint,competent,267,758,-8.722544847378222e-07,-0.0005311745664353176,-0.07420889536675558,0.01894705880010612,-0.0006021648315978935,-0.6603531162029393
cn,midpoint,competent,268,924,-0.0004974921254575354,-8.362562283807315e-05,-0.07420889536675558,0.01894705880010612,-0.43478892715151524,-0.10349483834446484
cn,midpoint,competent,269,636,0.001693806817276669,-0.001816275516667687,-0.07420889536675558,0.01894705880010612,1.4810284793431538,-2.2593270658871596
cn,midpoint,competent,270,1000,0.0006564276718412781,-0.00036806114309624605,-0.07420889536675558,0.01894705880010612,0.5740645844581128,-0.4574008775357516
cn,midpoint,competent,272,732,-0.0001333254976996906,0.0003990318087096767,-0.07420889536675558,0.01894705880010612,-0.11640390413296992,0.49704682301435626
cn,midpoint,competent,273,649,0.0014621959513250876,0.0012752186293019975,-0.07420889536675558,0.01894705880010612,1.2785348259807858,1.5872334740556122
cn,midpoint,competent,274,991,-0.00048339777245869076,0.0001348320004096841,-0.07420889536675558,0.01894705880010612,-0.4224664611100838,0.16831886517815148
cn,midpoint,competent,275,507,-0.00017598974930141398,0.0003459726634364689,-0.07420889536675558,0.01894705880010612,-0.1537045728183945,0.431028514437875
cn,midpoint,competent,276,585,0.001418771278930503,-0.0009075064767515399,-0.07420889536675558,0.01894705880010612,1.240569333631728,-1.1286003157102866
cn,midpoint,competent,277,1041,0.0006172009733819012,-0.0003735847788648716,-0.07420889536675558,0.01894705880010612,0.5397693131730266,-0.46427360586108607
cn,midpoint,competent,278,600,0.0009735413737564647,0.0003203655179362941,-0.07420889536675558,0.01894705880010612,0.8513119915184316,0.39916708084921454
cn,midpoint,competent,279,786,-0.0003464980497585868,-7.529320958237981e-05,-0.07420889536675558,0.01894705880010612,-0.3027772363410079,-0.0931273168424007
cn,midpoint,competent,280,636,0.00014671512522428098,0.0014029080964115918,-0.07420889536675558,0.01894705880010612,0.12843110649042128,1.7461098109849276
cn,midpoint,competent,281,721,-0.0002667584930712008,0.00022749854070511916,-0.07420889536675558,0.01894705880010612,-0.23306222498009915,0.28361827719163707
cn,midpoint,competent,282,616,-0.00019046079067196187,5.373914011525677e-06,-0.07420889536675558,0.01894705880010612,-0.1663563714420946,0.007241941463174017
cn,midpoint,competent,283,816,-0.0007565566723161943,-0.00027115800731870865,-0.07420889536675558,0.01894705880010612,-0.6612848919869595,-0.33683012414631686
cn,midpoint,competent,284,721,0.0009025842243482879,-0.0003714531263273209,-0.07420889536675558,0.01894705880010612,0.7892752975282419,-0.4616213186017034
cn,midpoint,competent,285,553,0.0018195432174155923,0.0003184475664979383,-0.07420889536675558,0.01894705880010612,1.590957790820646,0.39678068903607666
cn,midpoint,competent,286,825,0.00026743168194459654,-0.00028893491795401946,-0.07420889536675558,0.01894705880010612,0.23397164963891207,-0.3589488666517882
cn,midpoint,competent,287,996,-0.00037452718487310244,-0.00031451724230612335,-0.07420889536675558,0.01894705880010612,-0.3272826581682905,-0.3907794167762667
cn,midpoint,competent,288,825,0.0004983219277232415,-0.0006971625963833362,-0.07420889536675558,0.01894705880010612,0.43583527637923436,-0.8668820552705627
cn,midpoint,competent,289,1041,0.00031029888299520525,-7.522621965406345e-05,-0.07420889536675558,0.01894705880010612,0.2714497537619351,-0.09304396529694453
cn,midpoint,competent,290,681,-0.0012268895245891864,3.5781334151718802e-06,-0.07420889536675558,0.01894705880010612,-1.0724893368294177,0.005007559493104731
cn,midpoint,competent,291,769,0.0006948756959071767,-0.0003195414113402427,-0.07420889536675558,0.01894705880010612,0.607679073250256,-0.3970306886338701
cn,midpoint,competent,292,769,0.001572364320880884,-0.0010667916711637332,-0.07420889536675558,0.01894705880010612,1.3748532588171465,-1.326789318986201
cn,midpoint,competent,293,871,6.509070640851877e-05,0.0004984027541344652,-0.07420889536675558,0.01894705880010612,0.05706819049908355,0.6206881237705332
cn,midpoint,competent,294,708,-0.001480203474761771,0.0012042102155512234,-0.07420889536675558,0.01894705880010612,-1.293957647512314,1.498881968459607
cn,midpoint,competent,295,721,-0.00046961244753078446,-0.00047384640984428003,-0.07420889536675558,0.01894705880010612,-0.4104141733386516,-0.5890231331724919
cn,midpoint,competent,297,1225,0.0014092032861326848,0.00042894813125201464,-0.07420889536675558,0.01894705880010612,1.232204191482568,0.5342699068560574
cn,midpoint,competent,298,961,4.6078093121487695e-06,0.00010414525426342969,-0.07420889536675558,0.01894705880010612,0.004188966768947976,0.13013718950546507
cn,midpoint,competent,299,825,4.3845468783845765e-05,0.0013481816870210828,-0.07420889536675558,0.01894705880010612,0.03849382109073715,1.6780170257766098
cn,midpoint,competent,300,889,0.00011279131151581412,0.00031876734080913197,-0.07420889536675558,0.01894705880010612,0.09877206201688661,0.3971785650109442
cn,midpoint,competent,301,732,-0.0011653410423975996,0.0007916400260322698,-0.07420889536675558,0.01894705880010612,-1.0186784891963516,0.9855456540340324
cn,midpoint,competent,302,744,0.0001932288587393194,7.026062837693289e-05,-0.07420889536675558,0.01894705880010612,0.1690973152724943,0.08797658408570633
cn,midpoint,competent,303,816,0.000411767847492292,0.00019143172518017518,-0.07420889536675558,0.01894705880010612,0.36016243673341036,0.2387425042323033
cn,midpoint,competent,304,913,-0.00044912569302212046,2.3780936281515147e-05,-0.07420889536675558,0.01894705880010612,-0.3925029335142447,0.030144694041209674
cn,midpoint,competent,305,686,0.0005714082554975908,0.0001720867555354208,-0.07420889536675558,0.01894705880010612,0.49973347675538315,0.21467272005402444
cn,midpoint,competent,306,796,0.0006102350782430793,-0.0006639280857278912,-0.07420889536675558,0.01894705880010612,0.5336791431380246,-0.825530349197238
cn,midpoint,competent,307,445,-0.00310511559211607,0.0020005102366901784,-0.07420889536675558,0.01894705880010612,-2.7145921660354553,2.4896702716695254
cn,midpoint,competent,308,801,-0.000469492306030328,-0.00010507690933871452,-0.07420889536675558,0.01894705880010612,-0.41030913555794163,-0.13018538611468963
cn,midpoint,competent,309,856,6.654964457786239e-05,0.0005971671815977915,-0.07420889536675558,0.01894705880010612,0.058343716665467955,0.743574770645069
cn,midpoint,competent,310,561,-0.004244329458953838,0.0018311035837870436,-0.07420889536675558,0.01894705880010612,-3.7105885192690486,2.278887745326883
cn,midpoint,competent,311,1041,-0.0002746088670969038,-0.00014753111187334675,-0.07420889536675558,0.01894705880010612,-0.2399256806741768,-0.18300860120547313
cn,midpoint,competent,312,1081,-0.00011041304343645253,0.0005902018522234397,-0.07420889536675558,0.01894705880010612,-0.0963719140439075,0.7349082295312794
cn,midpoint,competent,314,681,-0.000169185892674395,0.002113221484299873,-0.07420889536675558,0.01894705880010612,-0.1477560704469779,2.6299101094283586
cn,midpoint,competent,315,952,-0.0007495912304772423,0.00016452918104083517,-0.07420889536675558,0.01894705880010612,-0.6551951182647399,0.20526928389793472
cn,midpoint,competent,316,889,0.0004896472341627267,-0.0005778119309765399,-0.07420889536675558,0.01894705880010612,0.42825113137960014,-0.7183811886044553
cn,midpoint,competent,317,1041,-0.0004639639899144121,0.0006200542248975781,-0.07420889536675558,0.01894705880010612,-0.40547581773127334,0.7720517443917901
cn,midpoint,competent,318,1035,0.0008831763288379563,-0.0005388917233449704,-0.07420889536675558,0.01894705880010612,0.7723072867666755,-0.6699551111761196
cn,midpoint,competent,319,796,0.00010675205329462034,0.0011042961697653106,-0.07420889536675558,0.01894705880010612,0.09349203572889762,1.3745649205340387
cn,midpoint,competent,320,961,-0.0002653858157951189,0.00024358223259456774,-0.07420889536675558,0.01894705880010612,-0.23186211532471088,0.303630249279375
cn,midpoint,competent,321,769,-0.0003177597313050867,0.00011512387061217086,-0.07420889536675558,0.01894705880010612,-0.27765178693157944,0.14379722262740796
cn,midpoint,competent,322,825,-2.486763823390803e-05,0.0001528425305616643,-0.07420889536675558,0.01894705880010612,-0.021580942745313,0.19072828642074824
cn,midpoint,competent,323,821,-0.0004509605246051235,0.0003615859884327985,-0.07420889536675558,0.01894705880010612,-0.39410709724387133,0.45045523724324704
cn,midpoint,competent,324,889,0.0006446149282270525,-0.0008282015258615667,-0.07420889536675558,0.01894705880010612,0.5637368927893739,-1.0299259271098231
cn,midpoint,competent,325,484,-0.004552489895791559,0.002617390347518546,-0.07420889536675558,0.01894705880010612,-3.980008230734823,3.257217153581425
cn,midpoint,competent,326,848,-0.00012694139316146713,-0.0010399075468866328,-0.07420889536675558,0.01894705880010612,-0.11082238425875818,-1.2933390173804136
cn,midpoint,competent,327,731,-0.0005353007040280883,-0.00036627596129468545,-0.07420889536675558,0.01894705880010612,-0.46784435903608784,-0.45517968300964873
cn,midpoint,competent,328,1128,-0.0007694640462284352,-9.954954715295922e-06,-0.07420889536675558,0.01894705880010612,-0.6725696013120832,-0.011830849485961088
cn,midpoint,competent,329,924,0.0009971346109453744,-0.0007756708633477952,-0.07420889536675558,0.01894705880010612,0.8719391791652578,-0.9645651778986531
cn,midpoint,practical,0,1000,0.0003969571828793539,-0.0005091123633773238,-0.0402190663661229,0.022731131358148533,0.33674043654911995,-0.6535877192300781
cn,midpoint,practical,2,681,-0.0027701907699540784,0.0016359535910696055,-0.0402190663661229,0.022731131358148533,-2.3521318501564408,2.1016618582395297
cn,midpoint,practical,3,826,-0.0011773739585385912,-0.0005975975535510297,-0.0402190663661229,0.022731131358148533,-0.9998486458993683,-0.7672433307664053
cn,midpoint,practical,4,1082,-0.0002567153963559249,-0.00043805791386524254,-0.0402190663661229,0.022731131358148533,-0.21822008599692744,-0.5623211819053672
cn,midpoint,practical,5,700,0.0013451805029541866,0.00016588002067517704,-0.0402190663661229,0.022731131358148533,1.1417711597510956,0.21341241990334478
cn,midpoint,practical,6,825,0.0003605435681709804,-8.32105002423339e-05,-0.0402190663661229,0.022731131358148533,0.3058256953036013,-0.1065341771170763
cn,midpoint,practical,7,825,0.0010771937879506185,0.00019207433561833215,-0.0402190663661229,0.022731131358148533,0.9142535123567893,0.2470579472259964
cn,midpoint,practical,8,825,0.0012379332938564983,-0.0011493482831632165,-0.0402190663661229,0.022731131358148533,1.0507195092870552,-1.4759446000588397
cn,midpoint,practical,9,732,0.0008024334054803559,0.0001428515393921588,-0.0402190663661229,0.022731131358148533,0.6809850989730825,0.18383327657058784
cn,midpoint,practical,10,367,0.0007932203705818819,-0.00012408674323572538,-0.0402190663661229,0.022731131358148533,0.6731633380121538,-0.15903804116032677
cn,midpoint,practical,11,889,-0.000801155827913673,0.0001870998282440528,-0.0402190663661229,0.022731131358148533,-0.6804437679906798,0.24066839574731633
cn,midpoint,practical,12,816,0.0004853421136534197,-0.0011544860633040145,-0.0402190663661229,0.022731131358148533,0.4117782290552012,-1.482543868735273
cn,midpoint,practical,13,1084,-0.0006213418616202865,-0.0001724172513543655,-0.0402190663661229,0.022731131358148533,-0.5277837729638157,-0.22111660419784815
cn,midpoint,practical,14,609,0.0004900718923928349,0.0019446823197259086,-0.0402190663661229,0.022731131358148533,0.41579375695729515,2.49821129646057
cn,midpoint,practical,15,758,-0.00032023694273496106,0.0004334169943274839,-0.0402190663661229,0.022731131358148533,-0.2721491503194413,0.557052731794395
cn,midpoint,practical,16,1000,0.0005181456802167972,-0.0005306271567586535,-0.0402190663661229,0.022731131358148533,0.43962808083066246,-0.6812225922979034
cn,midpoint,practical,17,666,0.00029568180876014816,0.001327217987800014,-0.0402190663661229,0.022731131358148533,0.2507588054885164,1.7051035898585973
cn,midpoint,practical,18,758,-0.0022108268320580812,0.001663867457328591,-0.0402190663661229,0.022731131358148533,-1.8772382824450053,2.137516078971611
cn,midpoint,practical,19,856,-0.00042659763739370804,-0.0016936523684734847,-0.0402190663661229,0.022731131358148533,-0.3624481601925989,-2.175080958993206
cn,midpoint,practical,20,744,0.0006914158543194493,0.0001791633161872183,-0.0402190663661229,0.022731131358148533,0.5867324713408874,0.23047427027259929
cn,midpoint,practical,21,619,0.0004173534602270046,7.290971402160173e-05,-0.0402190663661229,0.022731131358148533,0.35405664208444837,0.09399585949715014
cn,midpoint,practical,22,786,-0.00047852660813782477,0.00028773301048376845,-0.0402190663661229,0.022731131358148533,-0.4065352607608188,0.36992760676159403
cn,midpoint,practical,23,652,0.00014193740328442145,0.0006783670760604557,-0.0402190663661229,0.022731131358148533,0.12023156859392672,0.8716811038483109
cn,midpoint,practical,24,1000,-0.0004252703055732804,0.00045820718003772645,-0.0402190663661229,0.022731131358148533,-0.36132127070074,0.5888947124859163
cn,midpoint,practical,25,1041,-0.0003780404569592513,-0.0003386247704771188,-0.0402190663661229,0.022731131358148533,-0.3212236709249076,-0.43460337176593955
cn,midpoint,practical,26,961,0.0007429780599986432,-0.00031032346809569886,-0.0402190663661229,0.022731131358148533,0.6305081925755588,-0.3982515051640793
cn,midpoint,practical,27,606,0.0008413955892281749,0.00028321010219083467,-0.0402190663661229,0.022731131358148533,0.7140635461025622,0.3641181158519065
cn,midpoint,practical,28,649,0.002481454073484192,-0.0013215122976893492,-0.0402190663661229,0.022731131358148533,2.1064543887681495,-1.6970822426078789
cn,midpoint,practical,29,578,-0.0026811062011942235,0.001374702334747558,-0.0402190663661229,0.022731131358148533,-2.2765000730248444,1.7660952934434755
cn,midpoint,practical,30,924,-7.694207458219804e-05,-0.0001440415057048193,-0.0402190663661229,0.022731131358148533,-0.06559459770108655,-0.1846691182596103
cn,midpoint,practical,31,918,0.0008927345472758488,0.0008322896813457228,-0.0402190663661229,0.022731131358148533,0.7576497326585868,1.0693884015172068
cn,midpoint,practical,32,961,0.00020601872297980328,0.0003566655104486477,-0.0402190663661229,0.022731131358148533,0.17463587404176048,0.4584685865894738
cn,midpoint,practical,33,648,0.0011124096515700774,0.00039073421549272805,-0.0402190663661229,0.022731131358148533,0.9441513766652918,0.5022284462725956
cn,midpoint,practical,34,1038,0.0012256832976002899,0.0005995248628325178,-0.0402190663661229,0.022731131358148533,1.0403194029654992,0.770411502215454
cn,midpoint,practical,35,606,-0.0019720917293200094,-0.0013470231437045198,-0.0402190663661229,0.022731131358148533,-1.6745549183660027,-1.7298498820170427
cn,midpoint,practical,36,769,-2.9589673558608198e-05,0.00022652555995522627,-0.0402190663661229,0.022731131358148533,-0.02539295233513827,0.2913091373121363
cn,midpoint,practical,37,856,0.0008470008570145363,-0.0004403121837055421,-0.0402190663661229,0.022731131358148533,0.7188223541641895,-0.5652166994124683
cn,midpoint,practical,38,918,-0.00016380163943692516,-0.0006988952420907725,-0.0402190663661229,0.022731131358148533,-0.1393373720366634,-0.897356072973316
cn,midpoint,practical,39,549,0.0009686177946640062,-0.0005714883929087353,-0.0402190663661229,0.022731131358148533,0.8220737393566944,-0.7337071806640576
cn,midpoint,practical,40,649,0.000731155792912358,-0.001060982189644545,-0.0402190663661229,0.022731131358148533,0.6204712234134757,-1.362441963309969
cn,midpoint,practical,41,918,0.00037277444354340966,-0.0004254860899998991,-0.0402190663661229,0.022731131358148533,0.31620956821413354,-0.5461731877976798
cn,midpoint,practical,42,796,0.001374142104677227,0.00040110658205036454,-0.0402190663661229,0.022731131358148533,1.1663592274420975,0.5155513273318197
cn,midpoint,practical,43,1000,-0.0002565230691675552,-0.0003483760966578979,-0.0402190663661229,0.022731131358148533,-0.2180568024198768,-0.447128551834954
cn,midpoint,practical,44,578,0.003289986799585337,0.00028241402636720175,-0.0402190663661229,0.022731131358148533,2.7928893998521436,0.36309558898174144
cn,midpoint,practical,45,993,0.00032201637783182274,-0.00042889331711844225,-0.0402190663661229,0.022731131358148533,0.27311655258896683,-0.5505496318222783
cn,midpoint,practical,46,816,-0.00016547991546411733,0.0003994147986338542,-0.0402190663661229,0.022731131358148533,-0.14076220913494997,0.5133783006545529
cn,midpoint,practical,47,596,0.003001414627068051,-0.001945894317970192,-0.0402190663661229,0.022731131358148533,2.547894935131299,-2.4990754372656023
cn,midpoint,practical,48,1041,0.00046127546013122883,0.0012865456387842929,-0.0402190663661229,0.022731131358148533,0.3913459162446581,1.6528616192991628
cn,midpoint,practical,49,636,0.00014254778055208805,-0.00025824095787789145,-0.0402190663661229,0.022731131358148533,0.12074977189352172,-0.33135364872582834
cn,midpoint,practical,50,889,-0.0009580284285175544,-6.74769026371598e-05,-0.0402190663661229,0.022731131358148533,-0.813626806670588,-0.08632501382125127
cn,midpoint,practical,51,648,0.0018947867136818036,-0.0007170412722693857,-0.0402190663661229,0.022731131358148533,1.6083805290117388,-0.920663907344901
cn,midpoint,practical,52,585,0.001117919983787935,-0.00046518791176780247,-0.0402190663661229,0.022731131358148533,0.9488295855181125,-0.5971685557601504
cn,midpoint,practical,53,1041,-4.687957925419983e-05,-0.0001636141358202295,-0.0402190663661229,0.022731131358148533,-0.04007188396605157,-0.2098093619633789
cn,midpoint,practical,54,918,-0.0006596858926356322,0.001150760744028173,-0.0402190663661229,0.022731131358148533,-0.5603374155132593,1.4784514697520288
cn,midpoint,practical,55,598,-0.000608965761822941,9.580010972279687e-05,-0.0402190663661229,0.022731131358148533,-0.5172766061821651,0.12339763754182165
cn,midpoint,practical,56,469,0.001023748436234255,-0.00016357257309753195,-0.0402190663661229,0.022731131358148533,0.8688790217350942,-0.2097559763442032
cn,midpoint,practical,57,1129,-0.0008105812363564391,0.0006859029503591164,-0.0402190663661229,0.022731131358148533,-0.6884458316549179,0.8813606264915215
cn,midpoint,practical,58,889,-0.0009566654170670499,-0.00024075555857493158,-0.0402190663661229,0.022731131358148533,-0.8124696255820174,-0.30889436772260664
cn,midpoint,practical,59,587,0.00106859620957344,-0.0013826626037498034,-0.0402190663661229,0.022731131358148533,0.9069542669235305,-1.7756273123228306
cn,midpoint,practical,60,796,-4.230237299271411e-06,8.732781742828294e-05,-0.0402190663661229,0.022731131358148533,-0.0038630818081856586,0.11251532424219295
cn,midpoint,practical,61,596,-0.00047921434951057884,-0.0011682675627640617,-0.0402190663661229,0.022731131358148533,-0.40711914529831406,-1.500245641720609
cn,midpoint,practical,62,636,-0.00038972940187897986,-0.0012903171060470002,-0.0402190663661229,0.022731131358148533,-0.3311474510967078,-1.6570132934860666
cn,midpoint,practical,63,601,0.0006282114362756164,-0.00045514401983578687,-0.0402190663661229,0.022731131358148533,0.533072645337693,-0.5842675869370395
cn,midpoint,practical,64,596,0.00017273558011135504,0.001745494648424769,-0.0402190663661229,0.022731131358148533,0.146378867483741,2.2423628708903065
cn,midpoint,practical,65,588,0.0031360537096439545,5.997097126319087e-05,-0.0402190663661229,0.022731131358148533,2.6622019720103074,0.07737657306253275
cn,midpoint,practical,66,856,-0.0015759151453492784,0.0005124362115760707,-0.0402190663661229,0.022731131358148533,-1.3382055424779726,0.6585496878599175
cn,midpoint,practical,67,1176,4.1133032988305285e-05,0.00038208037674282436,-0.0402190663661229,0.022731131358148533,0.034649814377000474,0.4911129439684671
cn,midpoint,practical,68,649,-0.002718862983250997,0.003350429539441667,-0.0402190663661229,0.022731131358148533,-2.308555147943846,4.303836165533445
cn,midpoint,practical,69,1225,-0.0009469878464949677,-0.0002860634308545912,-0.0402190663661229,0.022731131358148533,-0.8042534791621354,-0.36709047852087145
cn,midpoint,practical,70,1036,0.00011467392211374217,-0.00031554462059818836,-0.0402190663661229,0.022731131358148533,0.09708518577547498,-0.40495786223275865
cn,midpoint,practical,71,1036,-0.0009692192937912,-0.0002110518161670301,-0.0402190663661229,0.022731131358148533,-0.8231277229355326,-0.27074112420626073
cn,midpoint,practical,72,588,-0.0024560477818110077,0.0012507980698145682,-0.0402190663661229,0.022731131358148533,-2.0854280562509206,1.6069453274969394
cn,midpoint,practical,73,801,-0.00011264136076539338,-0.0005325231659447406,-0.0402190663661229,0.022731131358148533,-0.0959028822216402,-0.683657938632134
cn,midpoint,practical,74,924,0.00043378585137254094,4.627710482268954e-05,-0.0402190663661229,0.022731131358148533,0.36800755369753213,0.05978736111037875
cn,midpoint,practical,75,816,0.0005134539229627796,-0.0006499053787310007,-0.0402190663661229,0.022731131358148533,0.4356448327335878,-0.8344305950678558
cn,midpoint,practical,76,721,0.001069302702262985,-0.000926144324923512,-0.0402190663661229,0.022731131358148533,0.9075540711139152,-1.1892482351500722
cn,midpoint,practical,77,801,-0.0007849100358826716,0.00023664827872314775,-0.0402190663661229,0.022731131358148533,-0.6666512768856585,0.30431135598533815
cn,midpoint,practical,78,744,-0.0006117105592725949,-0.00039035853444972443,-0.0402190663661229,0.022731131358148533,-0.5196069077357731,-0.5010532779009635
cn,midpoint,practical,79,889,0.0009412821737593349,0.00012432902470440113,-0.0402190663661229,0.022731131358148533,0.7988661107314821,0.16004186322904457
cn,midpoint,practical,80,531,-0.0036352815800899246,-0.0015778933296274923,-0.0402190663661229,0.022731131358148533,-3.0865840258992625,-2.026393203165697
cn,midpoint,practical,81,588,0.0005965965275146132,0.0002042909390200208,-0.0402190663661229,0.022731131358148533,0.5062319504032694,0.26274967516137127
cn,midpoint,practical,82,796,0.0006029018468997893,7.058482700728064e-05,-0.0402190663661229,0.022731131358148533,0.5115850942431269,0.09100963711522606
cn,midpoint,practical,83,796,0.00108963261697409,-0.0003224977239989421,-0.0402190663661229,0.022731131358148533,0.9248139355319551,-0.41388883946789395
cn,midpoint,practical,84,681,0.0001463173319933564,-0.00018758066320006747,-0.0402190663661229,0.022731131358148533,0.12395007783270892,-0.24059338718172615
cn,midpoint,practical,85,616,-0.0012570181829627339,-0.00016232188460500382,-0.0402190663661229,0.022731131358148533,-1.0674656789649208,-0.20814951807496426
cn,midpoint,practical,86,1084,0.0003404708474296428,-0.0005244915745440844,-0.0402190663661229,0.022731131358148533,0.28878418561603636,-0.6733416876249372
cn,midpoint,practical,87,1084,1.7021068435221776e-05,-0.00026072200420692096,-0.0402190663661229,0.022731131358148533,0.014179033020919364,-0.3345404513672901
cn,midpoint,practical,88,1035,-6.304208223464197e-05,-0.000586262436400465,-0.0402190663661229,0.022731131358148533,-0.053793663622422584,-0.7526838359056915
cn,midpoint,practical,89,913,0.0007380060118831466,-0.00020825917682819328,-0.0402190663661229,0.022731131358148533,0.6262869807518533,-0.2671540930744655
cn,midpoint,practical,90,996,0.00032485171246507405,-0.0004811572179691838,-0.0402190663661229,0.022731131358148533,0.275523719173043,-0.6176804771174511
cn,midpoint,practical,91,786,-0.0002621210388858569,0.00037646588705839146,-0.0402190663661229,0.022731131358148533,-0.22280941450542593,0.48390136136016926
cn,midpoint,practical,92,924,-0.0003752823929582677,-0.00013371980158798438,-0.0402190663661229,0.022731131358148533,-0.31888210622137986,-0.17141131103567891
cn,midpoint,practical,93,578,0.00010520285056511008,0.0003587457584812506,-0.0402190663661229,0.022731131358148533,0.08904435465808459,0.4611405801946024
cn,midpoint,practical,94,961,0.00039045829818180194,-0.0006364273570270591,-0.0402190663661229,0.022731131358148533,0.33122295797913115,-0.8171186268610386
cn,midpoint,practical,95,961,0.0001360086532858143,-0.00034858874395025247,-0.0402190663661229,0.022731131358148533,0.11519812784424578,-0.44740168859384727
cn,midpoint,practical,96,636,-0.0007001198921036816,-0.0004057297367877251,-0.0402190663661229,0.022731131358148533,-0.5946654173083884,-0.5207969592824975
cn,midpoint,practical,97,1128,-0.00011007099337109055,0.0002530856781047114,-0.0402190663661229,0.022731131358148533,-0.09372066978441909,0.3254245239076874
cn,midpoint,practical,98,993,0.0007106348113910671,0.0005133734719515726,-0.0402190663661229,0.022731131358148533,0.6030491454650074,0.6597535605185773
cn,midpoint,practical,99,856,0.00017036266642861397,-0.0017648823250050391,-0.0402190663661229,0.022731131358148533,0.14436429098296252,-2.266572927913735
cn,midpoint,practical,100,652,0.0016643298232968187,-0.00031369894273154675,-0.0402190663661229,0.022731131358148533,1.4127252722744743,-0.4025871644219678
cn,midpoint,practical,101,596,-0.002437258518794859,-4.4970773026131033e-05,-0.0402190663661229,0.022731131358148533,-2.069476187451566,-0.05741680986942848
cn,midpoint,practical,102,823,0.00015162595306119492,0.0004667837745718738,-0.0402190663661229,0.022731131358148533,0.12845703623266688,0.5999109977508748
cn,midpoint,practical,103,606,0.001217367103647865,0.0006066183563124862,-0.0402190663661229,0.022731131358148533,1.033259049681549,0.7795228047714192
cn,midpoint,practical,104,507,-0.0024791404778131895,0.0002647598765843466,-0.0402190663661229,0.022731131358148533,-2.1050334902976733,0.34041955488173714
cn,midpoint,practical,105,706,-0.00035335367921021654,-0.00015278983914726596,-0.0402190663661229,0.022731131358148533,-0.3002648797582197,-0.19590599513553794
cn,midpoint,practical,106,721,0.0018653904453097558,0.0009503132474612715,-0.0402190663661229,0.022731131358148533,1.58342343432109,1.2209848501006098
cn,midpoint,practical,107,649,0.0010133255049830994,0.0003710441607043327,-0.0402190663661229,0.022731131358148533,0.86003007264751,0.4769373753740005
cn,midpoint,practical,108,609,-0.0002161426699593752,0.000582582313020448,-0.0402190663661229,0.022731131358148533,-0.18377430663061464,0.7486494892040643
cn,midpoint,practical,109,632,0.0011415234759335063,0.00011450173213508122,-0.0402190663661229,0.022731131358148533,0.9688686796320832,0.1474191074377103
cn,midpoint,practical,110,664,-0.00042945345501931714,0.00012478660268658986,-0.0402190663661229,0.022731131358148533,-0.36487271660225945,0.16062960345189004
cn,midpoint,practical,111,708,0.00034652712631201565,-0.0007778731351831686,-0.0402190663661229,0.022731131358148533,0.2939258969253561,-0.9987999498485937
cn,midpoint,practical,112,648,-0.00043433114441771004,-6.544006262084942e-05,-0.0402190663661229,0.022731131358148533,-0.3690138189573807,-0.08370877603952799
cn,midpoint,practical,113,823,-0.00039799334522455654,-7.989335200728545e-05,-0.0402190663661229,0.022731131358148533,-0.3381634442147263,-0.10227343573797135
cn,midpoint,practical,114,1225,-3.858643158029251e-06,0.0007548372016500972,-0.0402190663661229,0.022731131358148533,-0.003547602644228602,0.9699038558262246
cn,midpoint,practical,115,601,0.0007348519566109865,-0.000736764034661521,-0.0402190663661229,0.022731131358148533,0.6236092240008743,-0.9459969898241646
cn,midpoint,practical,116,961,-0.0004132597374103472,-0.0003036666696456698,-0.0402190663661229,0.022731131358148533,-0.351124436084281,-0.3897011195320106
cn,midpoint,practical,117,882,0.0005361827589972015,-0.0004033881531371117,-0.0402190663661229,0.022731131358148533,0.4549413538409634,-0.5177892907534308
cn,midpoint,practical,118,721,-0.00144284127958038,-0.0006950206130065424,-0.0402190663661229,0.022731131358148533,-1.2252273567160317,-0.8923792702204474
cn,midpoint,practical,119,681,3.352945381121519e-05,-0.0002694986189991193,-0.0402190663661229,0.022731131358148533,0.028194462864053877,-0.3458136544814819
cn,midpoint,practical,120,681,8.994096862073586e-05,0.0002486159628527912,-0.0402190663661229,0.022731131358148533,0.07608719193176276,0.3196833572858723
cn,midpoint,practical,121,909,0.0005546353816621441,-0.0001192159662761691,-0.0402190663661229,0.022731131358148533,0.4706074188432031,-0.15278172716124214
cn,midpoint,practical,122,739,-4.9375544134561133e-05,-0.00018930880013185575,-0.0402190663661229,0.022731131358148533,-0.04219092952228764,-0.24281310846407103
cn,midpoint,practical,123,1041,0.0006947441261743875,-4.121383950259072e-05,-0.0402190663661229,0.022731131358148533,0.5895581359724873,-0.0525911822555751
cn,midpoint,practical,124,835,-0.00010711518776015255,0.0004953232324515847,-0.0402190663661229,0.022731131358148533,-0.09121122472201534,0.6365687653599642
cn,midpoint,practical,125,947,0.0005731468816864635,-1.9547488545386404e-05,-0.0402190663661229,0.022731131358148533,0.4863234700482664,-0.024761639673730743
cn,midpoint,practical,126,596,-0.0005942967012533829,0.0009575600700126481,-0.0402190663661229,0.022731131358148533,-0.5048227420037634,1.2302930975842288
cn,midpoint,practical,127,796,-0.0006130343843057731,0.00014323213334590731,-0.0402190663661229,0.022731131358148533,-0.5207308200054779,0.18432213395424038
cn,midpoint,practical,128,673,-0.0012744714082171954,0.0001668131913791747,-0.0402190663661229,0.022731131358148533,-1.0822832670281393,0.21461103954604915
cn,midpoint,practical,129,1036,0.0002170503203553567,-0.0003357913793400613,-0.0402190663661229,0.022731131358148533,0.18400157368793027,-0.43096399661432727
cn,midpoint,practical,130,748,0.0007505480505516915,-0.0010274251144769785,-0.0402190663661229,0.022731131358148533,0.6369350277319349,-1.3193392712995535
cn,midpoint,practical,131,616,-0.0024637423778851586,0.0022727533226409823,-0.0402190663661229,0.022731131358148533,-2.091960680065564,2.9196050956991804
cn,midpoint,practical,132,961,-0.0002438156120004517,-0.00027347271221667135,-0.0402190663661229,0.022731131358148533,-0.2072683170317679,-0.3509182148497939
cn,midpoint,practical,133,604,-0.0018847472757993824,0.002573589889036089,-0.0402190663661229,0.022731131358148533,-1.6004004791144535,3.3060173739459993
cn,midpoint,practical,134,616,-0.002593638687440704,0.0007036733255093956,-0.0402190663661229,0.022731131358148533,-2.2022411570469944,0.9041859473273589
cn,midpoint,practical,135,478,-0.0005466125104123323,0.0017328699967088142,-0.0402190663661229,0.022731131358148533,-0.4643394108882173,2.226147021566898
cn,midpoint,practical,136,742,-0.0003560030689285232,-7.494676112707044e-05,-0.0402190663661229,0.022731131358148533,-0.3025141812421823,-0.09591974185533197
cn,midpoint,practical,137,632,-0.00258254109276726,0.0014915560670296334,-0.0402190663661229,0.022731131358148533,-2.192819426451864,1.9161891382637144
cn,midpoint,practical,139,825,-3.978346310926778e-05,3.867686194379896e-05,-0.0402190663661229,0.022731131358148533,-0.034047362747116526,0.050025159655771805
cn,midpoint,practical,140,777,-0.00020692380790673925,0.000237797107391316,-0.0402190663661229,0.022731131358148533,-0.17594759848263633,0.3057869794718764
cn,midpoint,practical,141,1176,0.00207515973912608,0.0007508676810267269,-0.0402190663661229,0.022731131358148533,1.7615151588456417,0.9648051687683165
cn,midpoint,practical,142,1176,-0.00013944084553545177,3.922182624488402e-06,-0.0402190663661229,0.022731131358148533,-0.11865533741771975,0.005384194042986365
cn,midpoint,practical,143,996,0.00037329386137804205,9.24464421714205e-05,-0.0402190663661229,0.022731131358148533,0.31665054799833153,0.11908998859296417
cn,midpoint,practical,144,856,-0.0012566169023859805,-0.0005809327539237109,-0.0402190663661229,0.022731131358148533,-1.0671249963577,-0.7458380765192815
cn,midpoint,practical,145,664,-0.0022048575677237545,-0.0001696550310030312,-0.0402190663661229,0.022731131358148533,-1.8721704454889732,-0.21756864501267054
cn,midpoint,practical,146,744,-0.0007403310521485254,0.00034776725114767787,-0.0402190663661229,0.022731131358148533,-0.6288042309890478,0.447039136073798
cn,midpoint,practical,147,589,1.028697166846615e-05,-8.919023968103831e-05,-0.0402190663661229,0.022731131358148533,0.008461862101915248,-0.11421490811171682
cn,midpoint,practical,148,796,0.0005931313279216519,-0.00012916253590144686,-0.0402190663661229,0.022731131358148533,0.5032900356925654,-0.16555768945764837
cn,midpoint,practical,149,871,0.0003445032268390366,-0.0006043138052056786,-0.0402190663661229,0.022731131358148533,0.292207629485686,-0.775870081610727
cn,midpoint,practical,150,675,-0.0010371289578161094,0.00047245165970022027,-0.0402190663661229,0.022731131358148533,-0.8807822488103672,0.6071911646253004
cn,midpoint,practical,151,582,0.00034871467577750337,-0.0002622832542990873,-0.0402190663661229,0.022731131358148533,0.29578310133170066,-0.33654581332264066
cn,midpoint,practical,152,535,0.0046556821674656815,0.0003895694718501416,-0.0402190663661229,0.022731131358148533,3.952349103491932,0.5007323806516556
cn,midpoint,practical,153,816,0.0008678465879143615,-0.0007690434319263285,-0.0402190663661229,0.022731131358148533,0.7365201406103568,-0.9874585567706063
cn,midpoint,practical,154,1176,0.0005999078166484956,0.0005392970722196584,-0.0402190663661229,0.022731131358148533,0.5090431968994744,0.6930513659016992
cn,midpoint,practical,155,1225,0.0007716175032398825,-0.00042162554420065515,-0.0402190663661229,0.022731131358148533,0.6548227514104726,-0.5412144744489746
cn,midpoint,practical,156,1081,0.0001681497900233378,9.054314554630266e-05,-0.0402190663661229,0.022731131358148533,0.14248558429522204,0.11664528184104177
cn,midpoint,practical,157,786,-0.00013440916141219117,-0.0005849581015451057,-0.0402190663661229,0.022731131358148533,-0.11438349530741107,-0.7510084710752268
cn,midpoint,practical,158,876,0.00011641504914679246,-4.060985781530885e-05,-0.0402190663661229,0.022731131358148533,0.09856338265687246,-0.0518153924551576
cn,midpoint,practical,160,666,-0.0007959660752411904,-0.00016803782982583934,-0.0402190663661229,0.022731131358148533,-0.6760377274950313,-0.21549141617459963
cn,midpoint,practical,161,732,0.0007407357723417315,-0.0006557216673379711,-0.0402190663661229,0.022731131358148533,0.6286045160725089,-0.841901380147249
cn,midpoint,practical,162,601,0.0011870457922748961,-0.0003161971826926256,-0.0402190663661229,0.022731131358148533,1.0075166040927956,-0.40579605158131626
cn,midpoint,practical,163,582,0.0005768836679843417,-0.00052351767506887,-0.0402190663661229,0.022731131358148533,0.4894959587565116,-0.6720907535396614
cn,midpoint,practical,164,732,-5.946171821888391e-05,-0.0004843719084408442,-0.0402190663661229,0.022731131358148533,-0.05075397563762953,-0.6218096156856038
cn,midpoint,practical,165,658,0.000994486312906176,-0.0009164983902286462,-0.0402190663661229,0.022731131358148533,0.8440358146482132,-1.1768584261387307
cn,midpoint,practical,166,1038,-0.0010550162354854217,0.00058695635353051,-0.0402190663661229,0.022731131358148533,-0.8959683423954781,0.7542677655289479
cn,midpoint,practical,167,721,-0.001136759138331972,0.001065634996429022,-0.0402190663661229,0.022731131358148533,-0.9653671293710967,1.3691109249458815
cn,midpoint,practical,168,576,-0.00045989255098189546,0.000389263372146155,-0.0402190663661229,0.022731131358148533,-0.390715159956674,0.5003392080882086
cn,midpoint,practical,169,1225,-0.0004408695254467035,-0.00047449133467017054,-0.0402190663661229,0.022731131358148533,-0.3745648294597646,-0.6091184223680421
cn,midpoint,practical,170,882,0.0011045963468009623,-0.0003020658057656389,-0.0402190663661229,0.022731131358148533,0.9375179705301403,-0.3876448752846495
cn,midpoint,practical,171,744,-0.00013337206084065162,-0.000436720469576702,-0.0402190663661229,0.022731131358148533,-0.11350300881708326,-0.5606032893607341
cn,midpoint,practical,172,769,-0.00013799282358577247,0.00014461700376522044,-0.0402190663661229,0.022731131358148533,-0.1174259833903682,0.18610094342616007
cn,midpoint,practical,173,596,-0.0040533837819856505,-0.00043163498239422865,-0.0402190663661229,0.022731131358148533,-3.441547999932185,-0.5540711888527339
cn,midpoint,practical,174,1176,0.0010587064205216865,-0.00012843419305137715,-0.0402190663661229,0.022731131358148533,0.8985579494484237,-0.16462216282465728
cn,midpoint,practical,175,1000,-9.276071837934635e-05,0.0006825868854156217,-0.0402190663661229,0.022731131358148533,-0.07902444485469563,0.8771012765561571
cn,midpoint,practical,176,924,-0.00020776051498085785,-0.0004302024021575583,-0.0402190663661229,0.022731131358148533,-0.17665795319204458,-0.5522310980697002
cn,midpoint,practical,177,588,0.0025667168430557746,-0.0024694331681302563,-0.0402190663661229,0.022731131358148533,2.178841502222602,-3.1715397000553036
cn,midpoint,practical,178,700,0.00025680127043841566,-0.0003248741822287904,-0.0402190663661229,0.022731131358148533,0.21774967438936113,-0.41694130296911613
cn,midpoint,practical,179,510,0.0014926911190791259,0.0001585745344466101,-0.0402190663661229,0.022731131358148533,1.267005980984618,0.20402882132319813
cn,midpoint,practical,180,685,-0.0009363661990931596,0.00020781846518991634,-0.0402190663661229,0.022731131358148533,-0.7952358223417999,0.2672806384023704
cn,midpoint,practical,181,664,0.002016333301036108,-0.0049837840235001755,-0.0402190663661229,0.022731131358148533,1.7115721876105228,-6.40112064487735
cn,midpoint,practical,182,856,-0.00030987739842966433,-0.00013766578262828025,-0.0402190663661229,0.022731131358148533,-0.2633540160218818,-0.17647976246088534
cn,midpoint,practical,183,713,0.0005723362367442697,-0.0006842455255091605,-0.0402190663661229,0.022731131358148533,0.4856352417899456,-0.8785391105681003
cn,midpoint,practical,184,786,0.00022462460027650177,-0.00018838687308062388,-0.0402190663661229,0.022731131358148533,0.19043205046862408,-0.24162893083396206
cn,midpoint,practical,185,649,5.272739277396854e-05,0.00044036590605411527,-0.0402190663661229,0.022731131358148533,0.04449329285481283,0.5659783249953795
cn,midpoint,practical,186,956,0.0001349736588553349,-0.00010510027084945431,-0.0402190663661229,0.022731131358148533,0.1143194294435219,-0.13465069311097522
cn,midpoint,practical,187,796,-0.00020112349001798896,4.709898072824403e-05,-0.0402190663661229,0.022731131358148533,-0.17102319512118608,0.06084302713165749
cn,midpoint,practical,188,604,0.00173154078411792,0.0004307106301726822,-0.0402190663661229,0.022731131358148533,1.4697866071429742,0.5535765176115454
cn,midpoint,practical,189,924,-0.0006449655231262272,-0.0007363239156900798,-0.0402190663661229,0.022731131358148533,-0.5478399906334099,-0.9454316749873011
cn,midpoint,practical,190,664,0.000714393328513703,0.0011012111107209129,-0.0402190663661229,0.022731131358148533,0.6062400833942326,1.4148069902195557
cn,midpoint,practical,191,664,-0.0005949598330642833,0.0008149969300088877,-0.0402190663661229,0.022731131358148533,-0.5053857333055016,1.0471765689554493
cn,midpoint,practical,192,744,-0.0010834958291999902,0.00025431342162101495,-0.0402190663661229,0.022731131358148533,-0.9201471908156247,0.3270015102924294
cn,midpoint,practical,193,731,0.0004065830222163766,-0.00020231040819155763,-0.0402190663661229,0.022731131358148533,0.34491266374376206,-0.25951314280970744
cn,midpoint,practical,194,786,-0.001351457164545336,4.428559134670579e-05,-0.0402190663661229,0.022731131358148533,-1.1476432911711894,0.05722934341779735
cn,midpoint,practical,195,681,-0.0009089481278976644,0.00012277455553993954,-0.0402190663661229,0.022731131358148533,-0.7719581943653324,0.15804521109828218
cn,midpoint,practical,196,856,-0.0005503971142736611,0.0005490448756194366,-0.0402190663661229,0.022731131358148533,-0.4675524961593937,0.7055720211024482
cn,midpoint,practical,197,889,-1.7125390272876295e-05,-0.0007007506064548516,-0.0402190663661229,0.022731131358148533,-0.014810918783258143,-0.8997392126943038
cn,midpoint,practical,198,568,-0.00831313522267868,1.8206458288521493e-05,-0.0402190663661229,0.022731131358148533,-7.058028116336764,0.023731762520401354
cn,midpoint,practical,199,918,-0.00022207900537349334,0.0005223567447301611,-0.0402190663661229,0.022731131358148533,-0.18881418731106436,0.6712922073728563
cn,midpoint,practical,200,616,0.0017880735349346394,0.0013103507630877094,-0.0402190663661229,0.022731131358148533,1.5177822641902918,1.6834383288602963
cn,midpoint,practical,201,664,0.0012302404912345188,-0.0026296898014048047,-0.0402190663661229,0.022731131358148533,1.0441884080927357,-3.3773827978868796
cn,midpoint,practical,202,996,2.3750567114781684e-05,0.00024679536163063273,-0.0402190663661229,0.022731131358148533,0.019892300216631565,0.31734486940036294
cn,midpoint,practical,203,1000,0.000631609447666992,-0.0005417302751953984,-0.0402190663661229,0.022731131358148533,0.5359575180358584,-0.6954840942894933
cn,midpoint,practical,204,666,-0.0018934230372795735,0.0002706920344973489,-0.0402190663661229,0.022731131358148533,-1.6077661011054574,0.34803916935065293
cn,midpoint,practical,205,606,-0.0011131710287081362,0.000984595130328992,-0.0402190663661229,0.022731131358148533,-0.9453410948416513,1.2650185279883848
cn,midpoint,practical,206,601,-0.005076941265178339,-9.612542891073578e-05,-0.0402190663661229,0.022731131358148533,-4.310536563584443,-0.12312287532605008
cn,midpoint,practical,207,718,3.460946968470574e-05,-0.0006823647338841249,-0.0402190663661229,0.022731131358148533,0.029111383953525808,-0.8761233105692962
cn,midpoint,practical,208,463,0.0007272309122783038,-0.00012250315519302807,-0.0402190663661229,0.022731131358148533,0.6171390447711442,-0.1570039870201814
cn,midpoint,practical,209,796,-0.0006778031330461273,-0.0005739664063284834,-0.0402190663661229,0.022731131358148533,-0.5757187448281025,-0.7368900876574631
cn,midpoint,practical,210,996,0.0015033378877288908,-0.0002456735658932889,-0.0402190663661229,0.022731131358148533,1.2760449654563435,-0.3152113471878792
cn,midpoint,practical,211,601,-0.0019159113770669187,0.0008479881046329803,-0.0402190663661229,0.022731131358148533,-1.6268584436574098,1.089552384838786
cn,midpoint,practical,212,686,0.0013169042952560078,-0.0008960353665236377,-0.0402190663661229,0.022731131358148533,1.1177649837261505,-1.150574508247958
cn,midpoint,practical,213,1082,0.0001668231516315788,-0.00029825089081001246,-0.0402190663661229,0.022731131358148533,0.14135928351634963,-0.38274477289023046
cn,midpoint,practical,214,1084,0.0012068940978893633,-2.3376056253771038e-05,-0.0402190663661229,0.022731131358148533,1.024367587911552,-0.029679278471256832
cn,midpoint,practical,215,1041,-0.0009111576057432222,0.000994771026366293,-0.0402190663661229,0.022731131358148533,-0.7738340157148514,1.2780890506914395
cn,midpoint,practical,216,609,0.002043305781631456,-3.299995582962609e-05,-0.0402190663661229,0.022731131358148533,1.7344715142781173,-0.04204078427251848
cn,midpoint,practical,217,1176,-0.0005327474564079532,-0.00018119827719864298,-0.0402190663661229,0.022731131358148533,-0.4525681390621891,-0.23239547312821315
cn,midpoint,practical,218,769,-0.0003513105215663115,0.000666163919348161,-0.0402190663661229,0.022731131358148533,-0.2985302623523129,0.8560066476360707
cn,midpoint,practical,219,744,-0.00025711583761699186,0.0006037918672106186,-0.0402190663661229,0.022731131358148533,-0.21856005603475695,0.7758922950020116
cn,midpoint,practical,220,685,-0.00022039359295997207,0.0006717337496465504,-0.0402190663661229,0.022731131358148533,-0.1873832915026344,0.8631608670876455
cn,midpoint,practical,221,996,0.0005857078536423838,-0.0005377879914798198,-0.0402190663661229,0.022731131358148533,0.49698759117217656,-0.6904203919268245
cn,midpoint,practical,222,1084,0.0004908016578371796,-8.177473418606931e-05,-0.0402190663661229,0.022731131358148533,0.4164133194495805,-0.10468999427893687
cn,midpoint,practical,223,1041,0.0013659321762790957,0.000507968874963266,-0.0402190663661229,0.022731131358148533,1.1593890923949417,0.6528115765028623
cn,midpoint,practical,224,739,-0.0006986695718640412,-8.16575521922526e-05,-0.0402190663661229,0.022731131358148533,-0.5934341120592198,-0.10453947879558717
cn,midpoint,practical,225,632,0.0008535749455181735,0.0009956085662567726,-0.0402190663661229,0.022731131358148533,0.724403679903003,1.2791648364613708
cn,midpoint,practical,226,816,0.0005933147625933263,-0.00016015565180240235,-0.0402190663661229,0.022731131358148533,0.5034457696249335,-0.20536708054585462
cn,midpoint,practical,227,1225,-0.0003656144664926919,-0.0005782721364711238,-0.0402190663661229,0.022731131358148533,-0.31067414753730976,-0.7424206221063523
cn,midpoint,practical,228,830,-0.0003300621097958034,-0.00021847223278367855,-0.0402190663661229,0.022731131358148533,-0.2804906044654393,-0.2802723461741841
cn,midpoint,practical,229,903,-0.0007271066803409346,-0.0001212437662487624,-0.0402190663661229,0.022731131358148533,-0.6175768909998599,-0.15538635337616016
cn,midpoint,practical,230,543,0.00036760129502876743,2.8906459813751728e-05,-0.0402190663661229,0.022731131358148533,0.3118176244580519,0.0374754773093091
cn,midpoint,practical,231,606,0.0008570107258826995,0.00024937090173397444,-0.0402190663661229,0.022731131358148533,0.7273206180261861,0.320653045434194
cn,midpoint,practical,232,732,0.00020930496996767606,0.00036977531400796126,-0.0402190663661229,0.022731131358148533,0.17742586004322136,0.47530759363381503
cn,midpoint,practical,233,616,0.0005742129837671139,0.0012789250267015162,-0.0402190663661229,0.022731131358148533,0.4872285784871998,1.6430732544343891
cn,midpoint,practical,234,700,0.00026492323808439966,0.0003580487104346379,-0.0402190663661229,0.022731131358148533,0.22464513176679995,0.46024525045803916
cn,midpoint,practical,235,681,0.0012787291179263832,-0.0009353610510792788,-0.0402190663661229,0.022731131358148533,1.0853546960192357,-1.201086743329126
cn,midpoint,practical,236,1041,-9.959596999396109e-05,2.4164462855479768e-05,-0.0402190663661229,0.022731131358148533,-0.08482749507934789,0.0313845759603062
cn,midpoint,practical,237,588,0.0002644324455781527,0.0013801610139490238,-0.0402190663661229,0.022731131358148533,0.22422845455808618,1.7731067438523551
cn,midpoint,practical,238,744,0.0005045507987319897,0.00016402367141508944,-0.0402190663661229,0.022731131358148533,0.42808618237503704,0.21102801512367397
cn,midpoint,practical,239,708,-0.0009217698798077711,-0.00016499910199110554,-0.0402190663661229,0.022731131358148533,-0.7828437146793603,-0.21158829442426905
cn,midpoint,practical,240,777,-0.0005300851350830624,-0.00010028165041815057,-0.0402190663661229,0.022731131358148533,-0.45030785879255414,-0.12846137204147032
cn,midpoint,practical,241,913,0.0003114915043700775,-3.148937896793949e-05,-0.0402190663661229,0.022731131358148533,0.26418105573380685,-0.04010051001136156
cn,midpoint,practical,242,568,-0.0015196842368382785,0.00014046596949729082,-0.0402190663661229,0.022731131358148533,-1.290466146086264,0.18076910950792335
cn,midpoint,practical,243,996,-2.5401621019216503e-05,0.0009690260309707655,-0.0402190663661229,0.022731131358148533,-0.021837343763595977,1.245020655969855
cn,midpoint,practical,244,961,-0.00012230914619659056,-0.0003088395408444751,-0.0402190663661229,0.022731131358148533,-0.10411072116914043,-0.39634546123873804
cn,midpoint,practical,245,696,0.0008607789909249874,0.00028121571259921707,-0.0402190663661229,0.022731131358148533,0.7305198318273932,0.361556403906303
cn,midpoint,practical,246,744,0.00023963901652246378,0.0005812988709833801,-0.0402190663661229,0.022731131358148533,0.20317911765527413,0.7470009603450763
cn,midpoint,practical,247,700,0.0003881355354088123,0.001037424383673869,-0.0402190663661229,0.022731131358148533,0.32925095902553136,1.3328755454636527
cn,midpoint,practical,248,904,0.0003476475549263683,0.0006607420774436754,-0.0402190663661229,0.022731131358148533,0.2948771279683105,0.8490425132300997
cn,midpoint,practical,249,632,0.00031511202395834853,0.0002904050340265321,-0.0402190663661229,0.022731131358148533,0.26725483533910355,0.3733597118313361
cn,midpoint,practical,250,909,-0.0005160747117871831,-5.239375304474936e-05,-0.0402190663661229,0.022731131358148533,-0.4384131701053392,-0.06695132442244918
cn,midpoint,practical,251,721,0.0011053754383618941,-0.00030408674130328814,-0.0402190663661229,0.022731131358148533,0.9381794103296677,-0.39024068441334225
cn,midpoint,practical,252,664,-0.00021236812767747026,-0.0005923556989226308,-0.0402190663661229,0.022731131358148533,-0.18056976352496887,-0.7605103826628227
cn,midpoint,practical,253,664,0.0004924588444834843,-0.00030145702782774855,-0.0402190663661229,0.022731131358148533,0.41782025190537586,-0.38686292489628593
cn,midpoint,practical,254,721,0.00042703372938188155,-4.469467286438711e-05,-0.0402190663661229,0.022731131358148533,0.362275079570172,-0.05706217049230015
cn,midpoint,practical,255,889,0.0003765842955905929,-0.00014264437360503313,-0.0402190663661229,0.022731131358148533,0.31944408890551923,-0.1828745591600988
cn,midpoint,practical,256,681,-0.0005754336078307026,0.0003907884404661631,-0.0402190663661229,0.022731131358148533,-0.48880819203605297,0.5022980960355016
cn,midpoint,practical,257,606,0.0006450510313819394,-0.0004899516873267014,-0.0402190663661229,0.022731131358148533,0.5473692684431043,-0.6289766136913111
cn,midpoint,practical,258,856,-0.0009316957933840422,0.0005529308254453476,-0.0402190663661229,0.022731131358148533,-0.7912707014614564,0.7105633648854742
cn,midpoint,practical,259,913,-0.0005063567953495357,0.0011616458335898527,-0.0402190663661229,0.022731131358148533,-0.43016277050833474,1.492432922561609
cn,midpoint,practical,260,871,0.0007972569330538179,-0.00035152197602406066,-0.0402190663661229,0.022731131358148533,0.6765903332539246,-0.45116930534951205
cn,midpoint,practical,261,825,-0.0005502507144293928,0.00019374794395671247,-0.0402190663661229,0.022731131358148533,-0.46742820437072663,0.24920762875798497
cn,midpoint,practical,262,889,-0.00021156900756216096,0.0005018413589949547,-0.0402190663661229,0.022731131358148533,-0.17989131971249026,0.6449410325936512
cn,midpoint,practical,263,796,-0.0003940834625239184,-0.0011125915586438877,-0.0402190663661229,0.022731131358148533,-0.3348439986458479,-1.4287320891842454
cn,midpoint,practical,264,681,0.0004925309100738129,-0.00034963220142305435,-0.0402190663661229,0.022731131358148533,0.41788143476501655,-0.4487419670850912
cn,midpoint,practical,265,1041,0.0003432897395656137,-0.00012014732077834586,-0.0402190663661229,0.022731131358148533,0.29117739270850684,-0.1539780139669122
cn,midpoint,practical,266,1038,-8.224633318252433e-05,0.00010130197711263542,-0.0402190663661229,0.022731131358148533,-0.07009785241616145,0.13046456141412513
cn,midpoint,practical,267,758,-0.0006641495125827915,-0.0005146605195117948,-0.0402190663661229,0.022731131358148533,-0.5641269776534067,-0.6607140991036415
cn,midpoint,practical,268,924,-0.00021036739941413668,-0.0005731150009336966,-0.0402190663661229,0.022731131358148533,-0.1788711681765282,-0.7357964922137525
cn,midpoint,practical,269,636,-0.003436131469191195,5.565430585684206e-06,-0.0402190663661229,0.022731131358148533,-2.917507865876215,0.007494878910916168
cn,midpoint,practical,270,1000,-0.0003781254099256698,-0.00017503748384366247,-0.0402190663661229,0.022731131358148533,-0.3212957950190383,-0.2244821857754407
cn,midpoint,practical,271,961,0.0008514869296293859,-0.000388178191365874,-0.0402190663661229,0.022731131358148533,0.7226309783616875,-0.4982527162920938
cn,midpoint,practical,272,769,-0.0013149795130197803,0.0006116142486098895,-0.0402190663661229,0.022731131358148533,-1.1166741834023461,0.7859398243101277
cn,midpoint,practical,273,618,0.0019152615949645999,0.0014134157470142815,-0.0402190663661229,0.022731131358148533,1.6257634683864668,1.815821089785154
cn,midpoint,practical,274,1036,-0.0005048707304710631,-0.0002461185541574075,-0.0402190663661229,0.022731131358148533,-0.42890111847076684,-0.315782916432242
cn,midpoint,practical,275,609,0.0007397311882191213,0.0001234047010136366,-0.0402190663661229,0.022731131358148533,0.6277516356743782,0.15885460721337544
cn,midpoint,practical,276,648,0.0005185565579785001,6.563201631752669e-05,-0.0402190663661229,0.022731131358148533,0.43997691133783157,0.08464795414135685
cn,midpoint,practical,277,1041,-0.0001957854203948478,9.93103289716156e-05,-0.0402190663661229,0.022731131358148533,-0.1664912352355331,0.1279063707498069
cn,midpoint,practical,278,600,0.0007833864643894198,0.001277147188478732,-0.0402190663661229,0.022731131358148533,0.6648144644436431,1.6407896938744069
cn,midpoint,practical,279,825,-0.0009374459946539515,0.0012617779288398995,-0.0402190663661229,0.022731131358148533,-0.7961525563883175,1.6210485078105816
cn,midpoint,practical,280,636,-0.0013646611721938734,0.0017509637653729225,-0.0402190663661229,0.022731131358148533,-1.1588533422229053,2.2493877281583514
cn,midpoint,practical,281,721,0.0007252750959978391,-0.001016957219804323,-0.0402190663661229,0.022731131358148533,0.6154785791810462,-1.3058936882795822
cn,midpoint,practical,282,616,0.0010055263551421098,-0.0004368320623280332,-0.0402190663661229,0.022731131358148533,0.8534086838839886,-0.5607466256904711
cn,midpoint,practical,283,816,0.00017473090003260194,-0.0009432489528070492,-0.0402190663661229,0.022731131358148533,0.14807287121178045,-1.2112184308222338
cn,midpoint,practical,284,796,0.0003952880366365555,0.0005938685851077895,-0.0402190663661229,0.022731131358148533,0.33532335053307066,0.7631462445767317
cn,midpoint,practical,285,576,8.569087082176824e-05,0.0005597002523388336,-0.0402190663661229,0.022731131358148533,0.0724789076464617,0.7192584171515001
cn,midpoint,practical,286,825,0.0007177415925608555,-0.0008630191619887449,-0.0402190663661229,0.022731131358148533,0.6090827211677241,-1.108166542466846
cn,midpoint,practical,287,996,-0.00015185379639936353,-0.00042955052765530216,-0.0402190663661229,0.022731131358148533,-0.12919379033222606,-0.5513937919052062
cn,midpoint,practical,288,816,0.000813843798584013,-0.00021981504842643468,-0.0402190663661229,0.022731131358148533,0.690672391847857,-0.2819971380038495
cn,midpoint,practical,289,1041,-0.00021391851939385476,0.00027860226099411106,-0.0402190663661229,0.022731131358148533,-0.1818860283101345,0.3581995320974069
cn,midpoint,practical,290,681,0.00046956758665720605,0.0002465040515177222,-0.0402190663661229,0.022731131358148533,0.39838583655959287,0.3169706934623945
cn,midpoint,practical,291,769,-0.0007807556117199119,0.0006510360399318779,-0.0402190663661229,0.022731131358148533,-0.6631242184201799,0.8365755046060319
cn,midpoint,practical,292,769,0.0008314887626838172,-0.0007914546152070594,-0.0402190663661229,0.022731131358148533,0.7056527639916439,-1.0162448060403864
cn,midpoint,practical,293,871,0.0010212372149773288,-0.00018780651849649097,-0.0402190663661229,0.022731131358148533,0.8667470236901359,-0.24088348908220622
cn,midpoint,practical,294,708,0.00018435319990187105,-0.0001525223723086444,-0.0402190663661229,0.022731131358148533,0.1562420934388953,-0.1955624449092284
cn,midpoint,practical,295,758,-0.0004931312618349643,-1.5098415178795704e-05,-0.0402190663661229,0.022731131358148533,-0.4189344442432444,-0.01904698671025535
cn,midpoint,practical,297,1225,0.000665460463061554,0.0013304510385960151,-0.0402190663661229,0.022731131358148533,0.564696641855398,1.7092563115132173
cn,midpoint,practical,298,918,-6.978480064628173e-05,-0.0002433576220914925,-0.0402190663661229,0.022731131358148533,-0.05951815421904833,-0.31223661199705
cn,midpoint,practical,299,825,-0.0009449218011585436,0.0014392913311922183,-0.0402190663661229,0.022731131358148533,-0.8024994303677877,1.8490572204622744
cn,midpoint,practical,300,694,0.00022802586291560678,-0.0003023571916123437,-0.0402190663661229,0.022731131358148533,0.19331968343882194,-0.3880191484995824
cn,midpoint,practical,301,732,-0.0006459636468710839,-0.0006550926893183068,-0.0402190663661229,0.022731131358148533,-0.5486873862449243,-0.8410934835791621
cn,midpoint,practical,302,744,0.0011873678755548248,-0.0001320719167610708,-0.0402190663661229,0.022731131358148533,1.007790049103357,-0.16929467030318318
cn,midpoint,practical,303,816,-0.0002382232050600272,-0.0007382269534302287,-0.0402190663661229,0.022731131358148533,-0.20252042768083484,-0.947876049212058
cn,midpoint,practical,304,871,-0.0002322837020669738,-0.00033315521864696676,-0.0402190663661229,0.022731131358148533,-0.19747785776219928,-0.42757795590973574
cn,midpoint,practical,305,686,7.883970256952755e-05,0.0004392245135194685,-0.0402190663661229,0.022731131358148533,0.06666234437901909,0.5645122529185311
cn,midpoint,practical,306,758,0.00026522720662833926,-0.0001730328214506298,-0.0402190663661229,0.022731131358148533,0.22490319757427138,-0.22190727883613562
cn,midpoint,practical,307,549,0.0012924667751638003,0.001289772573804155,-0.0402190663661229,0.022731131358148533,1.097017809451276,1.6570064854892046
cn,midpoint,practical,308,841,-0.0006027948115872317,-0.00048236984073412453,-0.0402190663661229,0.022731131358148533,-0.5120375402090729,-0.6192380415148566
cn,midpoint,practical,309,856,-0.0004647031347889963,-3.075486215401227e-05,-0.0402190663661229,0.022731131358148533,-0.3947992904344484,-0.039157053174045296
cn,midpoint,practical,310,588,-2.021636041570074e-05,-0.0004753002482547723,-0.0402190663661229,0.022731131358148533,-0.017435116982978966,-0.6101574388176589
cn,midpoint,practical,311,1041,0.0003480263911501899,-0.0012832540033629151,-0.0402190663661229,0.022731131358148533,0.2951987555773153,-1.647941026665736
cn,midpoint,practical,312,1081,-0.0003160189435375618,0.0009142094828971659,-0.0402190663661229,0.022731131358148533,-0.2685681173787205,1.1746110396104972
cn,midpoint,practical,314,681,0.00021255752603918654,0.0004192647860517783,-0.0402190663661229,0.022731131358148533,0.18018724284310483,0.5388747984814058
cn,midpoint,practical,315,1041,5.22116189842492e-05,-0.0006872287595340379,-0.0402190663661229,0.022731131358148533,0.04405540682295103,-0.8823709527869824
cn,midpoint,practical,316,889,7.578726384431522e-05,-0.0007165825111383715,-0.0402190663661229,0.022731131358148533,0.06407085891091917,-0.9200746474157292
cn,midpoint,practical,317,1041,3.4851024933633956e-05,0.0004183780633877747,-0.0402190663661229,0.022731131358148533,0.02931646158937489,0.537735839448345
cn,midpoint,practical,318,990,0.0003033011979916081,-0.00028575287816830913,-0.0402190663661229,0.022731131358148533,0.2572275795562914,-0.3666915862836016
cn,midpoint,practical,319,796,-0.0007658568223249743,0.00130351090292841,-0.0402190663661229,0.022731131358148533,-0.6504753171038803,1.6746528079420269
cn,midpoint,practical,320,961,-0.00025920367172830444,-0.00016141803731070312,-0.0402190663661229,0.022731131358148533,-0.22033260324908097,-0.20698856315394823
cn,midpoint,practical,321,769,0.0008147234353133165,-0.0009068214773176285,-0.0402190663661229,0.022731131358148533,0.6914191933421403,-1.1644288268744198
cn,midpoint,practical,322,786,0.0004453017929711492,0.00024097632478162906,-0.0402190663661229,0.022731131358148533,0.37778445603394345,0.30987055431636296
cn,midpoint,practical,323,991,-0.0006281827354424341,-0.00023473329904791576,-0.0402190663661229,0.022731131358148533,-0.5335915963781801,-0.30115902141177453
cn,midpoint,practical,324,889,0.0003717517139305848,-0.000453253288597074,-0.0402190663661229,0.022731131358148533,0.3153412825029284,-0.58183901991057
cn,midpoint,practical,325,507,0.001173551352263616,-0.00034490939771359905,-0.0402190663661229,0.022731131358148533,0.9960599792961927,-0.4426757186800142
cn,midpoint,practical,326,848,-0.0010287298381591384,-0.0003597533794040056,-0.0402190663661229,0.022731131358148533,-0.8736514925543644,-0.46174220668038174
cn,midpoint,practical,327,889,-0.0006972363632828382,-0.000968195175401431,-0.0402190663661229,0.022731131358148533,-0.5922173344118044,-1.2432608345162288
cn,midpoint,practical,328,1128,-0.0009206068250860316,0.0002429769203479079,-0.0402190663661229,0.022731131358148533,-0.7818562945601298,0.3124402375828612
cn,midpoint,practical,329,924,0.00020330573721134837,0.0001674630691231825,-0.0402190663661229,0.022731131358148533,0.1723325802406298,0.21544578095615471
cn,midpoint,feminine,0,956,-0.00021782466190153893,0.0005885445813886281,-0.15830803432078097,0.3104056743070019,-0.14941835937215076,0.3645309253673224
cn,midpoint,feminine,2,570,-0.002720801642007886,-0.000409163699175763,-0.15830803432078097,0.3104056743070019,-1.854665867377228,-0.253428359741057
cn,midpoint,feminine,3,867,-2.6602537639530688e-05,0.0006312213378417142,-0.15830803432078097,0.3104056743070019,-0.019141072179772272,0.3909640004677665
cn,midpoint,feminine,4,947,1.8007851348977866e-07,-0.0013016642084703323,-0.15830803432078097,0.3104056743070019,-0.0008944043854667062,-0.8062241893702784
cn,midpoint,feminine,5,700,-0.000914188087080603,0.000712295132948515,-0.15830803432078097,0.3104056743070019,-0.6238422173982143,0.441179384504552
cn,midpoint,feminine,6,825,0.00016748450314071905,-0.0005249714884465462,-0.15830803432078097,0.3104056743070019,0.11308804748737646,-0.3251572408798121
cn,midpoint,feminine,7,786,-0.0016837958626467475,0.0013972090830655648,-0.15830803432078097,0.3104056743070019,-1.1481665527222007,0.8654005152900575
cn,midpoint,feminine,8,825,0.0002743000404374363,-0.00023313842571348609,-0.15830803432078097,0.3104056743070019,0.18586016254842322,-0.14440204987799546
cn,midpoint,feminine,9,732,0.0001075978059953131,-0.00038340474804504643,-0.15830803432078097,0.3104056743070019,0.07228797546053771,-0.2374738133711755
cn,midpoint,feminine,10,443,0.002758458313330159,-0.000661043567414421,-0.15830803432078097,0.3104056743070019,1.878286716211944,-0.40943739198232876
cn,midpoint,feminine,11,889,-0.00033498016817398724,0.0014906078855169147,-0.15830803432078097,0.3104056743070019,-0.22923496843727986,0.9232497466908085
cn,midpoint,feminine,12,816,0.0001726328885921502,-0.0008880232768498364,-0.15830803432078097,0.3104056743070019,0.11659557933088927,-0.5500237955525901
cn,midpoint,feminine,13,1084,0.001037777545435381,6.2386225169353e-05,-0.15830803432078097,0.3104056743070019,0.7060080197454011,0.038639632294027344
cn,midpoint,feminine,14,582,0.00209601136080792,-0.0045473473364230355,-0.15830803432078097,0.3104056743070019,1.42696973489232,-2.816531274627085
cn,midpoint,feminine,15,758,0.0013564727280863664,-0.0013852594736158963,-0.15830803432078097,0.3104056743070019,0.9231311376758446,-0.8580013183107896
cn,midpoint,feminine,16,1000,7.684144997160969e-06,-0.002030040241415454,-0.15830803432078097,0.3104056743070019,0.004218024043915425,-1.2573648097069414
cn,midpoint,feminine,17,652,0.0019994774866143317,-0.0012285292471908016,-0.15830803432078097,0.3104056743070019,1.3612023907596953,-0.7609259501262763
cn,midpoint,feminine,18,758,-0.0007282434434049412,-0.0002980361604336679,-0.15830803432078097,0.3104056743070019,-0.49716041298092317,-0.18459832621856104
cn,midpoint,feminine,19,856,-0.0007898697805099331,0.0024750368010141854,-0.15830803432078097,0.3104056743070019,-0.539145680368921,1.5329840755635549
cn,midpoint,feminine,20,744,-0.0012266431462919225,-0.00014402138924668462,-0.15830803432078097,0.3104056743070019,-0.8367140157880835,-0.08920485324367546
cn,midpoint,feminine,21,686,-5.675364878093836e-05,0.0014460636767237856,-0.15830803432078097,0.3104056743070019,-0.0396826542822513,0.8956600113365534
cn,midpoint,feminine,22,786,-0.0007815950150502349,0.0027626386321089047,-0.15830803432078097,0.3104056743070019,-0.5335081841827286,1.7111185316979833
cn,midpoint,feminine,23,594,-0.0008030907607528559,-0.0008277173514853464,-0.15830803432078097,0.3104056743070019,-0.54815297200277,-0.5126715882471057
cn,midpoint,feminine,24,1000,-7.777055346286366e-05,-0.0006471735252776556,-0.15830803432078097,0.3104056743070019,-0.05400121358970072,-0.40084658293500874
cn,midpoint,feminine,25,1041,-0.0007762558883320225,9.332205612000433e-06,-0.15830803432078097,0.3104056743070019,-0.5298707026543256,0.005779101178417706
cn,midpoint,feminine,26,961,-0.0004550165986876298,0.0019016951101767932,-0.15830803432078097,0.3104056743070019,-0.3110143158424312,1.1778684287411385
cn,midpoint,feminine,27,618,-0.0010350418445730925,0.0012260502750084945,-0.15830803432078097,0.3104056743070019,-0.7061783996464273,0.7593883905764917
cn,midpoint,feminine,28,649,-0.0002485758031998686,-0.00037050669707333617,-0.15830803432078097,0.3104056743070019,-0.1703687346588866,-0.229485034974688
cn,midpoint,feminine,29,553,0.001030017996064586,0.0031089624625934564,-0.15830803432078097,0.3104056743070019,0.7007215339594918,1.925624145083455
cn,midpoint,feminine,30,924,-0.00012274966396080833,0.00055321472427311,-0.15830803432078097,0.3104056743070019,-0.0846449297319268,0.3426483634287401
cn,midpoint,feminine,31,918,-0.00034055874203908765,-0.0005064728945928243,-0.15830803432078097,0.3104056743070019,-0.23303558236912694,-0.31369960536045005
cn,midpoint,feminine,32,961,-0.0009518172800504487,0.0007240775737430427,-0.15830803432078097,0.3104056743070019,-0.649478524903266,0.4484771776892486
cn,midpoint,feminine,33,648,0.0003050864229364736,-0.0030306555567245486,-0.15830803432078097,0.3104056743070019,0.20683454723283368,-1.877124650295933
cn,midpoint,feminine,34,1038,0.0006137357993555304,-0.001557436670674317,-0.15830803432078097,0.3104056743070019,0.41711358062752163,-0.9646442115079854
cn,midpoint,feminine,35,577,0.0005320511470472133,-0.0004332392984950362,-0.15830803432078097,0.3104056743070019,0.3614628291830954,-0.2683402738082407
cn,midpoint,feminine,36,732,0.0007848775960940246,-0.001969515940913935,-0.15830803432078097,0.3104056743070019,0.533710387039792,-1.2198773454869936
cn,midpoint,feminine,37,856,-0.0010658346161069865,0.001837101721507195,-0.15830803432078097,0.3104056743070019,-0.7271571371018998,1.1378606578700654
cn,midpoint,feminine,38,876,-0.0006935047403012762,-0.0005411819350398805,-0.15830803432078097,0.3104056743070019,-0.4734933607588384,-0.3351976466609867
cn,midpoint,feminine,39,606,0.0002729542255355266,-6.800725419348064e-05,-0.15830803432078097,0.3104056743070019,0.18494327536729538,-0.04212331501184147
cn,midpoint,feminine,40,649,0.0007797439131361217,-0.00043316737157300667,-0.15830803432078097,0.3104056743070019,0.5302128718247379,-0.26829572380281
cn,midpoint,feminine,41,876,-0.0005863100970229518,0.0005766038333690493,-0.15830803432078097,0.3104056743070019,-0.4004629654437008,0.3571350800550393
cn,midpoint,feminine,42,796,-0.0010973654557620005,0.0012462195537360499,-0.15830803432078097,0.3104056743070019,-0.748638711313076,0.7718808127668549
cn,midpoint,feminine,43,1000,-0.0002507141146691483,-0.00045140435471119345,-0.15830803432078097,0.3104056743070019,-0.17182554002837622,-0.2795913232101161
cn,midpoint,feminine,44,601,0.0022207391273864063,0.0026695561955482616,-0.15830803432078097,0.3104056743070019,1.511945232001353,1.6534652506000034
cn,midpoint,feminine,45,949,0.0007150370032484032,0.000600987351432325,-0.15830803432078097,0.3104056743070019,0.48612884799482126,0.3722377124420185
cn,midpoint,feminine,46,856,-0.0002459101468343383,0.000752659150917101,-0.15830803432078097,0.3104056743070019,-0.16855265568147415,0.4661799985857132
cn,midpoint,feminine,47,596,-0.0033050645505024456,0.0011614372881695312,-0.15830803432078097,0.3104056743070019,-2.2527170187257375,0.7193684810162182
cn,midpoint,feminine,48,1041,0.0008039801343782405,-0.0009762861316036098,-0.15830803432078097,0.3104056743070019,0.5467247120074737,-0.6046919302045469
cn,midpoint,feminine,49,636,0.00022865404324515226,-0.00048088888791314455,-0.15830803432078097,0.3104056743070019,0.15476210468324783,-0.2978534158620133
cn,midpoint,feminine,50,889,-0.0009028535491672207,0.0011937096819871207,-0.15830803432078097,0.3104056743070019,-0.6161201357790846,0.7393573152283309
cn,midpoint,feminine,51,616,0.0012160696372575108,-0.001334028448158997,-0.15830803432078097,0.3104056743070019,0.8274762344725624,-0.8262699109611324
cn,midpoint,feminine,52,616,-0.0014355274151833242,0.0031054831144795014,-0.15830803432078097,0.3104056743070019,-0.9790243054230249,1.9234691108765358
cn,midpoint,feminine,53,1041,5.831975339065654e-05,0.001439959438764904,-0.15830803432078097,0.3104056743070019,0.03871544280389962,0.8918791761979815
cn,midpoint,feminine,54,918,0.0008426735897195115,-0.00034785436974127393,-0.15830803432078097,0.3104056743070019,0.5730860884089477,-0.21545466529965276
cn,midpoint,feminine,55,672,0.0012456884957751102,-0.0005731316098847028,-0.15830803432078097,0.3104056743070019,0.8476551993925454,-0.35498659560644685
cn,midpoint,feminine,56,391,-0.0017735150763135976,-0.0006366550247962621,-0.15830803432078097,0.3104056743070019,-1.2092911522457133,-0.39433164749294036
cn,midpoint,feminine,57,1129,-0.0001449795180565039,0.0007977770928262462,-0.15830803432078097,0.3104056743070019,-0.09978985659353569,0.49412509202721977
cn,midpoint,feminine,58,889,-0.0008130812884503957,0.000921080182462064,-0.15830803432078097,0.3104056743070019,-0.5549593959512482,0.5704964027673702
cn,midpoint,feminine,59,556,0.0009205253334116648,-0.002237129498808388,-0.15830803432078097,0.3104056743070019,0.6261255262383975,-1.3856314904041989
cn,midpoint,feminine,60,796,-0.00021615531437779723,-0.0002959204130724702,-0.15830803432078097,0.3104056743070019,-0.14828105338512804,-0.18328787731053348
cn,midpoint,feminine,61,522,0.0005149288539182395,-0.0003852970736736294,-0.15830803432078097,0.3104056743070019,0.34979762094443456,-0.23864587961078806
cn,midpoint,feminine,62,618,0.00012389567451975836,-0.0013656278651535403,-0.15830803432078097,0.3104056743070019,0.08339151333083959,-0.8458419176450334
cn,midpoint,feminine,63,601,0.0042606848065374625,-0.0015002501832062087,-0.15830803432078097,0.3104056743070019,2.901735195507235,-0.9292241176768901
cn,midpoint,feminine,64,616,0.000829620835819167,-0.005466826496640431,-0.15830803432078097,0.3104056743070019,0.5641934073183609,-3.386037106731205
cn,midpoint,feminine,65,568,0.003834245087230237,-0.003976559951494596,-0.15830803432078097,0.3104056743070019,2.611207046649816,-2.4629977105478846
cn,midpoint,feminine,66,856,-0.0006555829663276169,-0.0006742677705348643,-0.15830803432078097,0.3104056743070019,-0.4476577214055086,-0.41762818208162944
cn,midpoint,feminine,67,1081,0.00029450955385809663,0.0011744712454603845,-0.15830803432078097,0.3104056743070019,0.19962865609530034,0.7274414368956988
cn,midpoint,feminine,68,649,0.002503273339259565,0.0004958401688080483,-0.15830803432078097,0.3104056743070019,1.704432324192833,0.30711178428103164
cn,midpoint,feminine,69,1128,0.0005477567301124531,-0.0009670904916384004,-0.15830803432078097,0.3104056743070019,0.37216285023667656,-0.5989963464254885
cn,midpoint,feminine,70,1036,-0.0002116809241114459,3.7423030233629806e-05,-0.15830803432078097,0.3104056743070019,-0.1452327061920933,0.023177960383502373
cn,midpoint,feminine,71,1129,0.0007267792833146047,0.0009829057213501247,-0.15830803432078097,0.3104056743070019,0.494128719340157,0.608789826363187
cn,midpoint,feminine,72,588,-0.00044791475689015536,0.0003217652336568455,-0.15830803432078097,0.3104056743070019,-0.3061759181569379,0.19929347247903567
cn,midpoint,feminine,73,841,-0.00031971181544146465,0.00010950515582247577,-0.15830803432078097,0.3104056743070019,-0.2188328270450844,0.06782409559727226
cn,midpoint,feminine,74,882,-0.00043958057111270765,5.37147367940527e-06,-0.15830803432078097,0.3104056743070019,-0.3004979396372792,0.0033259080745297867
cn,midpoint,feminine,75,777,-0.0011377458826956066,0.000710257751998955,-0.15830803432078097,0.3104056743070019,-0.7761494007632792,0.43991747408483367
cn,midpoint,feminine,76,721,-0.0012165425496925841,-0.00035823388335498585,-0.15830803432078097,0.3104056743070019,-0.829832603247224,-0.22188351523249458
cn,midpoint,feminine,77,841,-0.00012208723684550837,-0.0012518463094724486,-0.15830803432078097,0.3104056743070019,-0.08419362626546334,-0.7753680424884276
cn,midpoint,feminine,78,744,6.594410384988536e-05,0.0012253617883870582,-0.15830803432078097,0.3104056743070019,0.04390981923008829,0.7589619566090912
cn,midpoint,feminine,79,889,-0.000960279580925677,0.001851190681098569,-0.15830803432078097,0.3104056743070019,-0.6552437866672232,1.1465870597318213
cn,midpoint,feminine,80,522,0.0028804084870728552,8.967422153854931e-05,-0.15830803432078097,0.3104056743070019,1.9613698733997038,0.0555412367578186
cn,midpoint,feminine,81,616,0.0009226054602131384,-0.0003087708609842421,-0.15830803432078097,0.3104056743070019,0.6275426911075672,-0.1912471713843372
cn,midpoint,feminine,82,758,0.0011520900428925174,-0.00032356467813260403,-0.15830803432078097,0.3104056743070019,0.7838877217849844,-0.2004101470227215
cn,midpoint,feminine,83,796,-0.0010431718948267776,-0.0005066295264335996,-0.15830803432078097,0.3104056743070019,-0.7117173031382459,-0.31379661979065604
cn,midpoint,feminine,84,681,-0.0012391340473595913,0.0011688230621215157,-0.15830803432078097,0.3104056743070019,-0.8452239134370324,0.7239430722872845
cn,midpoint,feminine,85,616,-0.005422813169764978,-0.0031132093582187936,-0.15830803432078097,0.3104056743070019,-3.695513170780316,-1.9282567188054818
cn,midpoint,feminine,86,1084,0.001045274997568929,-0.0003310179523646206,-0.15830803432078097,0.3104056743070019,0.7111159418991945,-0.2050265465313316
cn,midpoint,feminine,87,1084,0.0007263761744474573,-0.00011984437038004003,-0.15830803432078097,0.3104056743070019,0.4938540862146343,-0.07423012206630979
cn,midpoint,feminine,88,1035,0.0007788958707277693,-7.938885184355371e-05,-0.15830803432078097,0.3104056743070019,0.529635110936396,-0.04917283447984837
cn,midpoint,feminine,89,913,0.0003088541186526683,-0.00020386220531815047,-0.15830803432078097,0.3104056743070019,0.20940143209914575,-0.12626898174715584
cn,midpoint,feminine,90,996,-0.00027089276552627606,0.0001648287200970433,-0.15830803432078097,0.3104056743070019,-0.18557300728936543,0.10209033443155324
cn,midpoint,feminine,91,786,-0.00034377374216107426,0.0010895453516377995,-0.15830803432078097,0.3104056743070019,-0.23522592250802057,0.6748401448586046
cn,midpoint,feminine,92,924,-0.0001358132462283279,0.00029567019255427596,-0.15830803432078097,0.3104056743070019,-0.09354498805621894,0.1831307591301041
cn,midpoint,feminine,93,531,-0.004116672340196553,0.00038562707460748635,-0.15830803432078097,0.3104056743070019,-2.80565544838504,0.23884813825492635
cn,midpoint,feminine,94,961,0.001183507322463806,-0.0007916161494199714,-0.15830803432078097,0.3104056743070019,0.8052919289043653,-0.49031127165511307
cn,midpoint,feminine,95,961,0.0009454879144636941,0.00019462468530168087,-0.15830803432078097,0.3104056743070019,0.643132226448057,0.12054532144093853
cn,midpoint,feminine,96,636,0.0007424246750033225,0.001702367760503809,-0.15830803432078097,0.3104056743070019,0.5047877327473901,1.0544093085694728
cn,midpoint,feminine,97,1081,0.0003108226832495564,-0.0037908588428057777,-0.15830803432078097,0.3104056743070019,0.21074259100706658,-2.3479783941759087
cn,midpoint,feminine,98,1038,0.00048023942367825256,-0.001581480226482801,-0.15830803432078097,0.3104056743070019,0.3261641377198543,-0.9795362785062358
cn,midpoint,feminine,99,856,-0.0008462286825764442,0.000239036139306259,-0.15830803432078097,0.3104056743070019,-0.5775423088903455,0.14805283130320787
cn,midpoint,feminine,100,700,-0.00031983881736913355,-0.0029530763690802098,-0.15830803432078097,0.3104056743070019,-0.21891935190024306,-1.8290737517819253
cn,midpoint,feminine,101,616,-0.00028679883422491614,0.002093858730535303,-0.15830803432078097,0.3104056743070019,-0.19640961674526267,1.2968904873667397
cn,midpoint,feminine,102,864,-0.00016327577301011864,-0.00025135085319533124,-0.15830803432078097,0.3104056743070019,-0.11225487062021343,-0.15568244003412676
cn,midpoint,feminine,103,606,0.00036612339388367166,-0.0015811837977567356,-0.15830803432078097,0.3104056743070019,0.24841828668834615,-0.9793526768591277
cn,midpoint,feminine,104,531,-0.0015881833607509221,-0.0006263959853863854,-0.15830803432078097,0.3104056743070019,-1.083026928231903,-0.3879774167191516
cn,midpoint,feminine,105,993,-0.0002930697744692734,0.0004629092773607568,-0.15830803432078097,0.3104056743070019,-0.200681931396788,0.286715090645054
cn,midpoint,feminine,106,721,-0.0012054132415826313,0.0015586698132051824,-0.15830803432078097,0.3104056743070019,-0.8222503421752458,0.9654058568451189
cn,midpoint,feminine,107,649,-0.0020984862320233,0.0005881844046300433,-0.15830803432078097,0.3104056743070019,-1.4306900136223586,0.36430783954495977
cn,midpoint,feminine,108,582,-0.004658489272451438,0.001989857145282048,-0.15830803432078097,0.3104056743070019,-3.174788676882947,1.2324741178475016
cn,midpoint,feminine,109,540,-0.002035437121836403,0.001220694031479841,-0.15830803432078097,0.3104056743070019,-1.3877354283893872,0.7560708472761988
cn,midpoint,feminine,110,664,-0.0039018199978330392,0.003161634532399371,-0.15830803432078097,0.3104056743070019,-2.6592791835146894,1.9582481046480975
cn,midpoint,feminine,111,708,-0.00019512837272625538,0.0008721503232954619,-0.15830803432078097,0.3104056743070019,-0.13395565601342052,0.5401902888660778
cn,midpoint,feminine,112,585,-0.002310091773213202,0.00015845138364817268,-0.15830803432078097,0.3104056743070019,-1.5748542726875039,0.09814034789780375
cn,midpoint,feminine,113,598,-0.0006730954439854442,0.0011039537166312452,-0.15830803432078097,0.3104056743070019,-0.45958875757657863,0.6837643796318126
cn,midpoint,feminine,114,1225,0.0004964777389738217,0.001335224214679187,-0.15830803432078097,0.3104056743070019,0.33722710270597006,0.8270084063923395
cn,midpoint,feminine,115,601,0.0019882873700313164,-0.004610881738375483,-0.15830803432078097,0.3104056743070019,1.353578701621067,-2.8558831316529814
cn,midpoint,feminine,116,918,0.00011620934745906752,0.0007907727704473677,-0.15830803432078097,0.3104056743070019,0.0781549130064538,0.4897867637460594
cn,midpoint,feminine,117,841,-0.00027970064639210035,0.00033913634706522755,-0.15830803432078097,0.3104056743070019,-0.1915737084610615,0.21005277059502195
cn,midpoint,feminine,118,650,-0.0006006101504650307,0.0005894681869924034,-0.15830803432078097,0.3104056743070019,-0.41020541640919406,0.36510298703078603
cn,midpoint,feminine,119,681,0.0002476847776248514,-0.00028394502821593726,-0.15830803432078097,0.3104056743070019,0.1677275105317306,-0.17587057867825737
cn,midpoint,feminine,120,648,-0.0007551993385015721,0.0017046280544776304,-0.15830803432078097,0.3104056743070019,-0.5155251335935847,1.0558092865744737
cn,midpoint,feminine,121,867,-0.0004929537549692442,0.0011833402924261716,-0.15830803432078097,0.3104056743070019,-0.3368604349734483,0.7329347359184052
cn,midpoint,feminine,122,384,-5.136082251699925e-05,0.00024071340998227386,-0.15830803432078097,0.3104056743070019,-0.03600858791217395,0.1490916970799829
cn,midpoint,feminine,123,996,0.0005461570338840538,0.00026819746042977544,-0.15830803432078097,0.3104056743070019,0.37107299682263234,0.1661147332692917
cn,midpoint,feminine,124,876,0.00021645531619965408,0.0005697142597544946,-0.15830803432078097,0.3104056743070019,0.14645126161097713,0.3528678247174938
cn,midpoint,feminine,125,821,0.0006511661465932184,0.00045451321412753876,-0.15830803432078097,0.3104056743070019,0.442614416974854,0.28151474768469575
cn,midpoint,feminine,126,596,0.0010609208020977978,-0.000701209835619554,-0.15830803432078097,0.3104056743070019,0.7217752365693574,-0.4343155240666634
cn,midpoint,feminine,127,796,4.146350450948133e-05,-0.0005208550305896842,-0.15830803432078097,0.3104056743070019,0.027231487247218432,-0.3226075944511324
cn,midpoint,feminine,128,744,-0.0003468104950224149,-0.0020414205712931954,-0.15830803432078097,0.3104056743070019,-0.23729482497511734,-1.264413543943735
cn,midpoint,feminine,129,1036,0.0002226995253987174,-0.0005234478676474641,-0.15830803432078097,0.3104056743070019,0.15070536472930174,-0.3242135425682732
cn,midpoint,feminine,130,786,0.0007274372199214951,-0.000914358327282816,-0.15830803432078097,0.3104056743070019,0.4945769634783342,-0.5663351655751493
cn,midpoint,feminine,131,541,0.0010866376166362712,-0.00017805684849625525,-0.15830803432078097,0.3104056743070019,0.7392957867997864,-0.11028569267932914
cn,midpoint,feminine,132,876,-0.00042967461951168295,0.0014348468413827864,-0.15830803432078097,0.3104056743070019,-0.2937491363457089,0.8887125421378602
cn,midpoint,feminine,133,604,0.0011416328568104872,-0.0002827913698985052,-0.15830803432078097,0.3104056743070019,0.7767633692044946,-0.17515602725777965
cn,midpoint,feminine,134,616,-0.0010348156998618296,0.0003744257160911979,-0.15830803432078097,0.3104056743070019,-0.7060243300291698,0.2319102550722263
cn,midpoint,feminine,135,588,0.0027852917461166637,0.007213561189017614,-0.15830803432078097,0.3104056743070019,1.8965680047551832,4.467925280644828
cn,midpoint,feminine,136,1038,0.00023131481685589872,-0.004007491141371389,-0.15830803432078097,0.3104056743070019,0.15657485709973162,-2.482155831569995
cn,midpoint,feminine,137,632,0.0027458777444176463,-0.00145547078292535,-0.15830803432078097,0.3104056743070019,1.8697157289604207,-0.9014887097182753
cn,midpoint,feminine,139,786,0.0006415373498672161,-0.0017592455372549831,-0.15830803432078097,0.3104056743070019,0.4360544358992769,-1.089640330463893
cn,midpoint,feminine,140,777,0.00137168278926178,-0.001530165272369044,-0.15830803432078097,0.3104056743070019,0.9334935657453496,-0.9477528875319039
cn,midpoint,feminine,141,1128,0.0003079380813358623,0.0014667775141336548,-0.15830803432078097,0.3104056743070019,0.20877734711389082,0.9084897215905496
cn,midpoint,feminine,142,1176,-0.0003361093153536887,-0.0022727914671388794,-0.15830803432078097,0.3104056743070019,-0.2300042425575217,-1.4077197549644587
cn,midpoint,feminine,143,996,-0.0005001759386848992,-0.00018959350201497305,-0.15830803432078097,0.3104056743070019,-0.34178082013134625,-0.11743125045392937
cn,midpoint,feminine,144,816,0.00028908028468954683,0.0008952590786038828,-0.15830803432078097,0.3104056743070019,0.19592976162142267,0.5545033603202488
cn,midpoint,feminine,145,664,0.0011183782807729359,0.0011349883875470534,-0.15830803432078097,0.3104056743070019,0.760920311856015,0.702986594608176
cn,midpoint,feminine,146,673,0.0024333796465271784,-0.002605452132313002,-0.15830803432078097,0.3104056743070019,1.6568146088464812,-1.6137626944080303
cn,midpoint,feminine,147,816,-5.9823383027041155e-05,-0.0016170541939929395,-0.15830803432078097,0.3104056743070019,-0.04177402656214428,-1.0015700372303773
cn,midpoint,feminine,148,796,0.0004046415570706785,-0.0004783361682100251,-0.15830803432078097,0.3104056743070019,0.2746602386957456,-0.2962723155809478
cn,midpoint,feminine,149,640,-0.00044184661237856027,-0.0008684992857834195,-0.15830803432078097,0.3104056743070019,-0.30204176575008174,-0.5379310508125741
cn,midpoint,feminine,150,517,-0.00035786909478524587,-5.237462858936892e-05,-0.15830803432078097,0.3104056743070019,-0.2448289133177084,-0.03244079925962269
cn,midpoint,feminine,151,582,0.0005723516245328131,-0.0016951739797538834,-0.15830803432078097,0.3104056743070019,0.3889190500552561,-1.0499557707178695
cn,midpoint,feminine,152,510,0.0037328232957941354,-0.00466369312751691,-0.15830803432078097,0.3104056743070019,2.5421096244687797,-2.8885933826503525
cn,midpoint,feminine,153,816,-0.0007129947417466309,0.0002097780947618033,-0.15830803432078097,0.3104056743070019,-0.4867716596244933,0.12993102090775524
cn,midpoint,feminine,154,1176,-0.00035952858779625396,-0.0011267169460743576,-0.15830803432078097,0.3104056743070019,-0.24595950554610882,-0.6978655766295603
cn,midpoint,feminine,155,1225,0.0003887388112775725,-0.0006799627112745177,-0.15830803432078097,0.3104056743070019,0.2638258930946206,-0.4211555072294372
cn,midpoint,feminine,156,1035,0.0021898718888355706,-0.0006301236976975488,-0.15830803432078097,0.3104056743070019,1.4909157610808594,-0.3902862824264635
cn,midpoint,feminine,157,786,-0.0014034676698450321,-7.537727092837843e-05,-0.15830803432078097,0.3104056743070019,-0.957182394258873,-0.046688146597841616
cn,midpoint,feminine,158,841,-0.0001542082584090887,-0.0015789106772832184,-0.15830803432078097,0.3104056743070019,-0.10607728417011791,-0.9779447543930686
cn,midpoint,feminine,160,633,-0.0002579219404354738,0.0003344937868491882,-0.15830803432078097,0.3104056743070019,-0.1767361432915509,0.20717726755664545
cn,midpoint,feminine,161,721,0.0008264717799230659,0.00017070667249352578,-0.15830803432078097,0.3104056743070019,0.562047994171506,0.10573101310646273
cn,midpoint,feminine,162,601,-0.0007265232667960364,0.0020591500637361926,-0.15830803432078097,0.3104056743070019,-0.4959884777617911,1.2753926774957924
cn,midpoint,feminine,163,848,-0.0008153307800921605,0.001431430945602774,-0.15830803432078097,0.3104056743070019,-0.5564919470082038,0.8865968089567874
cn,midpoint,feminine,164,732,-0.001005381905155034,0.0007398575537858054,-0.15830803432078097,0.3104056743070019,-0.685971446812975,0.45825096164615226
cn,midpoint,feminine,165,573,-0.0005697591133119739,0.0019112614811171436,-0.15830803432078097,0.3104056743070019,-0.3891869833022356,1.1837936353997787
cn,midpoint,feminine,166,1038,-0.00043446677745767603,0.0006253098133730539,-0.15830803432078097,0.3104056743070019,-0.2970139747602533,0.3873025279655162
cn,midpoint,feminine,167,721,-0.001391933942328033,0.001485241424934669,-0.15830803432078097,0.3104056743070019,-0.9493246072066178,0.9199258751648642
cn,midpoint,feminine,168,694,-0.00038619125249939046,-0.0009533404792209654,-0.15830803432078097,0.3104056743070019,-0.26412445188926964,-0.5904798812329747
cn,midpoint,feminine,169,1176,6.157905241685468e-05,0.0009815292015489807,-0.15830803432078097,0.3104056743070019,0.04093596324273787,0.6079372392805468
cn,midpoint,feminine,170,882,0.0005520629783291875,-0.00024922635558294326,-0.15830803432078097,0.3104056743070019,0.37509664431420964,-0.15436657140665275
cn,midpoint,feminine,171,744,0.0027942945719863777,0.0006275542138831636,-0.15830803432078097,0.3104056743070019,1.9027015195662866,0.3886926618971897
cn,midpoint,feminine,172,769,0.0013057730803049394,-0.00043077836311150586,-0.15830803432078097,0.3104056743070019,0.8885900896665496,-0.2668160227822354
cn,midpoint,feminine,173,504,0.0042844372224739025,-0.009181898247206333,-0.15830803432078097,0.3104056743070019,2.9179174250709257,-5.687073519706905
cn,midpoint,feminine,174,1128,0.0011075830529174713,0.0007031713392386951,-0.15830803432078097,0.3104056743070019,0.7535656555626536,0.4355283007677235
cn,midpoint,feminine,175,1000,-0.0003469736403423629,0.0005022121064239826,-0.15830803432078097,0.3104056743070019,-0.23740597387999945,0.31105842689250773
cn,midpoint,feminine,176,924,0.0010284013077280774,0.0007946502721327686,-0.15830803432078097,0.3104056743070019,0.6996201040306655,0.49218840580536094
cn,midpoint,feminine,177,588,0.003071894882802434,0.004179482342373919,-0.15830803432078097,0.3104056743070019,2.091827205500642,2.5886813858524897
cn,midpoint,feminine,178,666,0.000990846605575163,0.0006078539606222955,-0.15830803432078097,0.3104056743070019,0.6740345462052758,0.37649074410349015
cn,midpoint,feminine,179,346,0.0014372911817243095,-0.0020604435386444853,-0.15830803432078097,0.3104056743070019,0.9781917585933693,-1.2761959652526904
cn,midpoint,feminine,180,685,-0.0015426116547024582,0.0014282272991651412,-0.15830803432078097,0.3104056743070019,-1.0519794840115484,0.884612538503284
cn,midpoint,feminine,181,664,0.0003834114355218132,0.004722323992977839,-0.15830803432078097,0.3104056743070019,0.26019641735276655,2.924905956570184
cn,midpoint,feminine,182,724,-0.0002824513569039955,0.0006982998533152651,-0.15830803432078097,0.3104056743070019,-0.19344773378487942,0.43251100601603976
cn,midpoint,feminine,183,718,0.00015433900571920622,0.0006459932360610154,-0.15830803432078097,0.3104056743070019,0.10413218137366992,0.4001133999877638
cn,midpoint,feminine,184,640,-0.00010923058989265044,-0.00045062186960903583,-0.15830803432078097,0.3104056743070019,-0.07543455043220076,-0.2791066685833511
cn,midpoint,feminine,185,649,-0.0015083562379765991,-0.0015710451086559662,-0.15830803432078097,0.3104056743070019,-1.0286416888693155,-0.9730729885066333
cn,midpoint,feminine,186,876,-0.0008408503693793645,0.0008257882265508831,-0.15830803432078097,0.3104056743070019,-0.5738781300946615,0.5114745923859418
cn,midpoint,feminine,187,796,-0.0011439248071733465,0.0009391475115734793,-0.15830803432078097,0.3104056743070019,-0.7803590262019318,0.5816869220794804
cn,midpoint,feminine,188,604,-0.0008819523661944828,0.0015717604244504524,-0.15830803432078097,0.3104056743070019,-0.6018804162523372,0.973513902978787
cn,midpoint,feminine,189,924,-0.0009332364640247393,0.001477410916478239,-0.15830803432078097,0.3104056743070019,-0.636819642909395,0.9150758248024142
cn,midpoint,feminine,190,664,-0.0009175214633775353,-0.0006509225422904885,-0.15830803432078097,0.3104056743070019,-0.6261132057727641,-0.4031686443213278
cn,midpoint,feminine,191,664,-0.002265115368468129,0.0008843114043737277,-0.15830803432078097,0.3104056743070019,-1.544212399941513,0.5477226037878493
cn,midpoint,feminine,192,744,-0.00124558378980269,-0.0017567820761280606,-0.15830803432078097,0.3104056743070019,-0.8496180438328705,-1.0881145150461597
cn,midpoint,feminine,193,801,0.0001006355700814976,-0.001013561708178401,-0.15830803432078097,0.3104056743070019,0.06754468955078359,-0.6277796293856445
cn,midpoint,feminine,195,681,-0.003717901385964839,0.0003842125581196565,-0.15830803432078097,0.3104056743070019,-2.5339776897108286,0.23797201683284203
cn,midpoint,feminine,196,856,0.00019168975127634158,-0.0009048018632932253,-0.15830803432078097,0.3104056743070019,0.12957878607265944,-0.5604160950710629
cn,midpoint,feminine,197,889,0.0003873093405287742,-0.0005157669351438798,-0.15830803432078097,0.3104056743070019,0.262852012211365,-0.31945613636914294
cn,midpoint,feminine,198,596,0.008336718049982095,-0.0003006726017389383,-0.15830803432078097,0.3104056743070019,5.678686636201065,-0.18623128187902072
cn,midpoint,feminine,199,918,0.0006159544430081598,-8.87712563441001e-05,-0.15830803432078097,0.3104056743070019,0.4186251153279474,-0.054984096239122794
cn,midpoint,feminine,200,616,0.003134313772674563,-0.00242128306431183,-0.15830803432078097,0.3104056743070019,2.134352429365214,-1.499692291447457
cn,midpoint,feminine,201,664,-0.0015114134844234073,0.000843812987440129,-0.15830803432078097,0.3104056743070019,-1.0307245533647595,0.5226387458467779
cn,midpoint,feminine,202,996,-0.0005404211848103468,0.0011114511168821006,-0.15830803432078097,0.3104056743070019,-0.36919941255545824,0.6884081098578152
cn,midpoint,feminine,203,996,-6.930364802998357e-05,0.0019742119805192804,-0.15830803432078097,0.3104056743070019,-0.04823281479710776,1.222783835607152
cn,midpoint,feminine,204,666,-0.0008704377311009592,0.0010565770767856364,-0.15830803432078097,0.3104056743070019,-0.5940356366339548,0.6544202967368926
cn,midpoint,feminine,205,625,0.0012913145906290335,-0.0007171068080791265,-0.15830803432078097,0.3104056743070019,0.8787396980387736,-0.4441617706378034
cn,midpoint,feminine,206,601,-0.0031376809162151076,0.003366435525528899,-0.15830803432078097,0.3104056743070019,-2.1386806022832703,2.085097483137987
cn,midpoint,feminine,207,835,-0.0010857015088599486,0.0021962429342927137,-0.15830803432078097,0.3104056743070019,-0.7406922073914209,1.3603050851934007
cn,midpoint,feminine,208,631,-0.0005762497784593257,0.0009386755659659407,-0.15830803432078097,0.3104056743070019,-0.39360899383440867,0.5813946090096925
cn,midpoint,feminine,209,796,-0.0016513307420641665,0.0004310633958862775,-0.15830803432078097,0.3104056743070019,-1.1260484643775854,0.26699042910522697
cn,midpoint,feminine,210,996,0.00018182418599746453,-0.0006176041129117293,-0.15830803432078097,0.3104056743070019,0.1228574974868764,-0.3825319179345478
cn,midpoint,feminine,211,619,-0.0017072316460227666,-0.0012497471845626107,-0.15830803432078097,0.3104056743070019,-1.1641330644071803,-0.7740678891731692
cn,midpoint,feminine,212,652,0.001422728465827361,-0.00039853705519454774,-0.15830803432078097,0.3104056743070019,0.9682703589199283,-0.246846442515695
cn,midpoint,feminine,213,991,0.0005588140702922628,0.001190651597151815,-0.15830803432078097,0.3104056743070019,0.3796960804408088,0.7374632025348318
cn,midpoint,feminine,214,1038,0.00014387976351051823,2.0341389012079603e-07,-0.15830803432078097,0.3104056743070019,0.09700642797931433,0.00012492177924015846
cn,midpoint,feminine,215,1041,0.0008964482783895,-0.00125124720341524,-0.15830803432078097,0.3104056743070019,0.6097221240485367,-0.7749969689411506
cn,midpoint,feminine,216,609,-0.0013180765229212354,-0.003465929350896013,-0.15830803432078097,0.3104056743070019,-0.8990064535071874,-2.146723978989938
cn,midpoint,feminine,217,946,0.00011452301931408337,-0.0012965820081166646,-0.15830803432078097,0.3104056743070019,0.07700603833051058,-0.8030763825829543
cn,midpoint,feminine,218,808,-0.000842252906844948,0.0011008494284902026,-0.15830803432078097,0.3104056743070019,-0.574833661662502,0.6818416495936055
cn,midpoint,feminine,219,744,-0.0003570019775655242,0.0009025249031534566,-0.15830803432078097,0.3104056743070019,-0.24423815699440582,0.5590036574831004
cn,midpoint,feminine,220,732,-0.0009155237876674882,0.0010444775940297024,-0.15830803432078097,0.3104056743070019,-0.6247522138206066,0.6469261345056154
cn,midpoint,feminine,221,996,0.001016726493068859,-0.000501755356107525,-0.15830803432078097,0.3104056743070019,0.6916661960393874,-0.3107776623770785
cn,midpoint,feminine,222,1084,-0.00021738115211533682,0.0005572645101911688,-0.15830803432078097,0.3104056743070019,-0.14911620159614722,0.34515671467681225
cn,midpoint,feminine,223,1041,-8.403205799831226e-05,0.0007406347087842158,-0.15830803432078097,0.3104056743070019,-0.05826709980851147,0.45873231492004146
cn,midpoint,feminine,224,597,0.00044874842496545053,-0.0019437007195596823,-0.15830803432078097,0.3104056743070019,0.30470970665380626,-1.203887946537669
cn,midpoint,feminine,225,632,-0.0013161852634249183,-0.0014215681721779228,-0.15830803432078097,0.3104056743070019,-0.8977179616158442,-0.880490153818813
cn,midpoint,feminine,226,816,-0.001514903055034461,0.0022979130504455214,-0.15830803432078097,0.3104056743070019,-1.0331019550092024,1.4232773923482875
cn,midpoint,feminine,227,1225,0.0006724211205193786,-0.0012396991865659124,-0.15830803432078097,0.3104056743070019,0.4570951699375751,-0.7678443729612985
cn,midpoint,feminine,228,826,0.0011213522137359655,-0.0013349975020521265,-0.15830803432078097,0.3104056743070019,0.7629464158971178,-0.8268701223282177
cn,midpoint,feminine,229,1128,0.0007910339083029572,-0.0011766727270711153,-0.15830803432078097,0.3104056743070019,0.5379046070171317,-0.7288071246884017
cn,midpoint,feminine,230,506,-0.0005790392472151684,0.0005803622904890782,-0.15830803432078097,0.3104056743070019,-0.39550942467431066,0.3594629884429397
cn,midpoint,feminine,231,606,0.0003866894871400739,0.00015186862104960008,-0.15830803432078097,0.3104056743070019,0.26242971370250506,0.09406312477688211
cn,midpoint,feminine,232,685,-0.00040551252111337144,-0.0007402041546103466,-0.15830803432078097,0.3104056743070019,-0.27728779514706015,-0.45846777573807085
cn,midpoint,feminine,233,616,0.006277510114137824,-0.0024075850534172605,-0.15830803432078097,0.3104056743070019,4.275773533535005,-1.4912080348919974
cn,midpoint,feminine,234,606,5.5879048209001025e-05,0.00048692924392212955,-0.15830803432078097,0.3104056743070019,0.03705262030817843,0.30159254696544896
cn,midpoint,feminine,235,681,-0.00021005472378443635,-0.0012847518315970974,-0.15830803432078097,0.3104056743070019,-0.14412479586083957,-0.7957490229056324
cn,midpoint,feminine,236,1041,0.0001839351557387514,-0.0011143758229085199,-0.15830803432078097,0.3104056743070019,0.12429567527253492,-0.6902217474687145
cn,midpoint,feminine,237,606,0.001123377335089576,0.00037410311571994814,-0.15830803432078097,0.3104056743070019,0.7643261062295096,0.23171044326483062
cn,midpoint,feminine,238,744,-0.001434226814599343,0.0004888222006956822,-0.15830803432078097,0.3104056743070019,-0.978138222201976,0.3027650041228296
cn,midpoint,feminine,239,708,-0.0004277356878255867,-0.0009118850163467029,-0.15830803432078097,0.3104056743070019,-0.29242816597635013,-0.5648032493951347
cn,midpoint,feminine,240,816,-0.0010730534070381714,0.0004253363572155333,-0.15830803432078097,0.3104056743070019,-0.7320752107973637,0.2634432231817088
cn,midpoint,feminine,241,956,0.0006947476941999153,-0.0006712734616119986,-0.15830803432078097,0.3104056743070019,0.47230599066570234,-0.41577357083161454
cn,midpoint,feminine,242,596,-0.002073608670078414,-0.005654424661783342,-0.15830803432078097,0.3104056743070019,-1.4137412358873127,-3.502231419515477
cn,midpoint,feminine,243,1041,4.776454099161831e-05,-0.0002670494956573677,-0.15830803432078097,0.3104056743070019,0.03152430609629815,-0.1654058452237923
cn,midpoint,feminine,244,961,-0.0010209600286933407,0.0005890251687266645,-0.15830803432078097,0.3104056743070019,-0.696584631254633,0.36482859094114845
cn,midpoint,feminine,245,696,-0.0009442074405562328,0.00015020520268427262,-0.15830803432078097,0.3104056743070019,-0.6442940346195083,0.09303283882667188
cn,midpoint,feminine,246,744,-0.0002985143780860344,0.0005997769002843989,-0.15830803432078097,0.3104056743070019,-0.2043912730420966,0.37148798475046535
cn,midpoint,feminine,247,700,-0.0009936782713466652,-0.0011593961275324638,-0.15830803432078097,0.3104056743070019,-0.6779979046889572,-0.7181063664527686
cn,midpoint,feminine,248,903,7.592249972213083e-05,0.00012617524410007963,-0.15830803432078097,0.3104056743070019,0.05070797791483647,0.07814919365989861
cn,midpoint,feminine,249,632,0.0016258057950712113,0.0006899495901303565,-0.15830803432078097,0.3104056743070019,1.1066244518172146,0.4273390306313171
cn,midpoint,feminine,250,996,-0.0005609080782741915,-0.00010694636322178264,-0.15830803432078097,0.3104056743070019,-0.3831568817226347,-0.06624137080694295
cn,midpoint,feminine,251,721,7.2832693515101354e-06,-0.0006022135619581648,-0.15830803432078097,0.3104056743070019,0.003944912384799421,-0.3729993380713149
cn,midpoint,feminine,252,664,-0.0006039563451867846,0.00032108332667796224,-0.15830803432078097,0.3104056743070019,-0.41248513781930796,0.19887111380226621
cn,midpoint,feminine,253,571,-0.0035188932086284985,-0.001058055683681891,-0.15830803432078097,0.3104056743070019,-2.3983958600844897,-0.655338251308891
cn,midpoint,feminine,254,721,0.0007249012439717595,-0.001895477726785555,-0.15830803432078097,0.3104056743070019,0.4928492341771787,-1.1740196506429723
cn,midpoint,feminine,255,769,-0.001144737843667698,0.0021184255098805616,-0.15830803432078097,0.3104056743070019,-0.7809129379905456,1.3121066278933309
cn,midpoint,feminine,256,681,-0.0012322252877753903,0.001451615062401601,-0.15830803432078097,0.3104056743070019,-0.8405170602945539,0.8990984215328516
cn,midpoint,feminine,257,606,-0.0017295795060681685,0.0013552591298363614,-0.15830803432078097,0.3104056743070019,-1.1793583872745321,0.8394176066454745
cn,midpoint,feminine,258,816,0.0007283194368807311,0.0005686178451893564,-0.15830803432078097,0.3104056743070019,0.4951780070689121,0.35218872885946206
cn,midpoint,feminine,259,913,6.283762098924228e-05,0.0002226851490897963,-0.15830803432078097,0.3104056743070019,0.04179341056997068,0.13792537579159928
cn,midpoint,feminine,260,918,0.0011282080322851384,0.0004068190270450911,-0.15830803432078097,0.3104056743070019,0.767617200961955,0.25197398278634076
cn,midpoint,feminine,261,748,-0.00013403108098808403,0.00019314666748909692,-0.15830803432078097,0.3104056743070019,-0.09233082074308208,0.11962986864914137
cn,midpoint,feminine,262,808,-0.0018944228828325083,0.0010511924339325351,-0.15830803432078097,0.3104056743070019,-1.2916641574325098,0.6510851634991649
cn,midpoint,feminine,263,796,0.0017715957115304604,-0.00010410156804435688,-0.15830803432078097,0.3104056743070019,1.2059493332325602,-0.06447936519030385
cn,midpoint,feminine,264,681,-0.00018452397906768003,-0.0009822551837506688,-0.15830803432078097,0.3104056743070019,-0.12673101271709178,-0.6083890341270328
cn,midpoint,feminine,265,1041,-0.0011219902646745772,0.0006551434929577549,-0.15830803432078097,0.3104056743070019,-0.7654152915081878,0.4057808744596289
cn,midpoint,feminine,266,993,-7.778566178068269e-05,0.0008993074859518502,-0.15830803432078097,0.3104056743070019,-0.05401150670126979,0.5570108577113321
cn,midpoint,feminine,267,758,-0.0010538840205581435,-2.1537634509738446e-05,-0.15830803432078097,0.3104056743070019,-0.7190153429740228,-0.013341021110482713
cn,midpoint,feminine,268,924,-0.0006298255049998758,0.002578945107341968,-0.15830803432078097,0.3104056743070019,-0.43010947901623914,1.5973426701006428
cn,midpoint,feminine,269,618,-0.0016266266642259442,0.0008703446658030467,-0.15830803432078097,0.3104056743070019,-1.1092178792359664,0.5390719030263489
cn,midpoint,feminine,270,1000,0.00043158038751955896,0.0010455981333739595,-0.15830803432078097,0.3104056743070019,0.2930133333732575,0.6476201727386359
cn,midpoint,feminine,271,961,-0.0009085047886204511,0.0029254264382849726,-0.15830803432078097,0.3104056743070019,-0.6199702558846046,1.8119458359196323
cn,midpoint,feminine,272,732,0.0014786469885744447,-0.0019424125406798942,-0.15830803432078097,0.3104056743070019,1.0063669624139557,-1.2030900759424734
cn,midpoint,feminine,273,616,-0.0010385651781578409,8.414521366839622e-05,-0.15830803432078097,0.3104056743070019,-0.7085788035906169,0.05211668689955179
cn,midpoint,feminine,274,1036,0.0011275924811584015,0.000427734022692694,-0.15830803432078097,0.3104056743070019,0.767197833531387,0.26492828617362574
cn,midpoint,feminine,275,609,0.005182760908625517,0.0005610241158854334,-0.15830803432078097,0.3104056743070019,3.5299343310861335,0.3474853344671611
cn,midpoint,feminine,276,648,-0.0004257925155049802,-0.0008000795149903372,-0.15830803432078097,0.3104056743070019,-0.291104306514727,-0.4955533002514034
cn,midpoint,feminine,277,1041,-0.0006706644810953455,-0.000285426129408739,-0.15830803432078097,0.3104056743070019,-0.4579325723845688,-0.17678794125016986
cn,midpoint,feminine,278,552,0.000550615019214773,0.001216913280954135,-0.15830803432078097,0.3104056743070019,0.3741101675342899,0.7537291308270612
cn,midpoint,feminine,279,786,-0.0014841462440339792,0.0023442701026302193,-0.15830803432078097,0.3104056743070019,-1.0121477170239508,1.4519899643353444
cn,midpoint,feminine,280,636,-0.0026073533524098025,-0.0012269229459556663,-0.15830803432078097,0.3104056743070019,-1.777374939549218,-0.7599310413114758
cn,midpoint,feminine,281,721,0.0012623457821739348,0.00011230838365822171,-0.15830803432078097,0.3104056743070019,0.8590036042510334,0.0695603552867213
cn,midpoint,feminine,282,588,-0.0018378931604626503,0.0024109538528347407,-0.15830803432078097,0.3104056743070019,-1.2531511511341764,1.493292460673674
cn,midpoint,feminine,283,816,-0.0008921714514125434,0.001674580840644757,-0.15830803432078097,0.3104056743070019,-0.6088425536354182,1.037198681509477
cn,midpoint,feminine,284,721,-0.002383977923898689,0.0011683974726764412,-0.15830803432078097,0.3104056743070019,-1.6251920006546068,0.7236794712384096
cn,midpoint,feminine,285,486,0.0006145506285183122,-0.0003492078434800261,-0.15830803432078097,0.3104056743070019,0.4176687137391432,-0.2162929781414978
cn,midpoint,feminine,286,825,0.00025352892653582315,-0.0006575145284460904,-0.15830803432078097,0.3104056743070019,0.17170905748404086,-0.4072515803172641
cn,midpoint,feminine,287,996,0.00048141932460696313,0.0004147683817929959,-0.15830803432078097,0.3104056743070019,0.3269679897466081,0.2568976440135577
cn,midpoint,feminine,288,825,-0.0008252620374815389,0.0013693433580856396,-0.15830803432078097,0.3104056743070019,-0.5632579908229076,0.8481410780145843
cn,midpoint,feminine,289,1041,0.0015046878857383483,-0.00023644739642569856,-0.15830803432078097,0.3104056743070019,1.0241083061609833,-0.14645155594664977
cn,midpoint,feminine,290,648,0.0005024315028626936,0.0014913804453950963,-0.15830803432078097,0.3104056743070019,0.3412833289978786,0.9237282538449783
cn,midpoint,feminine,291,758,-0.0025677007977213395,0.0018951589191147367,-0.15830803432078097,0.3104056743070019,-1.7503601405295068,1.1738200510392363
cn,midpoint,feminine,292,769,0.0005540966865203445,0.0008327349676987006,-0.15830803432078097,0.3104056743070019,0.37648218475367173,0.5157772560774868
cn,midpoint,feminine,293,826,-0.000447588343863492,0.00118612380609473,-0.15830803432078097,0.3104056743070019,-0.30595353696657057,0.7346587850720703
cn,midpoint,feminine,294,673,-0.00039394233049241945,-0.0006303689720694727,-0.15830803432078097,0.3104056743070019,-0.2694051662294407,-0.3904382001548037
cn,midpoint,feminine,295,551,0.0002822095904880251,0.0004943872884728973,-0.15830803432078097,0.3104056743070019,0.1912488419571467,0.3062119011080163
cn,midpoint,feminine,296,694,0.0005506924776014221,-0.0009602630398370948,-0.15830803432078097,0.3104056743070019,0.37416293898279196,-0.5947675680175755
cn,midpoint,feminine,297,1225,9.882904528410452e-05,0.000302484475778908,-0.15830803432078097,0.3104056743070019,0.06631392637022368,0.1873513812017557
cn,midpoint,feminine,298,961,0.0002123129061222806,-0.0013453267805112468,-0.15830803432078097,0.3104056743070019,0.14362908844769212,-0.833267857674939
cn,midpoint,feminine,299,825,0.0008496747105535551,-0.0009547130111665636,-0.15830803432078097,0.3104056743070019,0.5778558661377817,-0.591329998322722
cn,midpoint,feminine,300,801,-0.0008184943567789427,0.001268203964267356,-0.15830803432078097,0.3104056743070019,-0.5586472529915969,0.7854974889838447
cn,midpoint,feminine,301,696,0.00034480006448572853,0.0001652343904492981,-0.15830803432078097,0.3104056743070019,0.2338909639813395,0.10234159801806696
cn,midpoint,feminine,302,744,0.0001232505328007949,-0.0006145238114984575,-0.15830803432078097,0.3104056743070019,0.082951986192829,-0.3806240447652613
cn,midpoint,feminine,303,816,0.0004427964463183942,0.0024606881563249416,-0.15830803432078097,0.3104056743070019,0.3006546966252438,1.5240968302763618
cn,midpoint,feminine,304,830,-0.00035484725102061243,0.0015091761400715664,-0.15830803432078097,0.3104056743070019,-0.24277016823528144,0.9347505285664606
cn,midpoint,feminine,305,686,-0.000661300752662991,0.0010910739882103448,-0.15830803432078097,0.3104056743070019,-0.4515531790853822,0.6757869498335279
cn,midpoint,feminine,306,758,-0.001958016890989206,0.0012102774308058173,-0.15830803432078097,0.3104056743070019,-1.3349899749670582,0.749619026407139
cn,midpoint,feminine,307,549,0.005109924566724766,-0.003323454540462234,-0.15830803432078097,0.3104056743070019,3.4803118249641702,-2.05847811222034
cn,midpoint,feminine,308,841,0.00019968430269101667,-0.0010007130705749767,-0.15830803432078097,0.3104056743070019,0.1350253758678696,-0.6198214565783212
cn,midpoint,feminine,309,856,0.0016110559285423542,-0.0021523453120226854,-0.15830803432078097,0.3104056743070019,1.0965755487143694,-1.333117968691269
cn,midpoint,feminine,310,561,-0.0003070430461171725,0.001147495606802773,-0.15830803432078097,0.3104056743070019,-0.2102017499351293,0.7107333001537951
cn,midpoint,feminine,311,1041,-0.0003169844386960996,0.001337234590602976,-0.15830803432078097,0.3104056743070019,-0.21697469873012595,0.8282535904735631
cn,midpoint,feminine,312,1035,-0.0005878439827630699,0.0003174737365370106,-0.15830803432078097,0.3104056743070019,-0.40150798297949525,0.19663541045441496
cn,midpoint,feminine,314,681,0.0012576801660627024,0.0029535028913821315,-0.15830803432078097,0.3104056743070019,0.8558249772359942,1.82933579370818
cn,midpoint,feminine,315,993,0.0003888571686062603,-0.0001100445758656643,-0.15830803432078097,0.3104056743070019,0.2639065284905524,-0.06816033781145032
cn,midpoint,feminine,316,848,-0.0008170388070072032,0.0013818698824367703,-0.15830803432078097,0.3104056743070019,-0.55765560478997,0.8558997407256309
cn,midpoint,feminine,317,909,0.0005712282376238442,0.0001038298029006346,-0.15830803432078097,0.3104056743070019,0.3881537003367928,0.06430890272713312
cn,midpoint,feminine,318,1035,0.0003538081411240679,-0.0009562392139574327,-0.15830803432078097,0.3104056743070019,0.24002805607668679,-0.5922752958650481
cn,midpoint,feminine,319,796,0.0014336548316598585,-0.0030172406498406024,-0.15830803432078097,0.3104056743070019,0.9757143579081359,-1.868815742342288
cn,midpoint,feminine,320,918,0.00010274974080354271,-0.0022751012495155765,-0.15830803432078097,0.3104056743070019,0.06898504812536048,-1.4091503850334528
cn,midpoint,feminine,321,769,0.0010479737180026927,-0.0007121101289884746,-0.15830803432078097,0.3104056743070019,0.7129545470206377,-0.44106693390152957
cn,midpoint,feminine,322,748,-0.00014358676722381336,-0.0008198847723831504,-0.15830803432078097,0.3104056743070019,-0.09884099253861474,-0.5078202553707163
cn,midpoint,feminine,323,821,8.532362001073546e-06,-0.0012188903376482707,-0.15830803432078097,0.3104056743070019,0.004795903882070388,-0.754955814600532
cn,midpoint,feminine,324,848,-0.0011913667171033482,0.0012801293524267177,-0.15830803432078097,0.3104056743070019,-0.8126806173816075,0.792883820725454
cn,midpoint,feminine,325,471,0.0026472896839208893,-0.0008552557023819296,-0.15830803432078097,0.3104056743070019,1.8025488929018623,-0.5297282569794626
cn,midpoint,feminine,326,848,-0.00043463323668219145,0.001335415150252206,-0.15830803432078097,0.3104056743070019,-0.2971273813876596,0.8271266678245668
cn,midpoint,feminine,327,889,0.00036430341423934753,-0.0009902078221137867,-0.15830803432078097,0.3104056743070019,0.24717835688564704,-0.6133147291556617
cn,midpoint,feminine,328,780,-0.00023048117799850942,0.001098432962203244,-0.15830803432078097,0.3104056743070019,-0.15804108850866408,0.6803449417800422
cn,midpoint,feminine,329,882,0.00048733164775410787,-0.0023226719715738753,-0.15830803432078097,0.3104056743070019,0.3309959829696065,-1.4386146783222749
cn,midpoint,strong,0,1000,0.0005195973002654689,-0.000789765503629792,-0.009104861242254972,0.02006698357453736,0.5234490206204684,-0.6954770248348844
cn,midpoint,strong,2,681,-0.0010736066852610263,0.001485661412639866,-0.009104861242254972,0.02006698357453736,-1.0823355235957897,1.3088157700762648
cn,midpoint,strong,3,909,-0.0001807254114656598,-0.0010612876726400593,-0.009104861242254972,0.02006698357453736,-0.18240371178393644,-0.9346452983200665
cn,midpoint,strong,4,1082,-2.0339086691401748e-05,-0.0005963984569980797,-0.009104861242254972,0.02006698357453736,-0.02075091417243453,-0.5251511068429486
cn,midpoint,strong,5,700,0.00027820342154538484,-0.0003758498977153614,-0.009104861242254972,0.02006698357453736,0.280149001891838,-0.3308825565600527
cn,midpoint,strong,6,825,-1.8953824910796294e-05,-0.000844923999675281,-0.009104861242254972,0.02006698357453736,-0.019354713825713302,-0.7440629738766366
cn,midpoint,strong,7,825,0.0009531439680388141,-0.0009882552179341364,-0.009104861242254972,0.02006698357453736,0.9604191416039631,-0.8703152063645185
cn,midpoint,strong,8,825,0.000978511751002881,-0.0006137388028945312,-0.009104861242254972,0.02006698357453736,0.9859872384545807,-0.5404252209412834
cn,midpoint,strong,9,732,1.014318322327748e-05,-7.073016942310897e-05,-0.009104861242254972,0.02006698357453736,0.009972055608139204,-0.06212012405618446
cn,midpoint,strong,10,515,-0.000236755950777906,-0.002689941550585096,-0.009104861242254972,0.02006698357453736,-0.2388766900397457,-2.3692328957634694
cn,midpoint,strong,11,889,0.0004803218827210583,-3.2991200070532634e-05,-0.009104861242254972,0.02006698357453736,0.48386346909448913,-0.02887803492561119
cn,midpoint,strong,12,816,-0.0007572470871891473,0.0005679417085297477,-0.009104861242254972,0.02006698357453736,-0.7634778270212901,0.5004492268381345
cn,midpoint,strong,13,1084,-0.00022237424844706762,0.0003498176383686137,-0.009104861242254972,0.02006698357453736,-0.22438142419044044,0.3083162696797581
cn,midpoint,strong,14,609,0.0016863138498194041,0.0014603384214934255,-0.009104861242254972,0.02006698357453736,1.6993784180955256,1.2865102025638542
cn,midpoint,strong,15,758,0.0003283903085191872,-0.0001492004521822035,-0.009104861242254972,0.02006698357453736,0.33073218405619115,-0.13124008621543273
cn,midpoint,strong,16,1000,0.0001848510461145928,0.0003506746464678502,-0.009104861242254972,0.02006698357453736,0.18605947977511939,0.3090711588595417
cn,midpoint,strong,17,700,-0.0013014371064880978,0.00229433975192506,-0.009104861242254972,0.02006698357453736,-1.311964982492613,2.021134041975421
cn,midpoint,strong,18,758,-0.0005716179816861889,8.500269381200853e-05,-0.009104861242254972,0.02006698357453736,-0.5763829218608343,0.0750560047314381
cn,midpoint,strong,19,856,-0.0003535397285240327,0.0014716278631906957,-0.009104861242254972,0.02006698357453736,-0.3565826379431745,1.2964544229167994
cn,midpoint,strong,20,744,0.0007195674283613628,0.00013845584132877314,-0.009104861242254972,0.02006698357453736,0.724998190669285,0.12213981026574759
cn,midpoint,strong,21,686,0.0002483504332758714,0.0006146949244672656,-0.009104861242254972,0.02006698357453736,0.250060282809195,0.5416314477095111
cn,midpoint,strong,22,786,-0.0007306335408536497,0.0017452077421105036,-0.009104861242254972,0.02006698357453736,-0.736654129766853,1.5374352147985164
cn,midpoint,strong,23,619,2.7609525773493807e-05,9.815380962629322e-06,-0.009104861242254972,0.02006698357453736,0.027576319196430193,0.008827822083500102
cn,midpoint,strong,24,1000,0.00017164847922532776,-0.00043915642407925046,-0.009104861242254972,0.02006698357453736,0.17275266027971298,-0.38664563721746664
cn,midpoint,strong,25,1041,0.0006160929755235842,-0.0001404783105639698,-0.009104861242254972,0.02006698357453736,0.6207066632832107,-0.12355725295165115
cn,midpoint,strong,26,961,-0.0005363372701742055,0.0014854834742614696,-0.009104861242254972,0.02006698357453736,-0.540823620120716,1.3086590343853894
cn,midpoint,strong,27,636,0.00030636795263298995,0.001489842383403911,-0.009104861242254972,0.02006698357453736,0.30853593107757504,1.3124985469293433
cn,midpoint,strong,28,649,0.00025479698835861354,0.00013801622600020935,-0.009104861242254972,0.02006698357453736,0.2565577423996474,0.12175257838883131
cn,midpoint,strong,29,604,-0.002937796642350534,-0.001265954649527161,-0.009104861242254972,0.02006698357453736,-2.961245850064917,-1.1149246754329858
cn,midpoint,strong,30,924,0.0003405681403115344,0.00018723583869260235,-0.009104861242254972,0.02006698357453736,0.34300617674756284,0.16510730641033536
cn,midpoint,strong,31,918,-0.00032624129288338563,-4.5935038906159964e-05,-0.009104861242254972,0.02006698357453736,-0.3290686432310992,-0.040279518634554215
cn,midpoint,strong,32,961,0.0005703754336091223,-0.00044535214455616173,-0.009104861242254972,0.02006698357453736,0.5746281178661016,-0.3921030912988814
cn,midpoint,strong,33,633,0.0006725666171346883,0.00023609573179617788,-0.009104861242254972,0.02006698357453736,0.6776262427460698,0.2081451781202171
cn,midpoint,strong,34,1038,0.00023147357852548213,-7.238676763113988e-05,-0.009104861242254972,0.02006698357453736,0.23305016184580682,-0.06357932620795578
cn,midpoint,strong,35,606,-0.00032902638645524937,0.0013309415100677471,-0.009104861242254972,0.02006698357453736,-0.33187572898566875,1.172531900118781
cn,midpoint,strong,36,769,4.6441488152096366e-05,-0.00045731883501608575,-0.009104861242254972,0.02006698357453736,0.04655698607872449,-0.4026438611633244
cn,midpoint,strong,37,856,-0.0010763396239549545,0.0011717349771575153,-0.009104861242254972,0.02006698357453736,-1.0850900426372108,1.0322960153565974
cn,midpoint,strong,38,918,-0.0004864371475114468,0.001656642448199512,-0.009104861242254972,0.02006698357453736,-0.4905294666700054,1.4594231375062252
cn,midpoint,strong,39,606,-0.0011351550423290106,0.0010933029136926814,-0.009104861242254972,0.02006698357453736,-1.144369890443681,0.9632097183770855
cn,midpoint,strong,40,649,-0.0011679791123312376,0.0017021039271362705,-0.009104861242254972,0.02006698357453736,-1.1774531520766414,1.4994675414936445
cn,midpoint,strong,41,918,-0.000225741410990965,0.0032138966903751086,-0.009104861242254972,0.02006698357453736,-0.227775175160168,2.831118899352211
cn,midpoint,strong,42,796,0.0013223658008301303,-0.0006826409213451096,-0.009104861242254972,0.02006698357453736,1.3325564936754035,-0.6011171370723497
cn,midpoint,strong,43,1000,-0.0009559049648513954,0.0004897313723651632,-0.009104861242254972,0.02006698357453736,-0.9637043845963541,0.43155823669407734
cn,midpoint,strong,44,601,0.0018723741453565475,-0.003096964396543271,-0.009104861242254972,0.02006698357453736,1.8869079181344808,-2.7277559279404877
cn,midpoint,strong,45,993,-6.126970053168743e-05,-0.0005927154809317638,-0.009104861242254972,0.02006698357453736,-0.06200473206838642,-0.5219069848978461
cn,midpoint,strong,46,856,-0.0004196950362819942,0.0003801209065610392,-0.009104861242254972,0.02006698357453736,-0.42326033375655714,0.33500867701047143
cn,midpoint,strong,47,596,0.0004573183293519571,0.00037561154284973877,-0.009104861242254972,0.02006698357453736,0.4606782707157959,0.3310366376838864
cn,midpoint,strong,48,1041,-0.0002751257603940682,0.0007713884941429675,-0.009104861242254972,0.02006698357453736,-0.27754948260484374,0.6796538075859548
cn,midpoint,strong,49,636,0.0007321451554550499,0.002004803680269316,-0.009104861242254972,0.02006698357453736,0.7376752363909214,1.7660983569630206
cn,midpoint,strong,50,889,0.0007824582887612421,-0.0017166589892936707,-0.009104861242254972,0.02006698357453736,0.7883856617778356,-1.511924224998896
cn,midpoint,strong,51,648,0.0010143074518694263,-0.0018408153922479624,-0.009104861242254972,0.02006698357453736,1.0220655961056204,-1.6212864647193133
cn,midpoint,strong,52,616,-0.0028976120569850156,0.0017338450505728215,-0.009104861242254972,0.02006698357453736,-2.9207439515748974,1.527426472871041
cn,midpoint,strong,53,1041,-0.0001165148865464611,-0.0001804625170185141,-0.009104861242254972,0.02006698357453736,-0.11768615557145388,-0.15877704240481666
cn,midpoint,strong,54,918,-0.0008182174011977014,0.00028822396858939683,-0.009104861242254972,0.02006698357453736,-0.8249295863567991,0.25406194594476067
cn,midpoint,strong,55,636,-0.000708012685568072,-0.00047717325519335343,-0.009104861242254972,0.02006698357453736,-0.7138546514046836,-0.42013247880421734
cn,midpoint,strong,56,501,-0.0003283548660609169,0.0002414388056609304,-0.009104861242254972,0.02006698357453736,-0.33119890600497004,0.21285158480514726
cn,midpoint,strong,57,1129,8.419206556852486e-05,-0.00031940387530579595,-0.009104861242254972,0.02006698357453736,0.08460565674565593,-0.2811624995421995
cn,midpoint,strong,58,889,-0.0013427734252492189,0.00397458955554603,-0.009104861242254972,0.02006698357453736,-1.3536277089133415,3.501169524973672
cn,midpoint,strong,59,587,0.0013348877067643136,-0.0006774505420591229,-0.009104861242254972,0.02006698357453736,1.345177277451937,-0.5965452302660375
cn,midpoint,strong,60,796,0.0005715174576959737,-2.3115482908009355e-05,-0.009104861242254972,0.02006698357453736,0.5757791598195792,-0.020179083264322127
cn,midpoint,strong,61,596,-0.0008747066888273956,0.001168140773452446,-0.009104861242254972,0.02006698357453736,-0.8818649353853001,1.0291300878825025
cn,midpoint,strong,62,636,-0.0005356286292907166,4.7259589651162115e-05,-0.009104861242254972,0.02006698357453736,-0.5401093835330325,0.04181027348589959
cn,midpoint,strong,63,601,0.004353871864289743,-0.004848469636826759,-0.009104861242254972,0.02006698357453736,4.388000508769704,-4.270556229830425
cn,midpoint,strong,64,596,0.0005007998081948701,1.1461554499068993e-05,-0.009104861242254972,0.02006698357453736,0.5045030962371445,0.010277841741203945
cn,midpoint,strong,65,588,0.0007132363447252682,-0.0036735351607464183,-0.009104861242254972,0.02006698357453736,0.7186171143329603,-3.235623976870534
cn,midpoint,strong,66,856,-0.0008374425986250721,0.0016199112783563847,-0.009104861242254972,0.02006698357453736,-0.8443065934248403,1.4270687610422557
cn,midpoint,strong,67,1176,9.418055238008365e-05,3.204672263107389e-05,-0.009104861242254972,0.02006698357453736,0.09467301653625337,0.028410133257141385
cn,midpoint,strong,68,649,-0.0015004816658165951,0.0026223742461349946,-0.009104861242254972,0.02006698357453736,-1.512581275122846,2.3100807747956362
cn,midpoint,strong,69,1225,-0.0011231486923343175,-0.0009529772889284478,-0.009104861242254972,0.02006698357453736,-1.1322687336369723,-0.8392409062321257
cn,midpoint,strong,70,1129,-0.0009004422558904421,-0.0007909346002819007,-0.009104861242254972,0.02006698357453736,-0.9078037205012716,-0.6965068148842251
cn,midpoint,strong,71,1129,-0.0007002237886303657,-0.0005101617939164207,-0.009104861242254972,0.02006698357453736,-0.7060042503055871,-0.44919018661479665
cn,midpoint,strong,72,588,-0.00011346059210352172,0.0011228948547316736,-0.009104861242254972,0.02006698357453736,-0.114607743230967,0.989275558500451
cn,midpoint,strong,73,801,-0.0005134038380785518,0.0001618956925540302,-0.009104861242254972,0.02006698357453736,-0.5177090967203343,0.1427866280513048
cn,midpoint,strong,74,924,0.0003089514720557747,3.166851427023262e-05,-0.009104861242254972,0.02006698357453736,0.31113985097513874,0.0280769912488487
cn,midpoint,strong,75,816,0.000579258336510572,0.0007061766428007425,-0.009104861242254972,0.02006698357453736,0.5835811636257807,0.6222124356598838
cn,midpoint,strong,76,721,0.0013012000140686774,-7.233916013427849e-05,-0.009104861242254972,0.02006698357453736,1.311223573624688,-0.06353739150011666
cn,midpoint,strong,77,841,-0.0002773151363592557,-0.0006812901345857741,-0.009104861242254972,0.02006698357453736,-0.27975614673468197,-0.5999273066498302
cn,midpoint,strong,78,744,-0.0012991351501882324,0.00039452548216909605,-0.009104861242254972,0.02006698357453736,-1.3096448490499617,0.34769683978931054
cn,midpoint,strong,79,889,5.368736474246211e-05,0.0002811167229553324,-0.009104861242254972,0.02006698357453736,0.053860078930493036,0.24780158174050296
cn,midpoint,strong,80,541,7.21095982184651e-05,0.0002933513602417469,-0.009104861242254972,0.02006698357453736,0.0724277815313205,0.25857837056469113
cn,midpoint,strong,81,616,0.0007741380379909096,0.0011818669277802625,-0.009104861242254972,0.02006698357453736,0.779999711069466,1.0412206683464897
cn,midpoint,strong,82,796,-1.0632517827560348e-05,6.188453011582787e-05,-0.009104861242254972,0.02006698357453736,-0.01096769846338239,0.054692543001894134
cn,midpoint,strong,83,796,-0.0005759710884326811,-3.375974901579856e-05,-0.009104861242254972,0.02006698357453736,-0.5807704024322758,-0.029555005520675783
cn,midpoint,strong,84,681,0.0005747617639158386,-0.00036567736238833637,-0.009104861242254972,0.02006698357453736,0.5790490843439282,-0.321922154836687
cn,midpoint,strong,85,616,-0.004512654434401307,-0.0007015305556756814,-0.009104861242254972,0.02006698357453736,-4.548539332122063,-0.6177559303100335
cn,midpoint,strong,86,1084,0.00023607737101320574,-0.000626633433997624,-0.009104861242254972,0.02006698357453736,0.23769030767065075,-0.5517833603867532
cn,midpoint,strong,87,1084,0.0008182918626111306,-0.0009101455069127212,-0.009104861242254972,0.02006698357453736,0.824502191472034,-0.8015128511258495
cn,midpoint,strong,88,1035,0.000836138690047096,-0.0002955120283506425,-0.009104861242254972,0.02006698357453736,0.8424899444028036,-0.26011754469573106
cn,midpoint,strong,89,867,0.00016433656652027617,-0.00039189361385107493,-0.009104861242254972,0.02006698357453736,0.16538300986639806,-0.3450145440233669
cn,midpoint,strong,90,996,0.00046422631217923893,-0.00011648477380002062,-0.009104861242254972,0.02006698357453736,0.46764080166383065,-0.10242272539703377
cn,midpoint,strong,91,786,0.00036406180372080925,0.00015482344927064337,-0.009104861242254972,0.02006698357453736,0.3666853552660409,0.1365570954060686
cn,midpoint,strong,92,924,-0.0001305236469800828,-0.0005452517478282855,-0.009104861242254972,0.02006698357453736,-0.1318055346291859,-0.48009891029053436
cn,midpoint,strong,93,578,0.0007261950107965102,0.0027236916616625202,-0.009104861242254972,0.02006698357453736,0.7316781070745667,2.399325463117137
cn,midpoint,strong,94,961,-0.00013106213083772383,0.0005183539531993728,-0.009104861242254972,0.02006698357453736,-0.13234827056492623,0.4567702231250973
cn,midpoint,strong,95,961,-9.63431322706862e-05,0.0002093615327058082,-0.009104861242254972,0.02006698357453736,-0.09735511727376636,0.18459655863636545
cn,midpoint,strong,96,636,0.0007937323317215618,5.624830048185647e-05,-0.009104861242254972,0.02006698357453736,0.7997487289688388,0.049727912248403124
cn,midpoint,strong,97,1128,-0.00040066674482284494,0.0008884353531143016,-0.009104861242254972,0.02006698357453736,-0.40408178750289164,0.7827536586186675
cn,midpoint,strong,98,1038,0.0009772714589218676,0.0006394668904221197,-0.009104861242254972,0.02006698357453736,0.9847371525446166,0.5634516487997291
cn,midpoint,strong,99,856,0.0013071149739732734,-0.0008269642211449386,-0.009104861242254972,0.02006698357453736,1.317185240354589,-0.7282432371717644
cn,midpoint,strong,100,700,-0.0017501695955219965,-0.00043083796299015625,-0.009104861242254972,0.02006698357453736,-1.7642408378911325,-0.3793183829310695
cn,midpoint,strong,101,616,0.0004637778246353967,-0.0002718819290311418,-0.009104861242254972,0.02006698357453736,0.46718877268780634,-0.239303148298085
cn,midpoint,strong,102,906,-0.000455627357372387,5.069040693021429e-05,-0.009104861242254972,0.02006698357453736,-0.45947639043789984,0.04483228324762557
cn,midpoint,strong,103,606,0.0007995183003577325,0.0005396253054959672,-0.009104861242254972,0.02006698357453736,0.8055803858650601,0.4755069348345533
cn,midpoint,strong,104,529,-0.00042740899037187023,-0.0018357766100877207,-0.009104861242254972,0.02006698357453736,-0.43103520022993175,-1.616848091108327
cn,midpoint,strong,105,783,0.00012663952940406183,-0.0008287376591161189,-0.009104861242254972,0.02006698357453736,0.1273883022747273,-0.7298053567557613
cn,midpoint,strong,106,721,-0.0033823860230305387,-0.0015676702505339757,-0.009104861242254972,0.02006698357453736,-3.409345881513625,-1.3806886078565488
cn,midpoint,strong,107,649,0.0005172002082314258,-0.0005440338357650502,-0.009104861242254972,0.02006698357453736,0.521033000214859,-0.4790261215511009
cn,midpoint,strong,108,609,-0.0003365185666092691,0.0027520053940610807,-0.009104861242254972,0.02006698357453736,-0.3394270703098828,2.4242654027116424
cn,midpoint,strong,109,649,-0.00019909888333881007,-2.5589727697804265e-05,-0.009104861242254972,0.02006698357453736,-0.20092226774131872,-0.022358503297360312
cn,midpoint,strong,110,664,-0.0014633971234193355,0.00040985287028261555,-0.009104861242254972,0.02006698357453736,-1.4752038987467928,0.36119785506740054
cn,midpoint,strong,111,708,0.00018252028290934377,-0.00021278764830645266,-0.009104861242254972,0.02006698357453736,0.18371031195654905,-0.1872503927338123
cn,midpoint,strong,112,648,-0.0005345632685073726,-0.0004678445915925096,-0.009104861242254972,0.02006698357453736,-0.5390356102463416,-0.41191539518459763
cn,midpoint,strong,113,864,-9.101528842405358e-05,-0.0003150369336544362,-0.009104861242254972,0.02006698357453736,-0.09198520269870766,-0.27731591162279196
cn,midpoint,strong,114,1225,-0.0007048953641919549,0.00033534346844824384,-0.009104861242254972,0.02006698357453736,-0.7107127144458267,0.29556680527099705
cn,midpoint,strong,115,601,0.000536397263572741,0.0019177329007587784,-0.009104861242254972,0.02006698357453736,0.540381642975981,1.6894027115118502
cn,midpoint,strong,116,961,0.0011853590524859951,-0.0006583194695050885,-0.009104861242254972,0.02006698357453736,1.1944678867280416,-0.5796937679734866
cn,midpoint,strong,117,924,0.0005263055760120448,-0.0007618585249342218,-0.009104861242254972,0.02006698357453736,0.5302102675229688,-0.670895371199984
cn,midpoint,strong,118,721,0.0007690759623411297,-8.469347271086378e-05,-0.009104861242254972,0.02006698357453736,0.77489766330037,-0.07441959540931732
cn,midpoint,strong,119,681,0.0004478467208128209,0.001869894556165503,-0.009104861242254972,0.02006698357453736,0.4511318706696113,1.6472646631732253
cn,midpoint,strong,120,681,0.0003870495453497519,-0.0009747323622649288,-0.009104861242254972,0.02006698357453736,0.38985461704892194,-0.8584037000047142
cn,midpoint,strong,121,909,0.00037062194011316593,-0.0003333599035721009,-0.009104861242254972,0.02006698357453736,0.3732972930483305,-0.2934555627470546
cn,midpoint,strong,122,739,2.531659692866367e-05,-0.00044129510868389996,-0.009104861242254972,0.02006698357453736,0.02526528449311245,-0.3885294815690637
cn,midpoint,strong,123,1041,0.001546362819001659,-0.0007832751780614232,-0.009104861242254972,0.02006698357453736,1.558322279474329,-0.6897600700602458
cn,midpoint,strong,125,947,0.0008847309814397283,-0.0007151108304709226,-0.009104861242254972,0.02006698357453736,0.8914659394387161,-0.629718013877911
cn,midpoint,strong,126,596,5.678064407381271e-05,0.0013270173234829034,-0.009104861242254972,0.02006698357453736,0.056977783999241624,1.1690753096910016
cn,midpoint,strong,127,796,-0.0004718473539505972,0.0008792208432554516,-0.009104861242254972,0.02006698357453736,-0.4758244664213549,0.7746371264696111
cn,midpoint,strong,128,744,0.0006806947018450984,-0.0007879645619604872,-0.009104861242254972,0.02006698357453736,0.6858185099765236,-0.69389067882393
cn,midpoint,strong,129,1036,0.0008838935230165625,-0.0006081411419523348,-0.009104861242254972,0.02006698357453736,0.890621868117931,-0.5354945631317183
cn,midpoint,strong,130,631,0.000867948015148114,-0.0007126585799085983,-0.009104861242254972,0.02006698357453736,0.8745504483139115,-0.6275579672957773
cn,midpoint,strong,131,616,-0.00039203794785973474,-0.003051323091084919,-0.009104861242254972,0.02006698357453736,-0.39538485420093056,-2.687553125105368
cn,midpoint,strong,132,961,-0.0004906349268659124,-0.0011335646365626117,-0.009104861242254972,0.02006698357453736,-0.49476039332388483,-0.9983099218648719
cn,midpoint,strong,133,604,-0.003812154358480543,0.001624245221623282,-0.009104861242254972,0.02006698357453736,-3.842507834991357,1.4308862825813067
cn,midpoint,strong,134,616,0.0007685611711933278,0.0003556891709746886,-0.009104861242254972,0.02006698357453736,0.7743788071613262,0.3134881652978054
cn,midpoint,strong,135,568,0.0006971395713808379,0.00183827408107003,-0.009104861242254972,0.02006698357453736,0.7023932346018933,1.6194120039854611
cn,midpoint,strong,136,744,-0.00029591191444692556,-0.0004657110072190697,-0.009104861242254972,0.02006698357453736,-0.29849977221935675,-0.4100360433335475
cn,midpoint,strong,137,632,-0.0015541933797870063,-0.00024835380173337737,-0.009104861242254972,0.02006698357453736,-1.5667171176895143,-0.2185785731937475
cn,midpoint,strong,139,825,-0.0010324103608724978,0.00038487112903366066,-0.009104861242254972,0.02006698357453736,-1.0408138969977008,0.33919287497702655
cn,midpoint,strong,140,777,-3.164477306294086e-05,-0.0006207263306898213,-0.009104861242254972,0.02006698357453736,-0.032145874643346554,-0.5465801325819092
cn,midpoint,strong,141,1176,-0.00016744595835729154,0.0010330786839811423,-0.009104861242254972,0.02006698357453736,-0.16901939894591933,0.9101616556918646
cn,midpoint,strong,142,1176,0.0004317145283430895,-0.0005390883011366608,-0.009104861242254972,0.02006698357453736,0.4348722921300459,-0.47466988433170704
cn,midpoint,strong,143,996,-0.0008665709807977266,0.0007803525559999802,-0.009104861242254972,0.02006698357453736,-0.8736649846388918,0.687549734484193
cn,midpoint,strong,144,856,0.000650491738208166,-0.0010804894260093602,-0.009104861242254972,0.02006698357453736,0.6553770519847621,-0.9515590192805466
cn,midpoint,strong,145,664,-8.890509139311727e-05,0.0025660939400573707,-0.009104861242254972,0.02006698357453736,-0.08985834273079917,2.2605066877703743
cn,midpoint,strong,146,744,0.0002637361357862994,-0.0004539681814440845,-0.009104861242254972,0.02006698357453736,0.26556747681423015,-0.3996924630038901
cn,midpoint,strong,147,777,-9.590631939608574e-05,-0.0002788814796545677,-0.009104861242254972,0.02006698357453736,-0.09691485515471555,-0.2454686501570275
cn,midpoint,strong,148,796,-0.0007145930595986415,0.0003758467117695556,-0.009104861242254972,0.02006698357453736,-0.7204869866294531,0.3312437844694877
cn,midpoint,strong,149,709,-0.0007748529498639439,0.0011499164423452203,-0.009104861242254972,0.02006698357453736,-0.7812227124393615,1.0130773220172862
cn,midpoint,strong,150,758,-0.001473527685876697,0.0003132640969476762,-0.009104861242254972,0.02006698357453736,-1.485414456067783,0.27611835588405576
cn,midpoint,strong,151,582,-0.0002128952026935818,0.0009289933249394568,-0.009104861242254972,0.02006698357453736,-0.21482752820276743,0.818478845010782
cn,midpoint,strong,152,535,0.003835406117293749,0.0016867015190626562,-0.009104861242254972,0.02006698357453736,3.8654407544664418,1.4859004454443296
cn,midpoint,strong,153,777,0.0005070482625579333,0.0005232432693484251,-0.009104861242254972,0.02006698357453736,0.5108008908275414,0.4610769407170883
cn,midpoint,strong,154,1176,-0.0002654377333975444,-0.0005283793087644158,-0.009104861242254972,0.02006698357453736,-0.26778495517690937,-0.4652369484290074
cn,midpoint,strong,155,1225,0.0018541580591840828,-0.0012277550850766303,-0.009104861242254972,0.02006698357453736,1.8685479906565257,-1.0812768745524106
cn,midpoint,strong,156,1081,0.0012328733835405628,-0.0007719782765140751,-0.009104861242254972,0.02006698357453736,1.242357409431555,-0.6798092787541069
cn,midpoint,strong,157,739,0.0005638626273591577,-7.417821386095785e-05,-0.009104861242254972,0.02006698357453736,0.5680638839634278,-0.06515730823199781
cn,midpoint,strong,158,882,0.00042590148848187237,-0.0004890790048842839,-0.009104861242254972,0.02006698357453736,0.42901335024385,-0.43061956944770324
cn,midpoint,strong,160,633,-0.0001370358654377516,-0.0002198769035726758,-0.009104861242254972,0.02006698357453736,-0.1383691760981273,-0.1934949102569992
cn,midpoint,strong,161,732,-0.00035643889433518115,0.00018598078317645303,-0.009104861242254972,0.02006698357453736,-0.35950469669582313,0.1640018001379759
cn,midpoint,strong,162,601,0.0009530366230800676,0.0011997762929135715,-0.009104861242254972,0.02006698357453736,0.9603109490076475,1.056995998787325
cn,midpoint,strong,163,848,-0.0007843030104174257,0.0011229361689574988,-0.009104861242254972,0.02006698357453736,-0.7907473943486112,0.9893119498275276
cn,midpoint,strong,164,732,-0.0010889693204430301,8.692837622121044e-05,-0.009104861242254972,0.02006698357453736,-1.0978194681237985,0.07675222769094234
cn,midpoint,strong,165,748,-0.000901862070586304,0.0009606799598805109,-0.009104861242254972,0.02006698357453736,-0.9092347466065148,0.8463897806041133
cn,midpoint,strong,166,1038,0.0004007398632597612,-0.0009192443120373851,-0.009104861242254972,0.02006698357453736,0.40365303903694827,-0.8095274656244604
cn,midpoint,strong,167,721,-0.0007081848331502542,0.000505150596264492,-0.009104861242254972,0.02006698357453736,-0.7140281583311686,0.44514014483780784
cn,midpoint,strong,168,731,-3.214442937805352e-05,0.00015670962243013661,-0.009104861242254972,0.02006698357453736,-0.03264947643917235,0.13821851693821993
cn,midpoint,strong,169,1225,-0.0006474755757915496,0.0008781691646685304,-0.009104861242254972,0.02006698357453736,-0.6528395170504104,0.7737107632455248
cn,midpoint,strong,170,882,0.0005888697162587525,0.00021062974090960834,-0.009104861242254972,0.02006698357453736,0.5932684385688702,0.18571365035535195
cn,midpoint,strong,171,744,-0.0008678386357184129,-0.0008708872658422101,-0.009104861242254972,0.02006698357453736,-0.8749426494561595,-0.766932522856064
cn,midpoint,strong,172,769,-0.0006029137519430374,-0.0009284627453327969,-0.009104861242254972,0.02006698357453736,-0.6079258156988654,-0.8176474537032923
cn,midpoint,strong,173,625,-0.002013971129774913,-0.0008129947896155162,-0.009104861242254972,0.02006698357453736,-2.030125451720969,-0.7159383678027551
cn,midpoint,strong,174,1176,0.0008620292538362301,-0.0007039660188692537,-0.009104861242254972,0.02006698357453736,0.8685849501593311,-0.6199011898638542
cn,midpoint,strong,175,1000,0.0005214516580056873,0.001052853881164946,-0.009104861242254972,0.02006698357453736,0.5253180210910556,0.9275804903509989
cn,midpoint,strong,176,924,0.00018400603820422495,-0.0007469673617983667,-0.009104861242254972,0.02006698357453736,0.18520779935344334,-0.6577786014335567
cn,midpoint,strong,177,588,0.0008431790033611216,-0.0016401388403692006,-0.009104861242254972,0.02006698357453736,0.8495858507706038,-1.4445220236545095
cn,midpoint,strong,178,700,0.0005300861987778821,-0.00046851921333699795,-0.009104861242254972,0.02006698357453736,0.5340207435574532,-0.41250963070677604
cn,midpoint,strong,179,510,-0.0018356365250991862,-0.0011541881935966634,-0.009104861242254972,0.02006698357453736,-1.8503826476050451,-1.0164760279582967
cn,midpoint,strong,180,711,0.00045269623479727954,0.0017815346105433637,-0.009104861242254972,0.02006698357453736,0.4560196783037548,1.5694334653866
cn,midpoint,strong,181,664,-0.001311154872644776,0.0034241890014094917,-0.009104861242254972,0.02006698357453736,-1.3217594839126838,3.0163533100105924
cn,midpoint,strong,182,856,0.00020459949129554393,-0.0005201565845129388,-0.009104861242254972,0.02006698357453736,0.2059638663646331,-0.45799402322058325
cn,midpoint,strong,183,795,3.0140974089151035e-06,-0.000967923992532569,-0.009104861242254972,0.02006698357453736,0.0027866757577922866,-0.8524065984049708
cn,midpoint,strong,184,786,0.0012884905491717235,-0.000976862743047719,-0.009104861242254972,0.02006698357453736,1.2984137498468222,-0.8602802299968809
cn,midpoint,strong,185,649,0.00038954725364936417,-0.0007954981489825888,-0.009104861242254972,0.02006698357453736,0.39237204822528987,-0.7005265826537873
cn,midpoint,strong,186,918,0.0005147909474127535,-0.00032906740286762007,-0.009104861242254972,0.02006698357453736,0.5186047149351612,-0.28967454557940747
cn,midpoint,strong,187,796,0.0005672177722917445,0.00018083369109194933,-0.009104861242254972,0.02006698357453736,0.5714455224261089,0.1594680225396044
cn,midpoint,strong,188,604,-0.00031256116140374567,0.0011518856412971457,-0.009104861242254972,0.02006698357453736,-0.31528048810946063,1.014811876198249
cn,midpoint,strong,189,924,-1.006321199240219e-05,-0.0006220063568804571,-0.009104861242254972,0.02006698357453736,-0.010393897167795626,-0.547707634086284
cn,midpoint,strong,190,664,-0.0013736321050907942,0.001199442114022356,-0.009104861242254972,0.02006698357453736,-1.3847300609000799,1.0567016398083195
cn,midpoint,strong,191,664,-0.0006945647149354806,-0.0019436123935033106,-0.009104861242254972,0.02006698357453736,-0.7003004903624909,-1.7118344350722092
cn,midpoint,strong,192,696,-0.001202361373068464,-0.0003909051179638405,-0.009104861242254972,0.02006698357453736,-1.212106908525039,-0.34414383480813476
cn,midpoint,strong,193,769,4.8456367978358394e-05,0.0006443613429445924,-0.009104861242254972,0.02006698357453736,0.048587776180216424,0.5677628907278632
cn,midpoint,strong,194,748,-0.00035216950506931737,0.0006568550987680714,-0.009104861242254972,0.02006698357453736,-0.355201594670817,0.5787679221790296
cn,midpoint,strong,195,681,-0.0020096744249445547,-0.0005430224085708896,-0.009104861242254972,0.02006698357453736,-2.025794818437141,-0.4781352134655287
cn,midpoint,strong,196,856,9.292040885676423e-05,0.0003757152863944381,-0.009104861242254972,0.02006698357453736,0.09340292242926941,0.3311280194099584
cn,midpoint,strong,197,889,-0.0009209030901267887,0.0011454640093683521,-0.009104861242254972,0.02006698357453736,-0.9284261214473993,1.009155429702682
cn,midpoint,strong,198,596,0.002724070957055484,0.0014996969022702082,-0.009104861242254972,0.02006698357453736,2.745330059309618,1.3211788262298167
cn,midpoint,strong,199,918,7.986195035147685e-05,-0.0006792882059162876,-0.009104861242254972,0.02006698357453736,0.08024134925372259,-0.5981639227417432
cn,midpoint,strong,200,616,0.0003675945011704495,-0.0035004660275237617,-0.009104861242254972,0.02006698357453736,0.3702459482695475,-3.0831773242184832
cn,midpoint,strong,201,664,0.0020362845979479457,0.000194893155562606,-0.009104861242254972,0.02006698357453736,2.0521126714478357,0.17185219675208302
cn,midpoint,strong,202,996,0.0006694193248723331,-0.0006394957445515735,-0.009104861242254972,0.02006698357453736,0.6744540982391934,-0.563113030518042
cn,midpoint,strong,203,1000,0.0004095708905747855,-0.0005015162492427276,-0.009104861242254972,0.02006698357453736,0.4125537995803833,-0.441574823197204
cn,midpoint,strong,204,633,-0.0007876028122178521,0.0011127551472504306,-0.009104861242254972,0.02006698357453736,-0.7940732526682228,0.9803440729397196
cn,midpoint,strong,205,625,-0.001049406323364083,0.0014497245500321963,-0.009104861242254972,0.02006698357453736,-1.0579440662233621,1.2771610532047835
cn,midpoint,strong,206,556,1.0195279148752026e-05,-0.0010595566979828344,-0.009104861242254972,0.02006698357453736,0.010024562903315236,-0.9331205822288385
cn,midpoint,strong,207,918,9.139251736407783e-07,-0.00036604035183472605,-0.009104861242254972,0.02006698357453736,0.0006699197452336307,-0.3222418913779161
cn,midpoint,strong,208,631,-0.0005851306794471232,0.0005551504203180277,-0.009104861242254972,0.02006698357453736,-0.5900023211419649,0.4891821162062482
cn,midpoint,strong,209,796,-0.0020255702607090255,0.0011656853078765884,-0.009104861242254972,0.02006698357453736,-2.0418161739069194,1.0269672093797237
cn,midpoint,strong,210,996,-0.00015678063763996733,0.0003597352873725146,-0.009104861242254972,0.02006698357453736,-0.15826986070563612,0.3170521566901676
cn,midpoint,strong,211,700,-0.0007927619205998094,0.0001958303250478126,-0.009104861242254972,0.02006698357453736,-0.7992730993777111,0.1726776954896516
cn,midpoint,strong,212,686,0.00016931251916083197,-0.0007676919664359703,-0.009104861242254972,0.02006698357453736,0.17039825456547283,-0.6760337145534405
cn,midpoint,strong,213,1082,0.0014274408496554765,0.00047689478941201,-0.009104861242254972,0.02006698357453736,1.4384612559778598,0.42025122852768754
cn,midpoint,strong,214,1084,0.00021209117420813162,-0.0007176804146372569,-0.009104861242254972,0.02006698357453736,0.21351470652100318,-0.6319814128883019
cn,midpoint,strong,215,1041,-0.0007747724170832013,-0.00016174048149538225,-0.009104861242254972,0.02006698357453736,-0.7811415437404415,-0.14228587732419898
cn,midpoint,strong,216,609,0.0034961389624379446,0.00011654363878397037,-0.009104861242254972,0.02006698357453736,3.5234946141248202,0.10283861040423675
cn,midpoint,strong,217,1128,-0.000575723142820235,-0.0011854071975150836,-0.009104861242254972,0.02006698357453736,-0.580520498944782,-1.0439750542599513
cn,midpoint,strong,218,808,-0.0005971293841739132,-0.0001946048004274302,-0.009104861242254972,0.02006698357453736,-0.6020957723107597,-0.17123416706015446
cn,midpoint,strong,219,708,-0.00022469693291782625,0.0006572389411226669,-0.009104861242254972,0.02006698357453736,-0.22672244948168888,0.5791060268486178
cn,midpoint,strong,220,732,0.0007349624902876929,0.0007557874075881342,-0.009104861242254972,0.02006698357453736,0.7405148179958124,0.6659117070811844
cn,midpoint,strong,221,996,-0.00018387175967953667,6.474675170727029e-05,-0.009104861242254972,0.02006698357453736,-0.18557490478776031,0.05721370950130954
cn,midpoint,strong,222,1084,-0.0002749881074436255,-1.3920989027825514e-05,-0.009104861242254972,0.02006698357453736,-0.27741074269313454,-0.012080182040494292
cn,midpoint,strong,223,1041,-1.9429288043278092e-05,-3.838701163165134e-05,-0.009104861242254972,0.02006698357453736,-0.01983393140012303,-0.03363089521627625
cn,midpoint,strong,224,666,2.7129109647520966e-05,-0.00042757758445035807,-0.009104861242254972,0.02006698357453736,0.02709210951776528,-0.37644650285912523
cn,midpoint,strong,225,632,-5.399126864428887e-05,-0.00038857117398069865,-0.009104861242254972,0.02006698357453736,-0.05466882685029029,-0.34208799769216774
cn,midpoint,strong,226,816,-0.00024581982535691084,0.0002502885513713561,-0.009104861242254972,0.02006698357453736,-0.24801213649977372,0.2206468171799497
cn,midpoint,strong,227,1225,-0.00042771775534954266,0.0007899790963370318,-0.009104861242254972,0.02006698357453736,-0.4313464033360285,0.6960292006008658
cn,midpoint,strong,228,871,1.3725429912117212e-05,0.0017129797028330174,-0.009104861242254972,0.02006698357453736,0.013582589110920884,1.5090473872413583
cn,midpoint,strong,229,1128,-0.00027512305553488436,-0.0014973423740179403,-0.009104861242254972,0.02006698357453736,-0.27754675638703913,-1.3187408233882272
cn,midpoint,strong,230,511,-3.729670137855856e-06,-0.00035900858193085514,-0.009104861242254972,0.02006698357453736,-0.00401034320196973,-0.3160480094065686
cn,midpoint,strong,231,606,-0.00037259496201693873,0.00014447082833739938,-0.009104861242254972,0.02006698357453736,-0.3757883389753803,0.1274380666222462
cn,midpoint,strong,232,732,-0.0007580880589685771,0.0005506707408791008,-0.009104861242254972,0.02006698357453736,-0.7643254394411674,0.4852362240491525
cn,midpoint,strong,233,616,0.0005701728741257881,0.0008873432713030309,-0.009104861242254972,0.02006698357453736,0.5744239588942579,0.7817917065163466
cn,midpoint,strong,234,700,7.141424502084791e-05,0.0011922425723778357,-0.009104861242254972,0.02006698357453736,0.07172693755424743,1.0503599773529806
cn,midpoint,strong,235,681,0.0008286398322281466,0.0010457481253944925,-0.009104861242254972,0.02006698357453736,0.8349318726842188,0.9213214384819691
cn,midpoint,strong,236,1041,0.00020316355599248395,-0.000699151055486711,-0.009104861242254972,0.02006698357453736,0.20451659235760364,-0.6156599653506044
cn,midpoint,strong,237,577,0.000343720847646627,-0.0034968051272273003,-0.009104861242254972,0.02006698357453736,0.3461837790866983,-3.0799526475502845
cn,midpoint,strong,238,744,-5.911124780581638e-05,-6.556794432548488e-05,-0.009104861242254972,0.02006698357453736,-0.05982923535979654,-0.057573016656294974
cn,midpoint,strong,239,673,0.000659231405367033,-0.00015380064786625972,-0.009104861242254972,0.02006698357453736,0.6641857309566926,-0.1352921342064316
cn,midpoint,strong,240,816,-7.4420174580695775e-06,-0.0005736072005917553,-0.009104861242254972,0.02006698357453736,-0.007752004661341408,-0.5050755989566935
cn,midpoint,strong,241,956,-0.0010343112356925761,0.0013652067786488926,-0.009104861242254972,0.02006698357453736,-1.0427297818651133,1.2027142058838352
cn,midpoint,strong,242,596,0.0008533011459469948,0.0010375514450832249,-0.009104861242254972,0.02006698357453736,0.8597879217335239,0.9141014538836517
cn,midpoint,strong,243,1041,-0.0005719711187743403,0.000696088229464556,-0.009104861242254972,0.02006698357453736,-0.5767388474568625,0.6133261321635038
cn,midpoint,strong,244,961,-5.9528799571264765e-05,-0.0009990316063672837,-0.009104861242254972,0.02006698357453736,-0.06025008427648165,-0.8798075075838127
cn,midpoint,strong,245,696,-0.00045027542428180065,-0.0003830906545757573,-0.009104861242254972,0.02006698357453736,-0.45408219640084246,-0.337260523130294
cn,midpoint,strong,246,744,0.0014793775950964032,-0.0010595132196124304,-0.009104861242254972,0.02006698357453736,1.4908081141727783,-0.9330822846311825
cn,midpoint,strong,247,700,0.0016602124486814335,0.0007584936056871106,-0.009104861242254972,0.02006698357453736,1.6730709101364045,0.6682954414532261
cn,midpoint,strong,248,904,0.001000751705885235,-0.000288394246218366,-0.009104861242254972,0.02006698357453736,1.0084028086757093,-0.2538478994957626
cn,midpoint,strong,249,632,0.0006266928856385086,-0.0007666360078046781,-0.009104861242254972,0.02006698357453736,0.631390274413522,-0.6751035812842547
cn,midpoint,strong,250,996,-9.485984938652561e-05,-0.0009597401501439048,-0.009104861242254972,0.02006698357453736,-0.09586012181070991,-0.8451979219948408
cn,midpoint,strong,251,721,0.0005672298665476087,-0.000924240872586593,-0.009104861242254972,0.02006698357453736,0.5714577121829241,-0.8139286486448901
cn,midpoint,strong,252,664,0.00031782866094788587,-0.0002452138407223227,-0.009104861242254972,0.02006698357453736,0.3200871376054378,-0.21581276200211572
cn,midpoint,strong,253,632,-0.0010594228679523723,-0.000443164004029533,-0.009104861242254972,0.02006698357453736,-1.0680397053458142,-0.3901756840679935
cn,midpoint,strong,254,721,0.0008526138388753549,-0.0005834170221769575,-0.009104861242254972,0.02006698357453736,0.8590951874177701,-0.5137165069911376
cn,midpoint,strong,255,889,0.00046715209732752297,0.0014635444220736996,-0.009104861242254972,0.02006698357453736,0.4705896899502602,1.2893341842165185
cn,midpoint,strong,256,681,0.00010010872950182853,9.624704055782168e-06,-0.009104861242254972,0.02006698357453736,0.10064800485159364,0.008659865755033956
cn,midpoint,strong,257,606,0.0012609189564042368,5.5792252886648075e-05,-0.009104861242254972,0.02006698357453736,1.2706244410529304,0.04932620613221142
cn,midpoint,strong,258,856,0.0005237576651752132,-0.0010514168762678355,-0.009104861242254972,0.02006698357453736,0.5276422373906107,-0.9259506811001397
cn,midpoint,strong,259,913,-0.0012532474214071842,0.0006141343409683531,-0.009104861242254972,0.02006698357453736,-1.263394772904537,0.5411376619237394
cn,midpoint,strong,260,918,0.0007495201515199269,1.3237359479095073e-05,-0.009104861242254972,0.02006698357453736,0.7551874321864759,0.011842046287253978
cn,midpoint,strong,261,825,0.0002625358712836142,0.0003523929567975266,-0.009104861242254972,0.02006698357453736,0.2643577345559302,0.31058471967248924
cn,midpoint,strong,262,889,-0.0015602591253414105,0.002125974006525016,-0.009104861242254972,0.02006698357453736,-1.572830760731395,1.8728303333384604
cn,midpoint,strong,263,796,2.53738874078039e-05,0.0002009852736282354,-0.009104861242254972,0.02006698357453736,0.025323027360171446,0.1772183934237418
cn,midpoint,strong,264,619,-0.00012121211683848929,2.4792737289489053e-05,-0.009104861242254972,0.02006698357453736,-0.12242047702186797,0.02202051447810143
cn,midpoint,strong,265,1041,0.00033594343605222905,-0.00047561697120551694,-0.009104861242254972,0.02006698357453736,0.3383449540236506,-0.4187616376836552
cn,midpoint,strong,266,1038,-0.0005156896232477396,-0.00010545721971217878,-0.009104861242254972,0.02006698357453736,-0.5200129313387667,-0.09270918678776514
cn,midpoint,strong,267,796,0.0011273310781136706,-0.0006985489962201483,-0.009104861242254972,0.02006698357453736,1.1359817008875868,-0.6151296459448468
cn,midpoint,strong,268,924,-6.158072359219342e-05,-0.0009916977614249159,-0.009104861242254972,0.02006698357453736,-0.06231821108801762,-0.8733475450722145
cn,midpoint,strong,269,636,-0.002943025990846666,5.15939676931261e-05,-0.009104861242254972,0.02006698357453736,-2.9665164915318565,0.045628177993319065
cn,midpoint,strong,270,1000,-0.000793145496505665,-8.625647946833293e-06,-0.009104861242254972,0.02006698357453736,-0.7996597041481939,-0.007415820421431883
cn,midpoint,strong,271,961,0.0006676544866477171,-0.0006501947291594479,-0.009104861242254972,0.02006698357453736,0.6726753241651416,-0.5725371511562838
cn,midpoint,strong,272,769,6.569774810501194e-05,-0.0006067097845171981,-0.009104861242254972,0.02006698357453736,0.06596530095410057,-0.5342337626315246
cn,midpoint,strong,273,649,-0.0005290850410073645,-0.00044436924203068023,-0.009104861242254972,0.02006698357453736,-0.5335141245300562,-0.39123730895455006
cn,midpoint,strong,274,1082,-0.0006667971301532599,5.993476444819332e-05,-0.009104861242254972,0.02006698357453736,-0.6723136419246434,0.0529751064841739
cn,midpoint,strong,275,609,0.0022183269980486087,-0.0002995306264401698,-0.009104861242254972,0.02006698357453736,2.2355925491843176,-0.263657296791873
cn,midpoint,strong,276,633,0.0013616037790088933,-0.0028114008249805894,-0.009104861242254972,0.02006698357453736,1.372104310199934,-2.476219389948534
cn,midpoint,strong,277,1041,0.0006513955624837878,-0.0001885193679906326,-0.009104861242254972,0.02006698357453736,0.6562880132086014,-0.1658738593746904
cn,midpoint,strong,278,576,0.002177704122113336,-4.116580612729959e-05,-0.009104861242254972,0.02006698357453736,2.1946488992116375,-0.03607857558181276
cn,midpoint,strong,279,825,-0.00016087712962175975,0.00024162434455488047,-0.009104861242254972,0.02006698357453736,-0.16239870018233019,0.21301501535334944
cn,midpoint,strong,280,636,-0.001520656358655446,0.0003135170311201474,-0.009104861242254972,0.02006698357453736,-1.5329152751876471,0.27634115105969775
cn,midpoint,strong,281,721,-0.000632942674495901,0.0011212752436083953,-0.009104861242254972,0.02006698357453736,-0.6381918583104275,0.9878489361458792
cn,midpoint,strong,282,616,0.0006059009538193442,-0.0011957538396845484,-0.009104861242254972,0.02006698357453736,0.6104341614092107,-1.0530888166943781
cn,midpoint,strong,283,816,-0.0004841862888715076,0.0020141260314388183,-0.009104861242254972,0.02006698357453736,-0.48826083437428874,1.7743098803246662
cn,midpoint,strong,284,796,0.00023518007965830055,-0.00021723312569504188,-0.009104861242254972,0.02006698357453736,0.23678593095401237,-0.19116615827046024
cn,midpoint,strong,285,600,0.0007781978465788517,0.0008787370392645544,-0.009104861242254972,0.02006698357453736,0.7840915774859559,0.7742109713397007
cn,midpoint,strong,286,825,0.0001337377519901855,-0.0002720232868088715,-0.009104861242254972,0.02006698357453736,0.13454257518877444,-0.2394276622402303
cn,midpoint,strong,287,996,-0.0008679084870496599,-0.00032029733991901024,-0.009104861242254972,0.02006698357453736,-0.8750130523607016,-0.2819495011698806
cn,midpoint,strong,288,825,0.0007358962543780705,-0.0015906879020336252,-0.009104861242254972,0.02006698357453736,0.7414559554508364,-1.4009635341689068
cn,midpoint,strong,289,1041,0.00015050677523895974,0.00016576334170961826,-0.009104861242254972,0.02006698357453736,0.15144401317104653,0.14619341790702903
cn,midpoint,strong,290,648,-0.00048665777306971733,0.00016673084188687654,-0.009104861242254972,0.02006698357453736,-0.4907518343735439,0.14704563320802982
cn,midpoint,strong,291,769,-0.0022547323193187127,0.0017227502994879608,-0.009104861242254972,0.02006698357453736,-2.2727877853133585,1.517653744289112
cn,midpoint,strong,292,769,-0.00015113319573805718,0.0006135413916181151,-0.009104861242254972,0.02006698357453736,-0.15257782440467887,0.5406153669196978
cn,midpoint,strong,293,913,0.0007058728536828759,1.9057512981389413e-05,-0.009104861242254972,0.02006698357453736,0.7111954782996806,0.016968685005692607
cn,midpoint,strong,294,708,-0.00036832467050364713,0.00019478777113098034,-0.009104861242254972,0.02006698357453736,-0.3714843275784495,0.17175936966302432
cn,midpoint,strong,295,796,0.0004668479079481102,0.0008110754849068487,-0.009104861242254972,0.02006698357453736,0.47028309857312756,0.7146117968190953
cn,midpoint,strong,296,796,0.00040681930783269954,-0.001155567014326557,-0.009104861242254972,0.02006698357453736,0.40978048927014465,-1.0176905518942843
cn,midpoint,strong,297,1225,-0.00019628104798128168,0.00030202134392246296,-0.009104861242254972,0.02006698357453736,-0.19808218165920294,0.26621526089898706
cn,midpoint,strong,298,961,-0.0004913415226559716,-0.0006221041634872325,-0.009104861242254972,0.02006698357453736,-0.4954725686692851,-0.5477937863049525
cn,midpoint,strong,299,825,-0.0003899176085509527,0.0006232031019303835,-0.009104861242254972,0.02006698357453736,-0.39324777186780346,0.5491258122462149
cn,midpoint,strong,300,889,0.00031682042863602836,-0.0008317188151567602,-0.009104861242254972,0.02006698357453736,0.31907094389887664,-0.7324312857759554
cn,midpoint,strong,301,732,4.7359065423104724e-05,-9.352284805978078e-06,-0.009104861242254972,0.02006698357453736,0.04748180889695416,-0.008055873068646049
cn,midpoint,strong,302,744,-0.0011418603415152013,0.0006891408778007431,-0.009104861242254972,0.02006698357453736,-1.1511281372817168,0.6072066093680532
cn,midpoint,strong,303,816,0.00016725268706817287,0.000962274648808964,-0.009104861242254972,0.02006698357453736,0.16832215723699448,0.847794450429617
cn,midpoint,strong,304,913,0.0001934791149773192,-0.0008502436921113514,-0.009104861242254972,0.02006698357453736,0.1947556792273327,-0.7487487852048417
cn,midpoint,strong,305,686,0.00014125896356432036,0.001263829692999336,-0.009104861242254972,0.02006698357453736,0.1421231771764948,1.1134169575812591
cn,midpoint,strong,306,796,-0.0016971896176871714,0.0019779161089025915,-0.009104861242254972,0.02006698357453736,-1.7108425095333433,1.7424146406556942
cn,midpoint,strong,307,549,-0.0007378979065657369,0.0025720178797369285,-0.009104861242254972,0.02006698357453736,-0.7439758577376434,2.2657247457674603
cn,midpoint,strong,308,801,0.0002879009788368161,-0.00023679937719563518,-0.009104861242254972,0.02006698357453736,0.28992313486959725,-0.20840094468599155
cn,midpoint,strong,309,856,0.0003057978234584247,-0.0003496643134727091,-0.009104861242254972,0.02006698357453736,0.30796129994117283,-0.3078171803650095
cn,midpoint,strong,310,588,0.0014731791444737418,-0.0022917118489887596,-0.009104861242254972,0.02006698357453736,1.484560718171777,-2.0184552390863324
cn,midpoint,strong,311,1041,-0.00045154814502727965,-0.00023999020247925107,-0.009104861242254972,0.02006698357453736,-0.45536496704462676,-0.21121155929199972
cn,midpoint,strong,312,1035,0.0011520827474388352,-0.0012274446618725024,-0.009104861242254972,0.02006698357453736,1.160928819026239,-1.08100344059285
cn,midpoint,strong,314,666,0.0010917476333128368,-0.003883843388651987,-0.009104861242254972,0.02006698357453736,1.100117275358756,-3.4208724077859527
cn,midpoint,strong,315,1041,-0.0005814898526658886,-0.0003742890148350844,-0.009104861242254972,0.02006698357453736,-0.5863327449755814,-0.329507664539452
cn,midpoint,strong,316,889,9.014517598904433e-05,-0.00041428879394015544,-0.009104861242254972,0.02006698357453736,0.09060577524280108,-0.36474117104545944
cn,midpoint,strong,317,996,0.0006236742472411089,-0.0004617434302287386,-0.009104861242254972,0.02006698357453736,0.6283477996725866,-0.40654123279135146
cn,midpoint,strong,318,1128,0.00025827216956652785,-0.0005450798270699442,-0.009104861242254972,0.02006698357453736,0.2600603649908001,-0.4799474751753147
cn,midpoint,strong,319,758,-0.00033357680132456956,6.12292195137816e-05,-0.009104861242254972,0.02006698357453736,-0.33646207570166164,0.05411531755522346
cn,midpoint,strong,320,961,-0.0001807763915532036,0.00038515014006327425,-0.009104861242254972,0.02006698357453736,-0.18245509443009117,0.33943863975740984
cn,midpoint,strong,321,769,0.0015989102070224689,-0.0020268058759675203,-0.009104861242254972,0.02006698357453736,1.6112846021205824,-1.785114792395196
cn,midpoint,strong,322,786,0.00021311135921449863,-0.0006270930682934182,-0.009104861242254972,0.02006698357453736,0.2145429473052013,-0.5521882258213525
cn,midpoint,strong,323,946,-0.0008343687600002678,0.001220350716809749,-0.009104861242254972,0.02006698357453736,-0.8412084825740226,1.0751188263234255
cn,midpoint,strong,324,889,-0.000506130129870724,0.0005976586148250702,-0.009104861242254972,0.02006698357453736,-0.510377952481821,0.5266251416736724
cn,midpoint,strong,325,531,0.0016959834920025271,-0.0023683649625964587,-0.009104861242254972,0.02006698357453736,1.7091244155364178,-2.0859745613782947
cn,midpoint,strong,326,848,-0.0011616380729649167,0.00119862673157543,-0.009104861242254972,0.02006698357453736,-1.1710620413957702,1.0559834162733046
cn,midpoint,strong,327,889,5.977969468203351e-05,-0.0009742723037857969,-0.009104861242254972,0.02006698357453736,0.060000516278191994,-0.8579984609313918
cn,midpoint,strong,328,1128,-7.943261489057676e-05,-0.0011886466722387627,-0.009104861242254972,0.02006698357453736,-0.08031106786743343,-1.0468285213616815
cn,midpoint,strong,329,924,0.0010642759418574097,-0.0005209954059512828,-0.009104861242254972,0.02006698357453736,1.072428656736562,-0.4587328928160287
cn,midpoint,young,0,1000,-0.0009752474015513601,-0.000573582092708233,-0.049387888646015156,-0.040894412690548866,-0.8321488812928475,-0.5612996872269792
cn,midpoint,young,2,681,-0.00021669194703646116,-0.00011708208147331173,-0.049387888646015156,-0.040894412690548866,-0.1849718275825772,-0.11505343555894354
cn,midpoint,young,3,952,-0.00023004246631922604,-0.0006251984827828558,-0.049387888646015156,-0.040894412690548866,-0.19636209533887108,-0.6117566861942414
cn,midpoint,young,4,1036,-0.00010083033579258438,0.00014911539046535277,-0.049387888646015156,-0.040894412690548866,-0.08612213141779383,0.14516479255191042
cn,midpoint,young,5,700,-0.004174450510263196,0.00043024065957409513,-0.049387888646015156,-0.040894412690548866,-3.561614248384473,0.4199755143514006
cn,midpoint,young,6,825,0.0013507257213422053,-0.0001420121906716837,-0.049387888646015156,-0.040894412690548866,1.1523025173806924,-0.13942357249136794
cn,midpoint,young,7,825,0.0012423941216802084,-0.0008345466372985666,-0.049387888646015156,-0.040894412690548866,1.0598772041413234,-0.8164025283565126
cn,midpoint,young,8,825,0.0006562608400259365,-0.0008192053938741103,-0.049387888646015156,-0.040894412690548866,0.5598056430645804,-0.8014058751131297
cn,midpoint,young,9,732,8.112029066952714e-05,0.0005092247204666264,-0.049387888646015156,-0.040894412690548866,0.06911275570036929,0.49718546012875947
cn,midpoint,young,10,541,-0.0010229975734556696,0.0006814512776263382,-0.049387888646015156,-0.040894412690548866,-0.8728879141259214,0.6655435185706489
cn,midpoint,young,11,889,-0.00035438593711258765,2.354712530468206e-05,-0.049387888646015156,-0.040894412690548866,-0.30244826293174576,0.02241700224009107
cn,midpoint,young,12,816,-0.00026892167707259773,-0.0002231216867797023,-0.049387888646015156,-0.040894412690548866,-0.22953268677841035,-0.2187112126273943
cn,midpoint,young,13,1084,-0.00029960367383124326,0.00034404683660717306,-0.049387888646015156,-0.040894412690548866,-0.25570965794910316,0.3357177499060603
cn,midpoint,young,14,582,-0.002289996932201055,-0.00013536189473697252,-0.049387888646015156,-0.040894412690548866,-1.953854252401108,-0.1329226534107311
cn,midpoint,young,15,758,0.0003743813690151726,-0.00040451529458485763,-0.049387888646015156,-0.040894412690548866,0.3193144245724291,-0.3960304143085006
cn,midpoint,young,16,1000,-0.0005012163372142137,0.0001814622385807943,-0.049387888646015156,-0.040894412690548866,-0.4277196127945449,0.17678507594630177
cn,midpoint,young,17,700,-0.0012877434603785834,5.249047968188675e-05,-0.049387888646015156,-0.040894412690548866,-1.0987612659829127,0.05071024010132858
cn,midpoint,young,18,758,3.732737662803798e-05,-0.000797785434884811,-0.049387888646015156,-0.040894412690548866,0.031749938105335565,-0.7804670445006175
cn,midpoint,young,19,856,-0.00014914502672154495,-0.002180719616212551,-0.049387888646015156,-0.040894412690548866,-0.1273427951678465,-2.132338193532253
cn,midpoint,young,20,744,-9.49624487281836e-05,-0.0004245161879650877,-0.049387888646015156,-0.040894412690548866,-0.08111582391681875,-0.41558205391699693
cn,midpoint,young,21,686,-0.00040209037603861075,-0.0010809119394706301,-0.049387888646015156,-0.040894412690548866,-0.3431482777418545,-1.0572340506557967
cn,midpoint,young,22,786,-0.0003920377396998548,-0.0007896346996446868,-0.049387888646015156,-0.040894412690548866,-0.33457166606631467,-0.7724993885099758
cn,midpoint,young,23,652,-0.0004130937483641864,0.0006175354142199246,-0.049387888646015156,-0.040894412690548866,-0.35253602921099025,0.603063313170259
cn,midpoint,young,24,1000,0.00030170612188258616,-4.363400788186256e-05,-0.049387888646015156,-0.040894412690548866,0.25731005556158143,-0.04325512947838731
cn,midpoint,young,25,1041,-0.0001277392319698964,0.0007025729861221547,-0.049387888646015156,-0.040894412690548866,-0.10908000489029457,0.6861907978983871
cn,midpoint,young,26,961,-6.577225518476087e-05,-0.00023684201238264452,-0.049387888646015156,-0.040894412690548866,-0.056211615078526324,-0.2321233565951787
cn,midpoint,young,27,636,-0.0019619184723816616,0.0002892762080150199,-0.049387888646015156,-0.040894412690548866,-1.673947424564109,0.2821773619340374
cn,midpoint,young,28,618,0.0012458153590840654,-0.0015976778104943995,-0.049387888646015156,-0.040894412690548866,1.0627961025948154,-1.5623924893390593
cn,midpoint,young,29,604,0.004395537283937996,-0.002600394082527671,-0.049387888646015156,-0.040894412690548866,3.750045588708122,-2.542586064079467
cn,midpoint,young,30,924,0.00036680538259625806,0.0010199192756016884,-0.049387888646015156,-0.040894412690548866,0.31285081727732683,0.9964089549098322
cn,midpoint,young,31,918,0.0001545729768949386,-2.9640999170688076e-05,-0.049387888646015156,-0.040894412690548866,0.13178041272600743,-0.029576427324519535
cn,midpoint,young,32,961,9.868741141210585e-05,0.00043390163814398947,-0.049387888646015156,-0.040894412690548866,0.08410050297274932,0.4235542611729678
cn,midpoint,young,33,648,0.0012934624673539563,0.0011490004169323054,-0.049387888646015156,-0.040894412690548866,1.1034472045866166,1.1225907162727624
cn,midpoint,young,34,1038,-0.00011772602534101256,-0.0003444632833241659,-0.049387888646015156,-0.040894412690548866,-0.10053703347574271,-0.33732727242310045
cn,midpoint,young,35,606,0.0002673477504628041,-0.0004734618772557486,-0.049387888646015156,-0.040894412690548866,0.22799651038384922,-0.4634283405406913
cn,midpoint,young,36,769,5.8956454972246275e-05,0.001197627905361015,-0.049387888646015156,-0.040894412690548866,0.05020322733285163,1.1701259493621115
cn,midpoint,young,37,856,0.00041072011721896007,-0.0006752197824812789,-0.049387888646015156,-0.040894412690548866,0.35031756858526364,-0.6606544232032722
cn,midpoint,young,38,918,0.0012879913406152882,-0.000626159222301588,-0.049387888646015156,-0.040894412690548866,1.098779401247873,-0.612695845884301
cn,midpoint,young,39,559,0.0008413960387000097,-0.0012702666592319667,-0.049387888646015156,-0.040894412690548866,0.7177575129019343,-1.242335544302121
cn,midpoint,young,40,649,0.0006737287216802487,-0.0018174771985925917,-0.049387888646015156,-0.040894412690548866,0.5747087224852233,-1.7772548127646557
cn,midpoint,young,41,918,-0.0004890603168312274,0.00032786099645911587,-0.049387888646015156,-0.040894412690548866,-0.4173484561316031,0.3198954710048413
cn,midpoint,young,42,796,-5.935367034645006e-05,-0.0004498628063313234,-0.049387888646015156,-0.040894412690548866,-0.0507354685424713,-0.4403593445194547
cn,midpoint,young,43,1000,-1.2302562753245538e-05,-0.0002742680676094955,-0.049387888646015156,-0.040894412690548866,-0.010592856681024403,-0.26870875954954676
cn,midpoint,young,44,553,0.0014962138606052083,0.0005094094975670038,-0.049387888646015156,-0.040894412690548866,1.2764286900390034,0.49736608682406763
cn,midpoint,young,45,1038,-0.0002451866709007808,0.0007348398732902953,-0.049387888646015156,-0.040894412690548866,-0.2092826822828328,0.7177329164031077
cn,midpoint,young,46,856,-0.00042416959697901685,-0.00045900168770808547,-0.049387888646015156,-0.040894412690548866,-0.36198561530416645,-0.44929295121923674
cn,midpoint,young,47,596,-0.0015028933675543046,6.860920891465366e-05,-0.049387888646015156,-0.040894412690548866,-1.2823207964078391,0.06646691551151307
cn,midpoint,young,48,1041,0.0010314927642765398,-0.00023864145904749223,-0.049387888646015156,-0.040894412690548866,0.8799424105865271,-0.23388238465542469
cn,midpoint,young,49,636,0.0007830766007045561,-0.0019487606295504403,-0.049387888646015156,-0.040894412690548866,0.6680010951854823,-1.9055893966183914
cn,midpoint,young,50,889,0.00035205963766859333,0.0005389399839222445,-0.049387888646015156,-0.040894412690548866,0.3002701843120651,0.5262332686896529
cn,midpoint,young,51,648,-0.0012525075666620505,0.002385942887049547,-0.049387888646015156,-0.040894412690548866,-1.068699044764166,2.3317493739595485
cn,midpoint,young,52,540,-0.0002807874892322565,-8.267133270599414e-05,-0.049387888646015156,-0.040894412690548866,-0.23965624637798955,-0.08141561019949636
cn,midpoint,young,53,1041,-0.00029897069799111886,-0.0001614025416337983,-0.049387888646015156,-0.040894412690548866,-0.25516962170410185,-0.15837838349337346
cn,midpoint,young,54,918,0.0006306744307759057,0.0012185750679605742,-0.049387888646015156,-0.040894412690548866,0.5379760762808972,1.1906026033885748
cn,midpoint,young,55,706,-0.000692051411885608,0.0002358072174440326,-0.049387888646015156,-0.040894412690548866,-0.5905344480650843,0.22990937499964548
cn,midpoint,young,56,451,0.0006369819968149587,0.0009886501038176981,-0.049387888646015156,-0.040894412690548866,0.543357504864583,0.9658421414203385
cn,midpoint,young,57,1129,0.0008569990424198495,0.0012171173852542488,-0.049387888646015156,-0.040894412690548866,0.7310695336860892,1.1891776626923867
cn,midpoint,young,58,889,-0.0009575326507944848,-4.067855693638822e-05,-0.049387888646015156,-0.040894412690548866,-0.8170351804634493,-0.04036606294180848
cn,midpoint,young,59,587,0.00013293736980698329,-0.00010167891333157791,-0.049387888646015156,-0.040894412690548866,0.11332155336763611,-0.0999962485317915
cn,midpoint,young,60,786,0.0007648382572850027,-5.374473392605328e-06,-0.049387888646015156,-0.040894412690548866,0.6524406805993516,-0.005854968610463747
cn,midpoint,young,61,596,0.0012857566740364992,-0.0011450115663343766,-0.049387888646015156,-0.040894412690548866,1.0968728498891325,-1.1198938918765813
cn,midpoint,young,62,636,0.0005646773998527477,0.0004151238556306114,-0.049387888646015156,-0.040894412690548866,0.48166936360451224,0.405198259300012
cn,midpoint,young,63,601,0.004287840266578212,0.00029992414858930755,-0.049387888646015156,-0.040894412690548866,3.658161682299642,0.2925861318186336
cn,midpoint,young,64,616,0.001275845325283971,0.0010423239020713182,-0.049387888646015156,-0.040894412690548866,1.0884167805987757,1.01831033571166
cn,midpoint,young,65,588,0.002767124145426063,-0.0007625329971239353,-0.049387888646015156,-0.040894412690548866,2.360731714643101,-0.7460064359008601
cn,midpoint,young,66,856,-0.0002832957031251859,-0.00024550159121657783,-0.049387888646015156,-0.040894412690548866,-0.2417961802056875,-0.24058842669498634
cn,midpoint,young,67,1176,-0.0007297916291666637,0.00013313339558814613,-0.049387888646015156,-0.040894412690548866,-0.6227332839985213,0.12954178021322937
cn,midpoint,young,68,649,-0.002226830866560295,0.0017378681123618248,-0.049387888646015156,-0.040894412690548866,-1.899962835481564,1.698231450876353
cn,midpoint,young,69,1225,7.995838041723047e-06,-1.7203993806134965e-05,-0.049387888646015156,-0.040894412690548866,0.0067251378615353795,-0.01741877805986051
cn,midpoint,young,70,1129,-0.000534109389365843,-0.0006610130682375703,-0.049387888646015156,-0.040894412690548866,-0.4557829909593533,-0.6467668157032773
cn,midpoint,young,71,1129,9.597474522788502e-05,-0.0008761969890082183,-0.049387888646015156,-0.040894412690548866,0.08178613650375303,-0.8571173429757014
cn,midpoint,young,72,588,-0.0010352968297891452,0.0005379999788378761,-0.049387888646015156,-0.040894412690548866,-0.883381275460745,0.5253143777036188
cn,midpoint,young,73,762,-0.0003266373497260236,-0.0008348765239868661,-0.049387888646015156,-0.040894412690548866,-0.278773989781943,-0.8167250052338528
cn,midpoint,young,74,924,-0.0005045168376217532,0.0008050641110852255,-0.049387888646015156,-0.040894412690548866,-0.4305355020176828,0.7863797994720892
cn,midpoint,young,75,816,0.0005303089898288024,-0.00039188030006817587,-0.049387888646015156,-0.040894412690548866,0.4523472537869412,-0.38367922306173
cn,midpoint,young,76,721,0.0022144782069489916,-0.00019341805049134797,-0.049387888646015156,-0.040894412690548866,1.8892305632378106,-0.1896747700679932
cn,midpoint,young,77,841,-0.0003963711612001014,0.0006644863148076996,-0.049387888646015156,-0.040894412690548866,-0.3382688129819714,0.6489596174070427
cn,midpoint,young,78,744,-0.0005777539209508506,-0.0010613059128418423,-0.049387888646015156,-0.040894412690548866,-0.49301921303597573,-1.0380684084260579
cn,midpoint,young,79,848,-0.00028912695456399795,-0.0002939700949795218,-0.049387888646015156,-0.040894412690548866,-0.24677123127565515,-0.28796824618209105
cn,midpoint,young,80,604,0.005068865306666413,-0.0008097172290234406,-0.049387888646015156,-0.040894412690548866,4.324509121118698,-0.7921308304348922
cn,midpoint,young,81,616,0.0027232996799345377,-0.00035906778300164033,-0.049387888646015156,-0.040894412690548866,2.323341978285104,-0.35160373042565274
cn,midpoint,young,82,796,-0.0003611869489947711,-7.112192498147374e-05,-0.049387888646015156,-0.040894412690548866,-0.30825068489834384,-0.07012562163605507
cn,midpoint,young,83,796,0.00011892096921384265,0.0002982979124752719,-0.049387888646015156,-0.040894412690548866,0.10136317539342107,0.29099642370832607
cn,midpoint,young,84,681,-0.0004170038334367701,-0.0005952604158709768,-0.049387888646015156,-0.040894412690548866,-0.3558719980211407,-0.5824910787181931
cn,midpoint,young,85,616,-0.0005661048678232833,0.0023637881876827777,-0.049387888646015156,-0.040894412690548866,-0.483080585824555,2.3100923064766623
cn,midpoint,young,86,1084,0.00069363119113202,-0.0005163526022319218,-0.049387888646015156,-0.040894412690548866,0.5916889201289054,-0.5053556675525022
cn,midpoint,young,87,1084,0.00032838723966908956,-0.00026649073985975796,-0.049387888646015156,-0.040894412690548866,0.2800735952553387,-0.2611061236877742
cn,midpoint,young,88,1035,-0.0003060626870427449,0.00020787677278918948,-0.049387888646015156,-0.040894412690548866,-0.2612202967761202,0.20260629520140383
cn,midpoint,young,89,913,-0.0006745482207918818,-0.00029993205084716257,-0.049387888646015156,-0.040894412690548866,-0.5756012436762111,-0.2937962864735858
cn,midpoint,young,90,996,8.459787655051149e-05,-0.000317290536406431,-0.049387888646015156,-0.040894412690548866,0.0720797290061234,-0.3107648711938849
cn,midpoint,young,91,786,0.0007381733923837522,0.00018637025366999987,-0.049387888646015156,-0.040894412690548866,0.6296910073860602,0.18158284874539388
cn,midpoint,young,92,924,0.0003629699702413641,-0.0006681359152179087,-0.049387888646015156,-0.040894412690548866,0.30957855701892345,-0.653729671536692
cn,midpoint,young,93,578,0.0028262930574607034,0.002715910671662859,-0.049387888646015156,-0.040894412690548866,2.4112128784576954,2.654305526053751
cn,midpoint,young,94,961,0.0009565934365715623,-9.13917404749276e-05,-0.049387888646015156,-0.040894412690548866,0.8160405218841561,-0.08994014291391239
cn,midpoint,young,95,961,0.0007667092102534509,-0.00017294686416635674,-0.049387888646015156,-0.040894412690548866,0.6540369222749521,-0.16966340108683406
cn,midpoint,young,96,636,0.0018267222398227687,0.0007686421391078016,-0.049387888646015156,-0.040894412690548866,1.558408653158992,0.7507759263652395
cn,midpoint,young,97,1128,-0.00011654632426070372,2.6534048839746416e-05,-0.049387888646015156,-0.040894412690548866,-0.0995305474438133,0.0253368344388587
cn,midpoint,young,98,1038,0.001207303106802983,-0.0006267303612910655,-0.049387888646015156,-0.040894412690548866,1.0299385892585533,-0.6132541561295655
cn,midpoint,young,99,856,-0.0007457842675465329,-0.0014699167787108405,-0.049387888646015156,-0.040894412690548866,-0.6363777295379137,-1.4375011856380515
cn,midpoint,young,100,700,-0.0009828892882549761,0.0027962331394014647,-0.049387888646015156,-0.040894412690548866,-0.8386687127596142,2.732823815803877
cn,midpoint,young,101,616,0.0013714882266030667,0.0007914502788999717,-0.049387888646015156,-0.040894412690548866,1.1700164721118747,0.7730717569003644
cn,midpoint,young,102,906,-0.00019914114463849553,-0.0005308334929090761,-0.049387888646015156,-0.040894412690548866,-0.16999800263865086,-0.5195112930211929
cn,midpoint,young,103,606,0.000622677223420201,-0.0002641321764949023,-0.049387888646015156,-0.040894412690548866,0.5311530957544637,-0.25880053763085126
cn,midpoint,young,104,507,-0.000559699679785669,0.0016126048975447435,-0.049387888646015156,-0.040894412690548866,-0.47761586904218817,1.5757818589633215
cn,midpoint,young,105,993,0.00043949858597593094,-0.0001130436215052294,-0.049387888646015156,-0.040894412690548866,0.3748705060265218,-0.11110568620754047
cn,midpoint,young,106,721,0.0034985579488033894,0.004914980054059985,-0.049387888646015156,-0.040894412690548866,2.9847693786482417,4.803980104150652
cn,midpoint,young,107,649,-0.001263866868157222,0.0005881222419741872,-0.049387888646015156,-0.040894412690548866,-1.0783904644620879,0.5743108103415743
cn,midpoint,young,108,609,-0.0016792629139977186,-0.001204443270505992,-0.049387888646015156,-0.040894412690548866,-1.432794071304346,-1.1779906598154954
cn,midpoint,young,109,649,-0.00019353525661772175,-0.001461640112708093,-0.049387888646015156,-0.040894412690548866,-0.16521522496416405,-1.429410427501939
cn,midpoint,young,110,664,-0.0006847851391646523,0.000567027739504268,-0.049387888646015156,-0.040894412690548866,-0.5843350793267621,0.5536901259465431
cn,midpoint,young,111,708,-0.00010723442087731683,-0.0007144971926090621,-0.049387888646015156,-0.040894412690548866,-0.09158590719341925,-0.6990495965075101
cn,midpoint,young,112,648,-6.021169082862099e-05,-0.0008792298178703292,-0.049387888646015156,-0.040894412690548866,-0.05146750621271594,-0.8600820493905084
cn,midpoint,young,113,864,-0.00017324281288568638,-0.0006533073642007031,-0.049387888646015156,-0.040894412690548866,-0.1479023128113161,-0.6392341947650805
cn,midpoint,young,114,1225,2.985015022249904e-05,0.00022622899291773607,-0.049387888646015156,-0.040894412690548866,0.025370589929458356,0.2205462935378685
cn,midpoint,young,115,601,0.0004276396778735772,-0.0005505922036905184,-0.049387888646015156,-0.040894412690548866,0.3647528367642129,-0.5388261898602074
cn,midpoint,young,116,961,0.00027570162770119283,0.000364154252674484,-0.049387888646015156,-0.040894412690548866,0.23512379109354387,0.35537351952256874
cn,midpoint,young,117,924,0.00019318836776732046,-0.0008028968697172956,-0.049387888646015156,-0.040894412690548866,0.16472592085453372,-0.7854636678927425
cn,midpoint,young,118,721,-0.0014517333768431367,0.00028627133800406684,-0.049387888646015156,-0.040894412690548866,-1.2386726071301386,0.27923998636747377
cn,midpoint,young,119,681,0.0007540104813416326,-0.0006278481115003995,-0.049387888646015156,-0.040894412690548866,0.6432027427642772,-0.6143467997855144
cn,midpoint,young,120,681,0.0023649616136001486,-0.0018684668081754077,-0.049387888646015156,-0.040894412690548866,2.017618550126734,-1.8270991097862361
cn,midpoint,young,121,909,-0.0006816136724612579,-0.00024054660252693927,-0.049387888646015156,-0.040894412690548866,-0.5816292778394396,-0.23574473540168903
cn,midpoint,young,122,702,-7.491661258035576e-05,0.0002998130647079919,-0.049387888646015156,-0.040894412690548866,-0.06401331005300835,0.2924775430684959
cn,midpoint,young,123,1041,-0.0005104373965276673,-0.00011770932950769947,-0.049387888646015156,-0.040894412690548866,-0.4355867475742756,-0.11566659454541205
cn,midpoint,young,124,835,0.000784107666108369,0.00019268074515580574,-0.049387888646015156,-0.040894412690548866,0.6688807696591818,0.18775159595770172
cn,midpoint,young,125,862,-0.00036227630482159323,0.0003487377074047268,-0.049387888646015156,-0.040894412690548866,-0.3091800910350325,0.3403032558402325
cn,midpoint,young,126,596,-0.0010085744210988137,0.0006854468294573632,-0.049387888646015156,-0.040894412690548866,-0.8605825075904248,0.6694493235740637
cn,midpoint,young,127,796,0.00016408299737268733,4.238130074577656e-05,-0.049387888646015156,-0.040894412690548866,0.13989408061525846,0.04082813036057085
cn,midpoint,young,128,708,-0.0010842828621352649,-0.002274314801100949,-0.049387888646015156,-0.040894412690548866,-0.9251747078301579,-2.2238310728372017
cn,midpoint,young,129,1036,0.0006796869962516008,0.00019864833364685586,-0.049387888646015156,-0.040894412690548866,0.579792145930844,0.19358514235439173
cn,midpoint,young,130,675,0.000618384925936466,-0.0012592696958654975,-0.049387888646015156,-0.040894412690548866,0.5274910346320529,-1.2315855912654448
cn,midpoint,young,131,616,-0.00041529119176168805,0.0011255245743567316,-0.049387888646015156,-0.040894412690548866,-0.3544108228535983,1.099642180683992
cn,midpoint,young,132,961,-0.00014602370361382205,-0.00042235177044990663,-0.049387888646015156,-0.040894412690548866,-0.12467977471164832,-0.4134662528667815
cn,midpoint,young,133,604,-0.004161582544403401,0.003893272212117334,-0.049387888646015156,-0.040894412690548866,-3.5506356809207245,3.8052215421664846
cn,midpoint,young,134,588,0.001482780160878501,0.0024840550152828017,-0.049387888646015156,-0.040894412690548866,1.264967455190829,2.4276577384496707
cn,midpoint,young,135,561,-0.004162666065224203,0.0025729189521021614,-0.049387888646015156,-0.040894412690548866,-3.5515601088030455,2.5145256414905255
cn,midpoint,young,136,993,0.0001734495563855687,-0.001013853258035352,-0.049387888646015156,-0.040894412690548866,0.1478853514304377,-0.9916816202158901
cn,midpoint,young,137,632,-0.002347636579795448,0.002059141719956137,-0.049387888646015156,-0.040894412690548866,-2.003030693075301,2.012288711819224
cn,midpoint,young,139,825,-0.00011548117202652558,0.0009998280630444042,-0.049387888646015156,-0.040894412690548866,-0.09862179109572382,0.9767690248452083
cn,midpoint,young,140,777,9.573080778160076e-05,0.0005981956167871935,-0.049387888646015156,-0.040894412690548866,0.08157801629733145,0.5841579201801719
cn,midpoint,young,141,1176,-0.0009043557756438017,0.000661881951716542,-0.049387888646015156,-0.040894412690548866,-0.7716662450999213,0.6464137526999034
cn,midpoint,young,142,1176,-0.0012247523655037895,-0.0003610310561862548,-0.049387888646015156,-0.040894412690548866,-1.0450191289401787,-0.35352290518594365
cn,midpoint,young,143,996,-0.0006970583856561671,-0.0004697938525444756,-0.049387888646015156,-0.040894412690548866,-0.5948062498345505,-0.45984270584595527
cn,midpoint,young,144,856,8.715092436509947e-05,0.0003399247654203297,-0.049387888646015156,-0.040894412690548866,0.07425791380829207,0.33168826738477497
cn,midpoint,young,145,664,-0.0023758956006937337,0.00014122169379925803,-0.049387888646015156,-0.040894412690548866,-2.02714045298387,0.13744840161575225
cn,midpoint,young,146,744,0.00032897789619952544,0.0009332560342971002,-0.049387888646015156,-0.040894412690548866,0.28057752591834695,0.9116923160537749
cn,midpoint,young,147,816,0.0012759843138248975,-0.0011788593700256117,-0.049387888646015156,-0.040894412690548866,1.0885353615065798,-1.1529814168550554
cn,midpoint,young,148,748,-0.00035390292004663926,-0.0011345178430586036,-0.049387888646015156,-0.040894412690548866,-0.3020361670727394,-1.1096358753100812
cn,midpoint,young,149,751,-0.0003019033977993621,-0.0005372093799333177,-0.049387888646015156,-0.040894412690548866,-0.25767171434613456,-0.5257439668779358
cn,midpoint,young,150,666,-9.306137417449539e-05,7.294043049603516e-05,-0.049387888646015156,-0.040894412690548866,-0.07949388339656198,0.07070085055700545
cn,midpoint,young,151,582,-0.002060562837231855,0.0003402910140881468,-0.049387888646015156,-0.040894412690548866,-1.7581078758915545,0.332046289490294
cn,midpoint,young,152,535,-3.437654442830368e-05,0.0027241986829349904,-0.049387888646015156,-0.040894412690548866,-0.029425724257270976,2.662407374625377
cn,midpoint,young,153,816,0.0004510891501862263,-0.0010690436024584568,-0.049387888646015156,-0.040894412690548866,0.3847592322255255,-1.0456322964939773
cn,midpoint,young,154,1176,-6.589339390822291e-05,-7.037609555232e-05,-0.049387888646015156,-0.040894412690548866,-0.05631496705058553,-0.06939654479278574
cn,midpoint,young,155,1225,9.436109495727929e-05,2.5356795712930258e-05,-0.049387888646015156,-0.040894412690548866,0.08040941787147157,0.024186024401231264
cn,midpoint,young,156,1081,-0.0004990027531325339,0.0003963014060000686,-0.049387888646015156,-0.040894412690548866,-0.42583104839810587,0.38679859360861807
cn,midpoint,young,157,786,0.00020389831382041507,5.118904524294143e-05,-0.049387888646015156,-0.040894412690548866,0.1738633297160523,0.0494380380731184
cn,midpoint,young,158,841,-0.000560312083252662,-0.00042681127719991496,-0.049387888646015156,-0.040894412690548866,-0.4781383535475615,-0.41782559157982135
cn,midpoint,young,160,669,0.00040303415298100637,-0.00020854534980005446,-0.049387888646015156,-0.040894412690548866,0.3437601314712923,-0.20446228474101438
cn,midpoint,young,161,732,-0.00018564916528371334,-0.0012678878211209096,-0.049387888646015156,-0.040894412690548866,-0.15848704533740557,-1.2400101389039642
cn,midpoint,young,162,601,-0.0006275792838793121,0.0002085780267613649,-0.049387888646015156,-0.040894412690548866,-0.5355287374064887,0.20329179782757914
cn,midpoint,young,163,848,0.000282180228843798,-0.0006414880724483207,-0.049387888646015156,-0.040894412690548866,0.24065114176339902,-0.6276803842238637
cn,midpoint,young,164,732,0.00046250131221835244,0.00017507527381535604,-0.049387888646015156,-0.040894412690548866,0.3944957509684285,0.17054157317309832
cn,midpoint,young,165,748,0.0007561104893972631,0.0001739559044033681,-0.049387888646015156,-0.040894412690548866,0.6449944074581656,0.1694473466845158
cn,midpoint,young,166,1038,-0.0007980391488312394,0.0004523078771033334,-0.049387888646015156,-0.040894412690548866,-0.680960047034323,0.4415470649862551
cn,midpoint,young,167,721,-0.0009815612726114323,-0.0015031071311063099,-0.049387888646015156,-0.040894412690548866,-0.8375356891337813,-1.4699460267848297
cn,midpoint,young,168,731,1.0101683757222923e-05,0.00016259795372054742,-0.049387888646015156,-0.040894412690548866,0.008521783073976915,0.15834451471496552
cn,midpoint,young,169,1225,0.00112990193724858,-1.1058749320509709e-05,-0.049387888646015156,-0.040894412690548866,0.9639022031673322,-0.01141156612162747
cn,midpoint,young,170,882,0.000386004897136083,-0.0011879742047122485,-0.049387888646015156,-0.040894412690548866,0.3292312746039406,-1.161891516993897
cn,midpoint,young,171,744,-0.001610156702250426,-0.00021712415399469803,-0.049387888646015156,-0.040894412690548866,-1.3738346976085996,-0.21284839453605583
cn,midpoint,young,172,769,0.00034411040968880535,0.00018202925925564495,-0.049387888646015156,-0.040894412690548866,0.29348813836854154,0.17733936038122627
cn,midpoint,young,173,625,0.0021987772230635944,-0.0021806738564463177,-0.049387888646015156,-0.040894412690548866,1.8758349486774988,-2.132293461607486
cn,midpoint,young,174,1176,0.0003582609455477781,-0.0002463828923256056,-0.049387888646015156,-0.040894412690548866,0.3055609565799511,-0.2414499322958967
cn,midpoint,young,175,1000,-0.0005081189831362756,-0.0005376233195252197,-0.049387888646015156,-0.040894412690548866,-0.43360874591468324,-0.5261486086890139
cn,midpoint,young,176,924,0.0001611114138260969,-0.0002003563240584802,-0.049387888646015156,-0.040894412690548866,0.1373588135189772,-0.19645719831811392
cn,midpoint,young,177,588,0.0017105196818552049,0.0009492745010098447,-0.049387888646015156,-0.040894412690548866,1.4592680713446564,0.9273509810091035
cn,midpoint,young,178,700,0.00011168457977672741,-0.0013189590129500592,-0.049387888646015156,-0.040894412690548866,0.09518930218805692,-1.2899341856971394
cn,midpoint,young,179,510,0.00160763512890362,-0.0018497644973552649,-0.049387888646015156,-0.040894412690548866,1.3714900170769084,-1.8088168843850971
cn,midpoint,young,180,721,-0.0023462450326999645,-0.0008723094755994296,-0.049387888646015156,-0.040894412690548866,-2.001843466295777,-0.8533171496694881
cn,midpoint,young,181,664,-0.005754599893651471,-0.000681830396579923,-0.049387888646015156,-0.040894412690548866,-4.909750915620367,-0.6671165517687536
cn,midpoint,young,182,816,0.0002797174164824445,-9.286378991626293e-05,-0.049387888646015156,-0.040894412690548866,0.2385499431781469,-0.09137912764403078
cn,midpoint,young,183,795,0.0003070693000699065,-0.00014794341723868565,-0.049387888646015156,-0.040894412690548866,0.26188576039256556,-0.1452215737141027
cn,midpoint,young,184,786,0.0005170134353165087,0.00025961492644946405,-0.049387888646015156,-0.040894412690548866,0.4410038803453604,0.2531823227389826
cn,midpoint,young,185,649,-0.0006805852425992506,-0.0007283482466040464,-0.049387888646015156,-0.040894412690548866,-0.580751851931973,-0.7125895324873419
cn,midpoint,young,186,961,0.00018732577583344817,0.0006269824033099808,-0.049387888646015156,-0.040894412690548866,0.15972413100214192,0.6122981069648574
cn,midpoint,young,187,796,0.00038167766539601994,0.0009238277110519,-0.049387888646015156,-0.040894412690548866,0.32553940860839975,0.9024757688377003
cn,midpoint,young,188,578,-0.0012883403946528024,-0.0019595555758575647,-0.049387888646015156,-0.040894412690548866,-1.099270552631039,-1.916141870239324
cn,midpoint,young,189,882,0.00021024466428107985,-0.0004702480019476152,-0.049387888646015156,-0.040894412690548866,0.1792778480198887,-0.46028665428814713
cn,midpoint,young,190,664,0.0013806204778243902,-0.0005993041601575488,-0.049387888646015156,-0.040894412690548866,1.1778078384569204,-0.5864439936933873
cn,midpoint,young,191,664,0.0003527551754531552,0.00041411522385387256,-0.049387888646015156,-0.040894412690548866,0.30086359655566275,0.4042122830927708
cn,midpoint,young,192,744,-0.0009266165284943714,0.00025714059067592776,-0.049387888646015156,-0.040894412690548866,-0.7906584603130034,0.25076356471678296
cn,midpoint,young,193,848,-0.0010362263072542788,-7.643568368947973e-05,-0.049387888646015156,-0.040894412690548866,-0.8841742781130822,-0.07532002436849176
cn,midpoint,young,194,786,0.00013593744627548449,0.0003906279544360486,-0.049387888646015156,-0.040894412690548866,0.11588112978124422,0.3812525773278842
cn,midpoint,young,195,681,-0.0013694741270820973,0.0006027673035343753,-0.049387888646015156,-0.040894412690548866,-1.1684914508495978,0.5886269191385978
cn,midpoint,young,196,816,0.0007092104097847218,-0.0007429273469123643,-0.049387888646015156,-0.040894412690548866,0.6049806481980304,-0.7268411616333731
cn,midpoint,young,197,808,0.00013545624327815364,-0.00034265252581465455,-0.049387888646015156,-0.040894412690548866,0.11547058163186959,-0.33555718757882347
cn,midpoint,young,198,568,-0.0013682442239813866,0.0005241860746208124,-0.049387888646015156,-0.040894412690548866,-1.167442133940294,0.511810757055089
cn,midpoint,young,199,918,0.0005384516853968874,-0.00027263709860644164,-0.049387888646015156,-0.040894412690548866,0.45929436054841444,-0.2671144248588845
cn,midpoint,young,200,616,-0.004157343418805963,3.994327119262453e-05,-0.049387888646015156,-0.040894412690548866,-3.5470189844773348,0.03844486305986073
cn,midpoint,young,201,664,0.00043519965010166417,-0.001779737546724794,-0.049387888646015156,-0.040894412690548866,0.37120278122586553,-1.7403628570783838
cn,midpoint,young,202,996,0.00039835173751753133,-0.00021892522883609766,-0.049387888646015156,-0.040894412690548866,0.3397652332395775,-0.21460901420126452
cn,midpoint,young,203,1000,0.0005544241207074696,-0.0006943136172440634,-0.049387888646015156,-0.040894412690548866,0.4729215694272842,-0.6793193782594871
cn,midpoint,young,204,666,0.0008913970066850921,-0.0007147745477068257,-0.049387888646015156,-0.040894412690548866,0.760416858307263,-0.6993207217423666
cn,midpoint,young,205,625,-0.0026609145010941665,-0.0003109778684027911,-0.049387888646015156,-0.040894412690548866,-2.2703101396758667,-0.3045939963520016
cn,midpoint,young,206,601,0.0006840562360575508,0.0037542069066011582,-0.049387888646015156,-0.040894412690548866,0.583519851964382,3.66927987777137
cn,midpoint,young,207,876,-0.00020403322778356908,-0.00019274639938322846,-0.049387888646015156,-0.040894412690548866,-0.17417178312825143,-0.18901820537565897
cn,midpoint,young,208,666,-0.0013063821271199622,0.001167981072638026,-0.049387888646015156,-0.040894412690548866,-1.1146632245740447,1.1411450344642695
cn,midpoint,young,209,796,-0.0008245234757811096,0.0014154688627145001,-0.049387888646015156,-0.040894412690548866,-0.7035556906130481,1.3830738316979634
cn,midpoint,young,210,996,0.0001615073710275125,0.00014079953694185604,-0.049387888646015156,-0.040894412690548866,0.13769663247932123,0.13703572711280543
cn,midpoint,young,211,666,0.0001653144475046442,0.00041047957231396537,-0.049387888646015156,-0.040894412690548866,0.14094471740581538,0.400658294413415
cn,midpoint,young,212,686,0.0002082414410580144,0.0014614786784198155,-0.049387888646015156,-0.040894412690548866,0.17756875727944102,1.4280501894047066
cn,midpoint,young,213,991,0.0003063555961269754,-0.0008736771128820195,-0.049387888646015156,-0.040894412690548866,0.26127684932052936,-0.8546540675139067
cn,midpoint,young,214,1084,0.0002104377835510582,5.0873220181567314e-05,-0.049387888646015156,-0.040894412690548866,0.17944261166296235,0.04912930697486548
cn,midpoint,young,215,1041,-0.00025160658445839285,-0.00040621781430656007,-0.049387888646015156,-0.040894412690548866,-0.21475996244285359,-0.39769469256809004
cn,midpoint,young,216,609,0.0008301968408647858,0.00222708504810782,-0.049387888646015156,-0.040894412690548866,0.7082026889061678,2.176459749794897
cn,midpoint,young,217,1176,-0.0009540013325083224,-4.342204544820899e-05,-0.049387888646015156,-0.040894412690548866,-0.814022364260561,-0.043047928078202326
cn,midpoint,young,218,801,5.813886535305235e-05,0.0009047170080014807,-0.049387888646015156,-0.040894412690548866,0.04950568407778084,0.8837943243840182
cn,midpoint,young,219,744,0.00025324186726469883,0.0009573318460223135,-0.049387888646015156,-0.040894412690548866,0.21596178850057038,0.9352273444739886
cn,midpoint,young,220,696,-0.00033886906526154476,0.0007691627915718952,-0.049387888646015156,-0.040894412690548866,-0.28920972730776845,0.7512848840975622
cn,midpoint,young,221,996,-0.0007862404794843347,0.0006286791034120082,-0.049387888646015156,-0.040894412690548866,-0.6708937716945529,0.6139566963232372
cn,midpoint,young,222,1084,-0.00017949180219101885,-0.00040515290408157933,-0.049387888646015156,-0.040894412690548866,-0.15323376546019113,-0.39665370202139744
cn,midpoint,young,223,1041,0.00043977888472224863,0.0003746294796581687,-0.049387888646015156,-0.040894412690548866,0.3751096486175095,0.36561345525487166
cn,midpoint,young,224,739,0.0006279168331028706,0.0005284453639232481,-0.049387888646015156,-0.040894412690548866,0.5356233755960218,0.5159743755418442
cn,midpoint,young,225,632,-0.0006463041583649257,-0.0006673403576454989,-0.049387888646015156,-0.040894412690548866,-0.551504245892475,-0.6529519835280684
cn,midpoint,young,226,816,0.00034334542767477244,-0.0004795429049924138,-0.049387888646015156,-0.040894412690548866,0.29283547836453466,-0.4693727781463669
cn,midpoint,young,227,1225,0.00028921757034711115,0.00044030986591947485,-0.049387888646015156,-0.040894412690548866,0.24665519316525703,0.4298185493531793
cn,midpoint,young,228,871,0.00115033666988084,-0.00039011160571982006,-0.049387888646015156,-0.040894412690548866,0.9813365119968174,-0.38195025656912235
cn,midpoint,young,229,1128,-0.0007207481481720582,-0.0003840770724844525,-0.049387888646015156,-0.040894412690548866,-0.6150176537825124,-0.37605126911989056
cn,midpoint,young,230,576,0.00044884461369427975,-0.00010785764282510851,-0.049387888646015156,-0.040894412690548866,0.3828442601491173,-0.10603619334822187
cn,midpoint,young,231,606,0.0012479260385201627,-0.0009203157494371977,-0.049387888646015156,-0.040894412690548866,1.0645968717945489,-0.9002451216945073
cn,midpoint,young,232,732,-0.001274169316189823,-0.0013903847135052425,-0.049387888646015156,-0.040894412690548866,-1.0871802080781372,-1.3597555446480192
cn,midpoint,young,233,616,-0.0006859650944512768,0.0005426308342798003,-0.049387888646015156,-0.040894412690548866,-0.5853417822399932,0.5298412163281895
cn,midpoint,young,234,700,0.000741392723727731,0.0006833556019548229,-0.049387888646015156,-0.040894412690548866,0.6324376455675043,0.667405068565462
cn,midpoint,young,235,681,0.0007804452593678582,-0.0006961545201298602,-0.049387888646015156,-0.040894412690548866,0.6657561126684437,-0.6811189313640957
cn,midpoint,young,236,1041,0.00030975925924363323,-0.0009769701454487995,-0.049387888646015156,-0.040894412690548866,0.26418075391254053,-0.9556269644951277
cn,midpoint,young,237,606,0.0014272315672123476,0.0012801076282820817,-0.049387888646015156,-0.040894412690548866,1.2175750398141572,1.2507530387077963
cn,midpoint,young,238,744,-0.00017921237088067143,0.0006745495086528386,-0.049387888646015156,-0.040894412690548866,-0.1529953629398893,0.6587967749594686
cn,midpoint,young,239,708,-0.00033083500435279745,0.0011839846227346199,-0.049387888646015156,-0.040894412690548866,-0.28235530442107654,1.1567891178557845
cn,midpoint,young,240,816,-0.0003173968831163068,-0.0006685344775036114,-0.049387888646015156,-0.040894412690548866,-0.2708902972716716,-0.6541192814417827
cn,midpoint,young,241,956,-0.00029759354077764366,-0.0004302639382803425,-0.049387888646015156,-0.040894412690548866,-0.253994671945837,-0.4212007000738012
cn,midpoint,young,242,596,0.001288649544539812,0.00021077247836257668,-0.049387888646015156,-0.040894412690548866,1.0993409613475051,0.2054369583476382
cn,midpoint,young,243,1041,-0.0005889459999867189,-0.0007104094636895888,-0.049387888646015156,-0.040894412690548866,-0.5025679634829129,-0.6950536848683947
cn,midpoint,young,244,961,-0.0004567803868254852,0.00010410673881038751,-0.049387888646015156,-0.040894412690548866,-0.3898081756277211,0.10116711106373937
cn,midpoint,young,245,696,-1.1329351498647056e-05,0.0006884462821236531,-0.049387888646015156,-0.040894412690548866,-0.009762541654430194,0.6723814034786549
cn,midpoint,young,246,744,-0.000521023907898023,-0.0010759657406766501,-0.049387888646015156,-0.040894412690548866,-0.44461884561926107,-1.0523989518222883
cn,midpoint,young,247,700,-0.00023613938178008997,-0.0009766282265345483,-0.049387888646015156,-0.040894412690548866,-0.2015638030864027,-0.9552927256559078
cn,midpoint,young,248,904,0.0002847586944677849,0.0005521392996637106,-0.049387888646015156,-0.040894412690548866,0.24285101228795047,0.5391361055554795
cn,midpoint,young,249,632,0.0011451138481991183,-0.001015111396053217,-0.049387888646015156,-0.040894412690548866,0.9768805551805917,-0.9929114983336026
cn,midpoint,young,250,996,-0.00023336928723118044,-2.3975546194349162e-05,-0.049387888646015156,-0.040894412690548866,-0.19920044043705148,-0.024038229969707826
cn,midpoint,young,251,721,0.0007571921881929025,0.0011337782388503512,-0.049387888646015156,-0.040894412690548866,0.6459172808425664,1.1077104539636347
cn,midpoint,young,252,664,-0.0021103296538024785,0.0010644772186554907,-0.049387888646015156,-0.040894412690548866,-1.80056745024306,1.039966051471577
cn,midpoint,young,253,664,-0.0011740752847433228,-0.000811739336356046,-0.049387888646015156,-0.040894412690548866,-1.001782944133927,-0.7941075178290602
cn,midpoint,young,254,721,0.0017793421691117972,0.0012170520694544038,-0.049387888646015156,-0.040894412690548866,1.517985379705741,1.189113813995479
cn,midpoint,young,255,889,-0.0003587349272961629,-0.0006581985738967691,-0.049387888646015156,-0.040894412690548866,-0.30615869258704503,-0.6440155396484841
cn,midpoint,young,256,681,-0.00048709552760153874,-0.0009718156122695831,-0.049387888646015156,-0.040894412690548866,-0.41567215613631164,-0.9505882108177699
cn,midpoint,young,257,606,0.0021530502825741343,-0.001467073873953402,-0.049387888646015156,-0.040894412690548866,1.8368220769816794,-1.4347221373124572
cn,midpoint,young,258,856,-0.0007796260126258572,-0.00016765912053729598,-0.049387888646015156,-0.040894412690548866,-0.6652505044187659,-0.1644944290908277
cn,midpoint,young,259,913,-0.0004347209488024112,-0.0002526073580663285,-0.049387888646015156,-0.040894412690548866,-0.3709877162647241,-0.24753458604633063
cn,midpoint,young,260,871,0.0004842340704277956,0.0012580177845852927,-0.049387888646015156,-0.040894412690548866,0.413037496787104,1.229159370127245
cn,midpoint,young,261,825,0.00034214842247433375,0.0014034193770707526,-0.049387888646015156,-0.040894412690548866,0.29181422896966847,1.3712949978081148
cn,midpoint,young,262,889,0.0005013954399211498,-4.928428411155733e-05,-0.049387888646015156,-0.040894412690548866,0.4276790691075415,-0.04877849098186105
cn,midpoint,young,263,796,-0.00118834995308182,-0.0026217070852723803,-0.049387888646015156,-0.040894412690548866,-1.013961668501426,-2.56342034086489
cn,midpoint,young,264,633,0.00016199390948701264,-0.0010230034670070873,-0.049387888646015156,-0.040894412690548866,0.1381117326870409,-1.0006263000737725
cn,midpoint,young,265,1041,0.0002896610478542033,0.0004843370910591824,-0.049387888646015156,-0.040894412690548866,0.24703355504337474,0.4728568488195699
cn,midpoint,young,266,1038,-0.0002616742322485849,-0.000622527618371907,-0.049387888646015156,-0.040894412690548866,-0.22334938144428432,-0.6091458138990244
cn,midpoint,young,267,777,-6.782764157213517e-06,-0.0004137574189596524,-0.049387888646015156,-0.040894412690548866,-0.005883527954703939,-0.4050649449945898
cn,midpoint,young,268,924,0.00013446083412798487,-0.0008677277734247049,-0.049387888646015156,-0.040894412690548866,0.1146213280180327,-0.8488383602469004
cn,midpoint,young,269,577,0.001696523417077038,0.00019232114349638368,-0.049387888646015156,-0.040894412690548866,1.4473268726515753,0.18740007155756733
cn,midpoint,young,270,1000,-0.00012199036390295875,-0.0005290053606382128,-0.049387888646015156,-0.040894412690548866,-0.10417524087391944,-0.5177242236819848
cn,midpoint,young,271,961,0.00017827419429144314,-0.0007377293289227357,-0.049387888646015156,-0.040894412690548866,0.1520015896389409,-0.7217598998877276
cn,midpoint,young,272,769,-0.0001915364173738568,2.277723518712138e-05,-0.049387888646015156,-0.040894412690548866,-0.1635098745049649,0.021664405152024592
cn,midpoint,young,273,601,0.0009920589412791073,0.0010718652358175512,-0.049387888646015156,-0.040894412690548866,0.8462986404018787,1.0471881213175556
cn,midpoint,young,274,1082,-0.0002859185004998946,-0.0006778346520021628,-0.049387888646015156,-0.040894412690548866,-0.24403387326733517,-0.6632105583480201
cn,midpoint,young,275,609,0.0010716468535695578,0.0019537955880435803,-0.049387888646015156,-0.040894412690548866,0.9142006906481914,1.9093088315635087
cn,midpoint,young,276,648,-0.0007613574565272369,0.002177452601119137,-0.049387888646015156,-0.040894412690548866,-0.649664313269423,2.1279421312084335
cn,midpoint,young,277,1041,0.00010646375827735172,-0.00021655420728458608,-0.049387888646015156,-0.040894412690548866,0.0907350518681855,-0.21229124978955308
cn,midpoint,young,278,600,-0.0033875617260682236,0.0014060598742490424,-0.049387888646015156,-0.040894412690548866,-2.8902640367132224,1.3738761849698946
cn,midpoint,young,279,825,-0.00011940366006146785,0.0001773467437070908,-0.049387888646015156,-0.040894412690548866,-0.1019683417461191,0.1727620220230805
cn,midpoint,young,280,636,0.001698563787309676,-0.00020451924695585183,-0.049387888646015156,-0.040894412690548866,1.4490676561207037,-0.20052661495166388
cn,midpoint,young,281,721,-0.0013182304455579621,-0.00017186877557996,-0.049387888646015156,-0.040894412690548866,-1.1247718590482765,-0.16860952818693165
cn,midpoint,young,282,616,-0.0017708791022242945,-0.0009462557913910499,-0.049387888646015156,-0.040894412690548866,-1.5109582904339265,-0.9256025065907394
cn,midpoint,young,283,777,-0.000244101593416729,-0.0004522914785404647,-0.049387888646015156,-0.040894412690548866,-0.2083569263015182,-0.44273346465786995
cn,midpoint,young,284,796,-0.0005091837618269521,0.0008518690948546501,-0.049387888646015156,-0.040894412690548866,-0.4345171835665173,0.8321334644281684
cn,midpoint,young,285,600,0.0023829043610596387,-0.003842795312527035,-0.049387888646015156,-0.040894412690548866,2.032926770992045,-3.757080868702073
cn,midpoint,young,286,825,-0.0005312890863161598,-0.001278484079489578,-0.049387888646015156,-0.040894412690548866,-0.4533767919037664,-1.2503683874523766
cn,midpoint,young,287,996,6.12265954871849e-05,-0.0002501453611791979,-0.049387888646015156,-0.040894412690548866,0.05214004400356668,-0.24512788975835392
cn,midpoint,young,288,825,0.0009586409919274813,0.00038774577107974356,-0.049387888646015156,-0.040894412690548866,0.8177874354877236,0.37843513266694806
cn,midpoint,young,289,1041,0.00047902634993645526,-0.0005786083528993222,-0.049387888646015156,-0.040894412690548866,0.40859442385938033,-0.5662130491436945
cn,midpoint,young,290,681,7.90519556866584e-05,-0.0005877231890399626,-0.049387888646015156,-0.040894412690548866,0.0673481135343527,-0.5751231507038804
cn,midpoint,young,291,769,0.0008133016163084233,-4.279090167015609e-05,-0.049387888646015156,-0.040894412690548866,0.6937881835656814,-0.042430960853036645
cn,midpoint,young,292,769,2.652802016166883e-05,-0.0009973334727006247,-0.049387888646015156,-0.040894412690548866,0.022536246926565633,-0.9755328970996732
cn,midpoint,young,293,913,-0.00035333524709629804,-0.00015286924574201,-0.049387888646015156,-0.040894412690548866,-0.3015518453197467,-0.15003675980801248
cn,midpoint,young,294,708,0.00030119679885706047,-0.0003767756021242144,-0.049387888646015156,-0.040894412690548866,0.25687551623675736,-0.3689138020887129
cn,midpoint,young,295,786,-0.00022767196415650337,5.443079632684589e-05,-0.049387888646015156,-0.040894412690548866,-0.19433965308187648,0.05260697396453222
cn,midpoint,young,296,796,0.0013642025087077445,0.0011095364691556739,-0.049387888646015156,-0.040894412690548866,1.1638005133265354,1.0840131952696308
cn,midpoint,young,297,1225,-0.00022961109419681464,0.0006350297685973616,-0.049387888646015156,-0.040894412690548866,-0.19599406141653447,0.6201647148660983
cn,midpoint,young,298,961,-0.0002537639542925796,0.0003915326918255205,-0.049387888646015156,-0.040894412690548866,-0.2166005665077802,0.382136992790884
cn,midpoint,young,299,825,0.0009811814708144684,-0.0003166974228750591,-0.049387888646015156,-0.040894412690548866,0.8370183046726639,-0.3101850799919695
cn,midpoint,young,300,808,0.0010131296097950632,-0.0004910578824671163,-0.049387888646015156,-0.040894412690548866,0.8642755108978963,-0.48062910982142465
cn,midpoint,young,301,732,-0.0003814983589837881,2.8147683162754733e-07,-0.049387888646015156,-0.040894412690548866,-0.32557977850007624,-0.00032606055993130513
cn,midpoint,young,302,744,-0.0010717303471287631,0.0002817190657188884,-0.049387888646015156,-0.040894412690548866,-0.914465273694249,0.27478996578951637
cn,midpoint,young,303,816,-0.0004025240221263715,0.00012031027355014628,-0.049387888646015156,-0.040894412690548866,-0.3435182517440973,0.11700668710631058
cn,midpoint,young,304,913,2.6343232008001205e-05,-0.0007123614375653814,-0.049387888646015156,-0.040894412690548866,0.022378591145252116,-0.6969618141213819
cn,midpoint,young,305,686,-0.00047213732890259014,0.0006245269821077218,-0.049387888646015156,-0.040894412690548866,-0.402910263903938,0.6098978386607885
cn,midpoint,young,306,796,0.0007121376501948579,-0.0013722548404222837,-0.049387888646015156,-0.040894412690548866,0.6074780830432456,-1.342032899067789
cn,midpoint,young,307,461,0.0013514665300373985,0.003493123447232009,-0.049387888646015156,-0.040894412690548866,1.1529345534248137,3.414060792889354
cn,midpoint,young,308,841,0.00010425659407006099,-4.20697666747849e-05,-0.049387888646015156,-0.040894412690548866,0.08885196471848902,-0.041726023764950944
cn,midpoint,young,309,856,-2.5412706337782365e-05,0.00016305450803708738,-0.049387888646015156,-0.040894412690548866,-0.02177804300887843,0.15879081405214993
cn,midpoint,young,310,588,-0.0014244472999572766,1.889282394985231e-05,-0.049387888646015156,-0.040894412690548866,-1.215392934245055,0.0178672443373308
cn,midpoint,young,311,1041,0.0002664670913619521,-0.00028662716185435394,-0.049387888646015156,-0.040894412690548866,0.22724515811445317,-0.2807902477095588
cn,midpoint,young,312,1081,-0.00033953358544247525,9.068892331359768e-05,-0.049387888646015156,-0.040894412690548866,-0.2897766762503486,0.08805068231531943
cn,midpoint,young,314,681,-0.0021546732004941865,0.0030180730742400755,-0.049387888646015156,-0.040894412690548866,-1.8384000513115686,2.9496808518512805
cn,midpoint,young,315,1041,0.0004751375454989937,0.0006389395856322352,-0.049387888646015156,-0.040894412690548866,0.40527661105701734,0.6239867108213674
cn,midpoint,young,316,889,0.00029365012296184156,-6.592368265240928e-05,-0.049387888646015156,-0.040894412690548866,0.2504369158126164,-0.06504414059001543
cn,midpoint,young,317,1041,-0.000627608521271375,0.0005398368683317695,-0.049387888646015156,-0.040894412690548866,-0.5355536818837063,0.5271100075638697
cn,midpoint,young,318,1128,0.0001922402078966337,-0.0007653126265568383,-0.049387888646015156,-0.040894412690548866,0.16391697892694612,-0.7487236301723424
cn,midpoint,young,319,758,-0.0007137001632976717,0.0003073712205499471,-0.049387888646015156,-0.040894412690548866,-0.6090045217715944,0.2998659299928933
cn,midpoint,young,320,961,3.947200562872538e-05,-0.0003342011761172589,-0.049387888646015156,-0.040894412690548866,0.033579672068364125,-0.3272956694382297
cn,midpoint,young,321,769,0.0009304835031002517,0.00039435962474350383,-0.049387888646015156,-0.040894412690548866,0.793764299735915,0.38490042803145375
cn,midpoint,young,322,748,-0.001160338135431871,-2.1425984625469963e-06,-0.049387888646015156,-0.040894412690548866,-0.9900628150848928,-0.002695687037836922
cn,midpoint,young,323,1082,3.162693099467706e-05,1.5270681339198122e-05,-0.049387888646015156,-0.040894412690548866,0.026886486675547404,0.014326461153911117
cn,midpoint,young,324,889,-0.00019291915970126583,-7.596112780742376e-05,-0.049387888646015156,-0.040894412690548866,-0.1646895893170683,-0.07485612781128989
cn,midpoint,young,325,510,0.0014883613920794875,0.001409780920989874,-0.049387888646015156,-0.040894412690548866,1.2697291963967374,1.37751365073005
cn,midpoint,young,326,848,0.0010959809270855506,-0.0002444970161080348,-0.049387888646015156,-0.040894412690548866,0.9349618016640242,-0.23960641603633678
cn,midpoint,young,327,889,0.0002629014013610098,-0.00046758960272501315,-0.049387888646015156,-0.040894412690548866,0.22420301698222736,-0.45768796719213983
cn,midpoint,young,328,1128,0.00037278331001877607,0.00015169536712351245,-0.049387888646015156,-0.040894412690548866,0.3179510079536606,0.147686818586434
cn,midpoint,young,329,882,-0.001058438521085732,0.0005788048571122861,-0.049387888646015156,-0.040894412690548866,-0.9031250812722468,0.5652027096457517
cn,midpoint,charismatic,0,1000,-0.00034562222241796715,-0.00015885873419414082,0.0064593372261343195,-0.0482220196643324,-0.2918597540474374,-0.16482080421735235
cn,midpoint,charismatic,2,648,-0.0024271472141058027,0.000501014387182093,0.0064593372261343195,-0.0482220196643324,-2.047424400787394,0.5201368118549943
cn,midpoint,charismatic,3,909,-0.0006163572204530071,-0.00041978797965964293,0.0064593372261343195,-0.0482220196643324,-0.5201984927527217,-0.4356690448076888
cn,midpoint,charismatic,4,1082,-0.0002492312774237072,-0.0002347571497477094,0.0064593372261343195,-0.0482220196643324,-0.2105633314853602,-0.24360443109522237
cn,midpoint,charismatic,5,700,-0.0010445481164524564,0.0002799324355537633,0.0064593372261343195,-0.0482220196643324,-0.8813360251265213,0.29065062483144055
cn,midpoint,charismatic,6,825,-0.0009251405391898157,6.742807051796779e-05,0.0064593372261343195,-0.0482220196643324,-0.7806273033805565,0.07006809378924099
cn,midpoint,charismatic,7,825,0.0009646795010687017,-2.3164557395226326e-05,0.0064593372261343195,-0.0482220196643324,0.8132527915628757,-0.02396833297070107
cn,midpoint,charismatic,8,825,-9.113176695974522e-06,-5.863871988232017e-05,0.0064593372261343195,-0.0482220196643324,-0.00804697911712034,-0.060791014456266425
cn,midpoint,charismatic,9,732,-0.0002125054956244295,0.0003200663284400537,0.0064593372261343195,-0.0482220196643324,-0.17958869298322166,0.3323101722574111
cn,midpoint,charismatic,10,466,-0.004439912185050038,-0.0059635624599379405,0.0064593372261343195,-0.0482220196643324,-3.744996632346839,-6.19018522230341
cn,midpoint,charismatic,11,889,-0.0002982516045798699,7.213753541175649e-05,0.0064593372261343195,-0.0482220196643324,-0.25190722774922597,0.07495658483718398
cn,midpoint,charismatic,12,816,0.000969498254918353,-0.0010918260973998214,0.0064593372261343195,-0.0482220196643324,0.8173169435349018,-1.1332540988511381
cn,midpoint,charismatic,13,1084,-6.11608198891958e-05,0.0015807392014418747,0.0064593372261343195,-0.0482220196643324,-0.05194412313462438,1.6409064126035386
cn,midpoint,charismatic,14,609,-0.005576701509038619,6.710150370081713e-05,0.0064593372261343195,-0.0482220196643324,-4.70376828099638,0.06972911282257072
cn,midpoint,charismatic,15,758,-0.0006649474156513319,0.0005345996341416248,0.0064593372261343195,-0.0482220196643324,-0.5611796143866268,0.554998772355255
cn,midpoint,charismatic,16,1000,0.0003883746276192061,2.3328279998624524e-05,0.0064593372261343195,-0.0482220196643324,0.32719547031423957,0.024291888629648376
cn,midpoint,charismatic,17,700,-0.0025328230400821746,-0.00013020015265288037,0.0064593372261343195,-0.0482220196643324,-2.136551720824387,-0.13507279197588312
cn,midpoint,charismatic,18,758,-6.187600955032298e-05,-0.00012224383485651136,0.0064593372261343195,-0.0482220196643324,-0.05254731631741231,-0.12681402177601667
cn,midpoint,charismatic,19,856,7.769674026016256e-05,-0.0020962994873544513,0.0064593372261343195,-0.0482220196643324,0.06516877462266521,-2.175911658771887
cn,midpoint,charismatic,20,744,0.0006613280450858952,0.0003064746005734739,0.0064593372261343195,-0.0482220196643324,0.5574052308623536,0.3182017668439884
cn,midpoint,charismatic,21,686,-0.00012013561228008639,4.6179573714826005e-05,0.0064593372261343195,-0.0482220196643324,-0.10168364631292835,0.04801185412146011
cn,midpoint,charismatic,22,786,0.0002211125126666243,-0.00045764707823003903,0.0064593372261343195,-0.0482220196643324,0.18612608276314155,-0.4749673236182318
cn,midpoint,charismatic,23,619,0.000873986202062629,-0.000606675035934319,0.0064593372261343195,-0.0482220196643324,0.736761781333797,-0.629660447690872
cn,midpoint,charismatic,24,1000,-0.0001066161158039796,8.42427067535706e-05,0.0064593372261343195,-0.0482220196643324,-0.09028126097047175,0.08752192359070593
cn,midpoint,charismatic,25,1041,-0.0004938830986856192,-0.00036299086702661076,0.0064593372261343195,-0.0482220196643324,-0.4169034378415598,-0.376712840033388
cn,midpoint,charismatic,26,961,0.00027648599968585225,-6.823540373071535e-05,0.0064593372261343195,-0.0482220196643324,0.23282825379921687,-0.07075250777681176
cn,midpoint,charismatic,27,577,-8.2902223423326e-05,0.0009288076307752136,0.0064593372261343195,-0.0482220196643324,-0.07028089044101961,0.9641922382864823
cn,midpoint,charismatic,28,649,0.00028575499892536174,0.00018718534419361055,0.0064593372261343195,-0.0482220196643324,0.2406457565630668,0.19437783459685654
cn,midpoint,charismatic,29,578,-0.0011655150251106833,-0.0001895048869228061,0.0064593372261343195,-0.0482220196643324,-0.9833598918174541,-0.19663194341186302
cn,midpoint,charismatic,30,924,8.443725914190209e-06,0.0008521209435043559,0.0064593372261343195,-0.0482220196643324,0.006760567105838511,0.884590374237252
cn,midpoint,charismatic,31,918,0.0008120623766343111,0.0011110536246616218,0.0064593372261343195,-0.0482220196643324,0.6845350345270236,1.1533661528881591
cn,midpoint,charismatic,32,961,-0.00043406472914127563,0.0005163241031301419,0.0064593372261343195,-0.0482220196643324,-0.3664524390704508,0.5360285131515249
cn,midpoint,charismatic,33,648,0.0005060023662579322,-0.0005838581401273885,0.0064593372261343195,-0.0482220196643324,0.4264030706335943,-0.6059761877145129
cn,midpoint,charismatic,34,1038,0.0008906404255630933,0.0009709150598308375,0.0064593372261343195,-0.0482220196643324,0.7508080051903807,1.0079003441185899
cn,midpoint,charismatic,35,606,6.821579452924442e-05,-0.00022874533613401887,0.0064593372261343195,-0.0482220196643324,0.05717251552929559,-0.23736408368947176
cn,midpoint,charismatic,36,769,0.0005697076526565426,0.0007872627944450969,0.0064593372261343195,-0.0482220196643324,0.48013230715895455,0.8172666998468755
cn,midpoint,charismatic,37,856,0.0008727689983813068,-0.0005036095793395784,0.0064593372261343195,-0.0482220196643324,0.7357351879662687,-0.5226770486681822
cn,midpoint,charismatic,38,918,0.0013629473906986772,-0.0013117326802869547,0.0064593372261343195,-0.0482220196643324,1.1491531673730029,-1.3615202365274828
cn,midpoint,charismatic,39,606,0.00015597496092743107,0.0016491838816270754,0.0064593372261343195,-0.0482220196643324,0.13118886919848605,1.7119529569372625
cn,midpoint,charismatic,40,649,0.00030127727006902267,-0.0002568513121792432,0.0064593372261343195,-0.0482220196643324,0.2537372882841568,-0.26653848362437516
cn,midpoint,charismatic,41,918,8.095723344073331e-05,-0.0002500703441151095,0.0064593372261343195,-0.0482220196643324,0.06791868470378576,-0.2594997430401477
cn,midpoint,charismatic,42,796,-0.00024208584500871357,0.0004778172744169945,0.0064593372261343195,-0.0482220196643324,-0.20453685158071067,0.49605788130815676
cn,midpoint,charismatic,43,1000,0.00011540262507936383,-0.00038542193708681477,0.0064593372261343195,-0.0482220196643324,0.09697003505767121,-0.39999660743755994
cn,midpoint,charismatic,44,578,-0.0015220772937638372,0.002163582475592271,0.0064593372261343195,-0.0482220196643324,-1.2840856172872674,2.245905959748656
cn,midpoint,charismatic,45,991,5.436054643836834e-05,-0.00046735032102303287,0.0064593372261343195,-0.0482220196643324,0.04548695623152803,-0.4850394266276689
cn,midpoint,charismatic,46,856,-0.0006396412733766033,-0.0008959110398274253,0.0064593372261343195,-0.0482220196643324,-0.5398363353482805,-0.9298915031636664
cn,midpoint,charismatic,47,568,0.0002922727574057576,-0.0008502357775815247,0.0064593372261343195,-0.0482220196643324,0.24614285432065572,-0.8824799361094092
cn,midpoint,charismatic,48,1041,0.001629896755787492,0.0001770044281330374,0.0064593372261343195,-0.0482220196643324,1.374299091486838,0.18380989999188443
cn,midpoint,charismatic,49,636,0.0002256225509430351,0.00106774822804908,0.0064593372261343195,-0.0482220196643324,0.18992986306130202,1.1084145398190737
cn,midpoint,charismatic,50,889,-0.000797545834996625,0.0004895763213247153,0.0064593372261343195,-0.0482220196643324,-0.6730135333382503,0.5082639380125077
cn,midpoint,charismatic,51,648,-0.000511710108669833,0.0028011006992678875,0.0064593372261343195,-0.0482220196643324,-0.4319387934632037,2.9076588764014826
cn,midpoint,charismatic,52,616,0.0019540551600303446,-0.0006186026675358489,0.0064593372261343195,-0.0482220196643324,1.6476952970115883,-0.6420414976874742
cn,midpoint,charismatic,53,1041,-4.1705526572571525e-06,-0.0003028382987381867,0.0064593372261343195,-0.0482220196643324,-0.003878354642684738,-0.31427362491649247
cn,midpoint,charismatic,54,918,-0.00036811494679064253,0.0004143888211243091,0.0064593372261343195,-0.0482220196643324,-0.31083018768393966,0.4302182513079178
cn,midpoint,charismatic,55,564,-0.0003669179236592303,-0.00016065012312295457,0.0064593372261343195,-0.0482220196643324,-0.30982061465492056,-0.1666802912162766
cn,midpoint,charismatic,56,429,0.0006236973254979284,0.00023659743825873297,0.0064593372261343195,-0.0482220196643324,0.5256673650169617,0.24566828583602981
cn,midpoint,charismatic,57,1129,-0.0006260304948891822,0.00027560365598991443,0.0064593372261343195,-0.0482220196643324,-0.5283569624738045,0.2861572905304878
cn,midpoint,charismatic,58,889,0.0008334225755856047,-0.0003841488446367433,0.0064593372261343195,-0.0482220196643324,0.7025502927035858,-0.39867511950087603
cn,midpoint,charismatic,59,556,0.00042531008796654283,-0.00035923774057539104,0.0064593372261343195,-0.0482220196643324,0.3583469523554286,-0.37281704179041064
cn,midpoint,charismatic,60,796,-3.2637756515623007e-05,-0.0003516519538697485,0.0064593372261343195,-0.0482220196643324,-0.027887682844294548,-0.3649428880938735
cn,midpoint,charismatic,61,596,0.000340204129277542,0.0012930202973425106,0.0064593372261343195,-0.0482220196643324,0.28656832231353296,1.3422501281350523
cn,midpoint,charismatic,62,636,0.0004905500735955647,0.0004030640057856305,0.0064593372261343195,-0.0482220196643324,0.4133705589810992,0.41846293310271077
cn,midpoint,charismatic,63,556,0.004040623165868944,-0.0008467313575592356,0.0064593372261343195,-0.0482220196643324,3.407513237558462,-0.8788422986508972
cn,midpoint,charismatic,64,588,0.00033218377891270495,0.0018748769337024254,0.0064593372261343195,-0.0482220196643324,0.279803933891005,1.946225531324305
cn,midpoint,charismatic,65,588,0.0010217643350847539,0.00017867018029888576,0.0064593372261343195,-0.0482220196643324,0.8613983179744216,0.18553897425711172
cn,midpoint,charismatic,66,856,-0.0006177074156780643,-0.00020598833774995023,0.0064593372261343195,-0.0482220196643324,-0.5213372516015335,-0.21374199808367472
cn,midpoint,charismatic,67,1176,-0.000750592525851493,0.00014847247192908974,0.0064593372261343195,-0.0482220196643324,-0.6334129664885549,0.15419332663824145
cn,midpoint,charismatic,68,649,-0.002362969347979989,-0.0024995590244439175,0.0064593372261343195,-0.0482220196643324,-1.993296589051475,-2.5945007514858958
cn,midpoint,charismatic,69,1225,0.00021255877823408292,-0.0008581808254863113,0.0064593372261343195,-0.0482220196643324,0.1789118365603153,-0.8907270080027049
cn,midpoint,charismatic,70,991,-2.1023505411167133e-05,-0.0004519799963511109,0.0064593372261343195,-0.0482220196643324,-0.018092187369214984,-0.4690848126200846
cn,midpoint,charismatic,71,1129,-0.0004170191896411919,-0.00034538119331426614,0.0064593372261343195,-0.0482220196643324,-0.3520761780836962,-0.3584337501067319
cn,midpoint,charismatic,72,588,0.0006787465218399446,0.0006679590815320616,0.0064593372261343195,-0.0482220196643324,0.5720960282880792,0.6934277615142139
cn,midpoint,charismatic,73,841,-0.0004609865808095177,0.00021470787681070191,0.0064593372261343195,-0.0482220196643324,-0.3891584124324227,0.222946612016308
cn,midpoint,charismatic,74,924,-0.00028498465668908794,-0.00011476099864120987,0.0064593372261343195,-0.0482220196643324,-0.24071784266847693,-0.11904673214190771
cn,midpoint,charismatic,75,816,0.0004681394176881959,-0.0005028511018607407,0.0064593372261343195,-0.0482220196643324,0.39446934214328044,-0.5218897383369693
cn,midpoint,charismatic,76,721,0.0007819845761234574,-0.00026993684904173115,0.0064593372261343195,-0.0482220196643324,0.659167324103458,-0.2801214556291497
cn,midpoint,charismatic,77,762,-0.0003388707081268365,-0.0007624879222910344,0.0064593372261343195,-0.0482220196643324,-0.28616550591263235,-0.7913964234943124
cn,midpoint,charismatic,78,744,0.00022038049969516898,-0.00015933206679640682,0.0064593372261343195,-0.0482220196643324,0.1855087007481411,-0.16531213014101062
cn,midpoint,charismatic,79,889,0.00025146796635896074,-0.0003134933160027012,0.0064593372261343195,-0.0482220196643324,0.21172796674283187,-0.32533368326451295
cn,midpoint,charismatic,80,578,-0.0022436294088430597,0.001878392076156303,0.0064593372261343195,-0.0482220196643324,-1.8926449135109342,1.949874298818185
cn,midpoint,charismatic,81,616,0.0011671932384746241,0.0006509113846598288,0.0064593372261343195,-0.0482220196643324,0.9840535070425072,0.6757320114815788
cn,midpoint,charismatic,82,758,0.0001927921452989879,3.100150006734442e-05,0.0064593372261343195,-0.0482220196643324,0.1622405969141364,0.03225679939144345
cn,midpoint,charismatic,83,796,6.943877535832681e-05,0.00012959423888933563,0.0064593372261343195,-0.0482220196643324,0.058203981361198386,0.13459745422022315
cn,midpoint,charismatic,84,681,-0.0005819682691622693,-0.0006791131122750663,0.0064593372261343195,-0.0482220196643324,-0.49119474436364846,-0.7048521936127903
cn,midpoint,charismatic,85,616,-0.005368350067669944,0.0027285218315468637,0.0064593372261343195,-0.0482220196643324,-4.528044027852744,2.8323209870391457
cn,midpoint,charismatic,86,1084,5.547646418227817e-07,-0.0004984285047556214,0.0064593372261343195,-0.0482220196643324,0.0001069926522169958,-0.5172990201036625
cn,midpoint,charismatic,87,1084,0.0003117955493119476,-0.0005060661606568553,0.0064593372261343195,-0.0482220196643324,0.262608437685272,-0.5252270147575124
cn,midpoint,charismatic,88,1035,-0.0004935792412184723,-0.0007252931225476544,0.0064593372261343195,-0.0482220196643324,-0.416647163509471,-0.752787696244778
cn,midpoint,charismatic,89,913,0.0004884721456739453,-0.0005280680379269528,0.0064593372261343195,-0.0482220196643324,0.4116180281144336,-0.5480652739862132
cn,midpoint,charismatic,90,996,0.00044319705354243545,-0.00038785970086701455,0.0064593372261343195,-0.0482220196643324,0.3734328747094183,-0.4025270406577382
cn,midpoint,charismatic,91,786,0.00027100092653374423,0.0012075481082108389,0.0064593372261343195,-0.0482220196643324,0.22820212605677972,1.253528789120647
cn,midpoint,charismatic,92,924,-0.0009970614151357735,-2.9307702197764463e-05,0.0064593372261343195,-0.0482220196643324,-0.8412855936617183,-0.030345004004608253
cn,midpoint,charismatic,93,578,0.0015030023811930969,0.0013580152627149025,0.0064593372261343195,-0.0482220196643324,1.2672759816045687,1.4097158197900324
cn,midpoint,charismatic,94,961,0.0007651529499099839,-0.00023297275094156383,0.0064593372261343195,-0.0482220196643324,0.6449714782474083,-0.24175219994231423
cn,midpoint,charismatic,95,961,-0.0002253557519510934,-7.626553243500478e-05,0.0064593372261343195,-0.0482220196643324,-0.19042663910384205,-0.07908789474116146
cn,midpoint,charismatic,96,588,0.0010232475979429327,0.0005036485336120874,0.0064593372261343195,-0.0482220196643324,0.8626493064785422,0.5228710930381882
cn,midpoint,charismatic,97,1128,8.839747970184556e-05,-0.0005771052568369558,0.0064593372261343195,-0.0482220196643324,0.07419381152244404,-0.5989665995218878
cn,midpoint,charismatic,98,1038,-0.0002728097238683565,-0.00037059171457608925,0.0064593372261343195,-0.0482220196643324,-0.23044946649146125,-0.38460262709845583
cn,midpoint,charismatic,99,856,-0.0006861044620483118,-0.0002562193606426774,0.0064593372261343195,-0.0482220196643324,-0.5790235330675442,-0.26588250900753285
cn,midpoint,charismatic,100,700,-0.0019141155897910026,0.0013618364803399327,0.0064593372261343195,-0.0482220196643324,-1.6147319344930908,1.4136822976327357
cn,midpoint,charismatic,101,616,0.0019555254333425264,0.000506118796765119,0.0064593372261343195,-0.0482220196643324,1.6489353300922476,0.5254352610661918
cn,midpoint,charismatic,102,906,-0.0002485976300619988,0.0001708732446009248,0.0064593372261343195,-0.0482220196643324,-0.21002891133131088,0.17744564492554807
cn,midpoint,charismatic,103,606,0.0007195806865361682,-0.0004502878083898765,0.0064593372261343195,-0.0482220196643324,0.606535689693114,-0.46732829762602623
cn,midpoint,charismatic,104,576,-0.00021144099321225487,-0.0017630370475360951,0.0064593372261343195,-0.0482220196643324,-0.17869088834064187,-1.8299805412437882
cn,midpoint,charismatic,105,744,0.0002885091617528916,-0.00012107274953804259,0.0064593372261343195,-0.0482220196643324,0.24296862605091102,-0.12559841868207225
cn,midpoint,charismatic,106,721,0.004984858612946678,0.0019467063970290688,0.0064593372261343195,-0.0482220196643324,4.203884348022154,2.0207855283451894
cn,midpoint,charismatic,107,649,0.001283183528464035,5.5240905361381154e-05,0.0064593372261343195,-0.0482220196643324,1.081880078082334,0.057417644298397096
cn,midpoint,charismatic,108,609,-6.588485880402832e-06,-0.003888082152141488,0.0064593372261343195,-0.0482220196643324,-0.005917647037291328,-4.035807361195156
cn,midpoint,charismatic,109,649,-0.0001099582284534422,5.2376957555354264e-05,0.0064593372261343195,-0.0482220196643324,-0.09310000916530431,0.05444482604254738
cn,midpoint,charismatic,110,664,0.0006576988609732883,-0.0013031872598729954,0.0064593372261343195,-0.0482220196643324,0.5543443657033739,-1.3526499694936114
cn,midpoint,charismatic,111,708,0.001000763525733069,-5.7767599425495586e-05,0.0064593372261343195,-0.0482220196643324,0.8436861701030436,-0.05988677912361039
cn,midpoint,charismatic,112,648,0.0014865555263739857,-3.297505839467557e-05,0.0064593372261343195,-0.0482220196643324,1.2534046531382774,-0.034151771512709476
cn,midpoint,charismatic,113,499,0.0004825368758302178,-7.203482630365604e-05,0.0064593372261343195,-0.0482220196643324,0.40661220308320933,-0.0746963620477438
cn,midpoint,charismatic,114,1225,-0.0008662624732699922,-7.149189043556547e-05,0.0064593372261343195,-0.0482220196643324,-0.7309693596085471,-0.07413278695150124
cn,midpoint,charismatic,115,601,-0.0006036000479841281,-0.0023543109039814852,0.0064593372261343195,-0.0482220196643324,-0.5094390538470336,-2.4437311518340077
cn,midpoint,charismatic,116,961,-0.0008848500221778294,0.0005073843210420537,0.0064593372261343195,-0.0482220196643324,-0.7466461561219001,0.5267488931323123
cn,midpoint,charismatic,117,924,-0.00013104111223100935,-4.524034752254741e-05,0.0064593372261343195,-0.0482220196643324,-0.11088137886253394,-0.04688331478870105
cn,midpoint,charismatic,118,721,-0.002601578708266164,0.000539713588773319,0.0064593372261343195,-0.0482220196643324,-2.194540465042596,0.5603071294617269
cn,midpoint,charismatic,119,681,-0.0008558477980784625,0.000922199163838941,0.0064593372261343195,-0.0482220196643324,-0.7221855901863489,0.9573325563083444
cn,midpoint,charismatic,120,681,-0.001109781668134988,0.0015102695545040554,0.0064593372261343195,-0.0482220196643324,-0.9363542053417273,1.5677579241921313
cn,midpoint,charismatic,121,909,3.7259315110498015e-05,0.0004709612268382138,0.0064593372261343195,-0.0482220196643324,0.031063724584144876,0.48894120712775363
cn,midpoint,charismatic,122,702,0.00020478704079697745,-0.0005251033503666999,0.0064593372261343195,-0.0482220196643324,0.17235712905364997,-0.5449878864432337
cn,midpoint,charismatic,123,1041,-0.00039307714697787294,-0.000156908888597658,0.0064593372261343195,-0.0482220196643324,-0.331883384896822,-0.16279683696029756
cn,midpoint,charismatic,125,947,0.0005584170805401356,-0.0010181964805379626,0.0064593372261343195,-0.0482220196643324,0.4706098035482919,-1.0568255170461458
cn,midpoint,charismatic,126,596,0.0017592289803400052,0.0006075711088317157,0.0064593372261343195,-0.0482220196643324,1.4833782915998848,0.6307441932943058
cn,midpoint,charismatic,127,796,0.0010091603422267203,-0.0005026525478282196,0.0064593372261343195,-0.0482220196643324,0.8507680712285565,-0.521683636448028
cn,midpoint,charismatic,128,744,-0.0019744840532613826,-0.001723193247184826,0.0064593372261343195,-0.0482220196643324,-1.6656468841909444,-1.788622113964694
cn,midpoint,charismatic,129,1036,3.263963532246488e-05,0.0004146451393262293,0.0064593372261343195,-0.0482220196643324,0.027167472294349463,0.43048431322020947
cn,midpoint,charismatic,130,640,0.000546780563075477,-0.00023880275488363106,0.0064593372261343195,-0.0482220196643324,0.46079552855582023,-0.24780382634213227
cn,midpoint,charismatic,131,616,-0.00010946456792605523,0.0009545268874152149,0.0064593372261343195,-0.0482220196643324,-0.09268365434235845,0.9908891897830775
cn,midpoint,charismatic,132,961,-0.000334371052906581,-0.00020244996925818798,0.0064593372261343195,-0.0482220196643324,-0.28237048271630066,-0.21006912163456548
cn,midpoint,charismatic,133,604,-0.0011340389818678479,-1.4578932528437616e-05,0.0064593372261343195,-0.0482220196643324,-0.9568128991284194,-0.015056333147186423
cn,midpoint,charismatic,134,616,-0.0030785304123728654,0.0005559489032113119,0.0064593372261343195,-0.0482220196643324,-2.5968030145079033,0.5771596150584118
cn,midpoint,charismatic,135,588,0.0030537558049162114,0.00016325655188013238,0.0064593372261343195,-0.0482220196643324,2.5751862384454967,0.16953941034895442
cn,midpoint,charismatic,136,781,-0.0006262389057727982,-0.00010481151635662739,0.0064593372261343195,-0.0482220196643324,-0.5285327368607243,-0.10871902906379426
cn,midpoint,charismatic,137,632,-0.0019800240359159537,0.001743843309555862,0.0064593372261343195,-0.0482220196643324,-1.6703193227784012,1.810210779528442
cn,midpoint,charismatic,139,786,-0.001049677405789727,0.00022722768175091612,0.0064593372261343195,-0.0482220196643324,-0.8856620836938561,0.2359423462987633
cn,midpoint,charismatic,140,777,-1.752427392904838e-05,-0.0002918439072277998,0.0064593372261343195,-0.0482220196643324,-0.015140924662642385,-0.30286129130997336
cn,midpoint,charismatic,141,1176,-0.0006190187796727802,-0.0002558424160004971,0.0064593372261343195,-0.0482220196643324,-0.5224432600699997,-0.26549123514724804
cn,midpoint,charismatic,142,1176,6.858719738960222e-05,-0.0004597261268900338,0.0064593372261343195,-0.0482220196643324,0.057485757855929166,-0.4771254054792998
cn,midpoint,charismatic,143,996,-0.000723585073156595,-8.864970831743563e-05,0.0064593372261343195,-0.0482220196643324,-0.6106347969546793,-0.09194284414682762
cn,midpoint,charismatic,144,856,-7.571148617215202e-05,0.0014349133689935262,0.0064593372261343195,-0.0482220196643324,-0.06421620029674184,1.489537139754136
cn,midpoint,charismatic,145,664,-0.0006396785009353222,0.0011724367224791449,0.0064593372261343195,-0.0482220196643324,-0.539867733186996,1.2170826750288664
cn,midpoint,charismatic,146,744,0.0002906369421067593,-0.0004959277978720533,0.0064593372261343195,-0.0482220196643324,0.2447632026138611,-0.5147032510535576
cn,midpoint,charismatic,147,739,8.100820983229524e-05,-0.00011627374921478056,0.0064593372261343195,-0.0482220196643324,0.06796167835084829,-0.12061698859427543
cn,midpoint,charismatic,148,796,0.001309565168264571,-0.00036136681105251867,0.0064593372261343195,-0.0482220196643324,1.1041304350762677,-0.3750270470038703
cn,midpoint,charismatic,149,790,0.00012778408926312178,0.000983004120067077,0.0064593372261343195,-0.0482220196643324,0.10741260042810047,1.020448959317069
cn,midpoint,charismatic,150,640,0.0003486651978602496,0.0005665497711902986,0.0064593372261343195,-0.0482220196643324,0.293704413850632,0.5881634656835754
cn,midpoint,charismatic,151,582,-0.00046192612556875817,-0.0015374160707458118,0.0064593372261343195,-0.0482220196643324,-0.38995082740218723,-1.595782782020203
cn,midpoint,charismatic,152,515,0.0023884516349940276,0.0015062063174008308,0.0064593372261343195,-0.0482220196643324,2.014066633968886,1.563540226714233
cn,midpoint,charismatic,153,816,-0.0006342732153380541,0.0003253389556459735,0.0064593372261343195,-0.0482220196643324,-0.5353088985162665,0.33778323373606745
cn,midpoint,charismatic,154,1176,0.0002866541700498352,-0.0003678340951488307,0.0064593372261343195,-0.0482220196643324,0.2414041202837998,-0.3817401792009109
cn,midpoint,charismatic,155,1225,0.000325536347520191,-0.0005000887928560682,0.0064593372261343195,-0.0482220196643324,0.27419746959635144,-0.5190224225918613
cn,midpoint,charismatic,156,1081,-0.0005743759756892996,-0.00018399133628057424,0.0064593372261343195,-0.0482220196643324,-0.4847913804539928,-0.1909088000049594
cn,midpoint,charismatic,157,675,0.0005557393066026916,0.0009133684462257069,0.0064593372261343195,-0.0482220196643324,0.46835136068773964,0.9481661467538018
cn,midpoint,charismatic,158,882,-0.0008016697382730083,8.597741056465269e-07,0.0064593372261343195,-0.0482220196643324,-0.6764916461773968,0.0009692623025382613
cn,midpoint,charismatic,161,732,0.0011150706738546198,-0.0008021238441874995,0.0064593372261343195,-0.0482220196643324,0.9400931740608212,-0.8325390700024935
cn,midpoint,charismatic,162,601,-0.001298833357976278,0.0016577446894614559,0.0064593372261343195,-0.0482220196643324,-1.0958009880693735,1.7208391963307705
cn,midpoint,charismatic,163,848,0.0011660713592003625,0.0004796745499841687,0.0064593372261343195,-0.0482220196643324,0.9831073105761332,0.49798575956788615
cn,midpoint,charismatic,164,732,-0.00010922479335725988,1.8666288811759746e-05,0.0064593372261343195,-0.0482220196643324,-0.09248142772588958,0.019452675959725864
cn,midpoint,charismatic,165,748,-7.215527155665126e-05,1.07579476198022e-05,0.0064593372261343195,-0.0482220196643324,-0.06121687783838851,0.011243706152571847
cn,midpoint,charismatic,166,1038,0.00022839139518118692,0.00010544991153604855,0.0064593372261343195,-0.0482220196643324,0.19226511489649015,0.10953530155807731
cn,midpoint,charismatic,167,721,-0.0033350891058105047,0.0008425476045772901,0.0064593372261343195,-0.0482220196643324,-2.813185413860071,0.8746531132746299
cn,midpoint,charismatic,168,623,-0.00035810649994483766,0.0007159514627010227,0.0064593372261343195,-0.0482220196643324,-0.3023890325109606,0.7432445307236757
cn,midpoint,charismatic,169,1225,0.0001036929832316123,-3.2799201518940446e-06,0.0064593372261343195,-0.0482220196643324,0.08709408673325049,-0.0033277987809615666
cn,midpoint,charismatic,170,882,0.0009245851055176765,-0.0005048890946943579,0.0064593372261343195,-0.0482220196643324,0.7794370537538801,-0.5240052036706316
cn,midpoint,charismatic,171,744,-0.00045155024409758524,0.0005190426741830817,0.0064593372261343195,-0.0482220196643324,-0.381199776724297,0.5388504282852423
cn,midpoint,charismatic,172,769,0.00034902912833993053,-0.0003179770570447757,0.0064593372261343195,-0.0482220196643324,0.2940113539481808,-0.32998786976760897
cn,midpoint,charismatic,173,625,-0.00022738386129765413,0.002153668993632188,0.0064593372261343195,-0.0482220196643324,-0.19213715282948213,2.235615625515625
cn,midpoint,charismatic,174,1176,-0.00010595716949882237,2.9470207388054837e-05,0.0064593372261343195,-0.0482220196643324,-0.08972550360889622,0.03066729597156221
cn,midpoint,charismatic,175,1000,-0.0006926666389505572,0.00023574439522551505,0.0064593372261343195,-0.0482220196643324,-0.58455809346016,0.24478281512429442
cn,midpoint,charismatic,176,882,-0.00016534788225489646,-1.3007070750928329e-05,0.0064593372261343195,-0.0482220196643324,-0.13981581531575074,-0.01342471843059891
cn,midpoint,charismatic,177,588,0.002707215773957049,0.0008825771236245089,0.0064593372261343195,-0.0482220196643324,2.282913299392881,0.916204319182095
cn,midpoint,charismatic,178,700,0.0003315841213483075,-0.00038721702470596864,0.0064593372261343195,-0.0482220196643324,0.27929818083763774,-0.4018599337292753
cn,midpoint,charismatic,179,453,0.0002590286483142969,0.0008307815671019236,0.0064593372261343195,-0.0482220196643324,0.2181046694002763,0.8624398002623701
cn,midpoint,charismatic,180,685,-0.00013141294759881194,-0.0010341740675736608,0.0064593372261343195,-0.0482220196643324,-0.11119498596729056,-1.0734104779606555
cn,midpoint,charismatic,181,664,0.002711795331681195,0.0016517415333781454,0.0064593372261343195,-0.0482220196643324,2.2867757126093067,1.7146078355637815
cn,midpoint,charismatic,182,856,-0.00033636000386305827,0.0005547559108877789,0.0064593372261343195,-0.0482220196643324,-0.2840479701340519,0.575921272183928
cn,midpoint,charismatic,183,718,0.0005350452357671554,-0.0007107730534299736,0.0064593372261343195,-0.0482220196643324,0.45089791703413207,-0.7377156595063976
cn,midpoint,charismatic,184,786,6.0755451082417956e-05,0.0006074918440582902,0.0064593372261343195,-0.0482220196643324,0.05088043868174995,0.6306619153404307
cn,midpoint,charismatic,185,649,-0.002889598724685868,-0.00044951244786208683,0.0064593372261343195,-0.0482220196643324,-2.437457441970118,-0.4665234624516464
cn,midpoint,charismatic,186,961,4.915495440649745e-06,-0.0003341091321067205,0.0064593372261343195,-0.0482220196643324,0.0037848465597807445,-0.3467331914344233
cn,midpoint,charismatic,187,796,0.00014331625631446368,0.0005019553402374338,0.0064593372261343195,-0.0482220196643324,0.1205124783884821,0.5211135344108063
cn,midpoint,charismatic,188,604,-0.0019521710978070766,-0.0021497618871344007,0.0064593372261343195,-0.0482220196643324,-1.6468280682188625,-2.2314063845252368
cn,midpoint,charismatic,189,924,-0.0007785083116677088,-0.0007824670658149874,0.0064593372261343195,-0.0482220196643324,-0.6569572269997749,-0.8121350565375751
cn,midpoint,charismatic,190,664,4.0719699510934244e-05,-0.0011653752862485697,0.0064593372261343195,-0.0482220196643324,0.03398222354130145,-1.2095991952430396
cn,midpoint,charismatic,191,664,0.0010278081879894424,-0.0011997022101313329,0.0064593372261343195,-0.0482220196643324,0.8664957222967037,-1.2452310268606037
cn,midpoint,charismatic,192,696,0.00025330378272435394,0.0007771261361327053,0.0064593372261343195,-0.0482220196643324,0.2132762999705668,0.8067447054093464
cn,midpoint,charismatic,193,651,1.650720130932492e-05,-0.0004117969692187806,0.0064593372261343195,-0.0482220196643324,0.01356132731293909,-0.42737426315304783
cn,midpoint,charismatic,194,786,-0.0006929585958810247,0.00012550724730985008,0.0064593372261343195,-0.0482220196643324,-0.5848043308426302,0.13035509926060043
cn,midpoint,charismatic,195,681,-0.000994068920606374,-0.0028206751203469355,0.0064593372261343195,-0.0482220196643324,-0.8387617144758545,-2.9278237925478803
cn,midpoint,charismatic,196,856,0.0006127450721500234,0.0003855132241761122,0.0064593372261343195,-0.0482220196643324,0.516430200507046,0.4002449740102267
cn,midpoint,charismatic,197,889,-0.00031236425836930586,0.0001540502010138889,0.0064593372261343195,-0.0482220196643324,-0.263809883813098,0.15998308817460066
cn,midpoint,charismatic,198,596,0.005949312307116341,-0.004998127882968655,0.0064593372261343195,-0.0482220196643324,5.017307590915378,-5.188050501411119
cn,midpoint,charismatic,199,918,-0.0005985847653248539,-0.0001376006826496884,0.0064593372261343195,-0.0482220196643324,-0.5052091488662193,-0.14275464659319725
cn,midpoint,charismatic,200,616,0.001042743501776567,0.0012386072733942544,0.0064593372261343195,-0.0482220196643324,0.8790922123592049,1.2857686410740952
cn,midpoint,charismatic,201,664,0.0018857348684314622,-0.0015667537236662699,0.0064593372261343195,-0.0482220196643324,1.5900737507582774,-1.6262356799404043
cn,midpoint,charismatic,202,996,0.00036713394040473885,-0.00023204828315330495,0.0064593372261343195,-0.0482220196643324,0.30928100870792297,-0.24079258932647216
cn,midpoint,charismatic,203,1000,-6.847617662384016e-05,4.693743952267904e-06,0.0064593372261343195,-0.0482220196643324,-0.05811391773854075,0.004948977131289008
cn,midpoint,charismatic,204,666,-9.875315728178225e-05,8.545356357762823e-05,0.0064593372261343195,-0.0482220196643324,-0.08364961731715237,0.08877881006894539
cn,midpoint,charismatic,205,625,-1.5013847791561265e-05,-0.0025582841602079937,0.0064593372261343195,-0.0482220196643324,-0.013023623456640212,-2.6554582714900365
cn,midpoint,charismatic,206,552,-0.0020209881309872025,-0.0014961578319385715,0.0064593372261343195,-0.0482220196643324,-1.7048685678655164,-1.5529561476547795
cn,midpoint,charismatic,207,835,-0.0004838692448401608,-0.0001481409786939572,0.0064593372261343195,-0.0482220196643324,-0.40845772238826955,-0.1536956226949694
cn,midpoint,charismatic,208,623,0.0002924923276191793,-9.73512423984163e-05,0.0064593372261343195,-0.0482220196643324,0.24632804052101342,-0.10097515937107894
cn,midpoint,charismatic,209,786,-0.002250650345191803,0.0015002258890321057,0.0064593372261343195,-0.0482220196643324,-1.898566393046412,1.5573324576358532
cn,midpoint,charismatic,210,996,0.00010497640174195969,-0.0001640453129066466,0.0064593372261343195,-0.0482220196643324,0.08817652589335424,-0.17020454614501299
cn,midpoint,charismatic,211,666,0.0004539185588566391,0.00034505062235970496,0.0064593372261343195,-0.0482220196643324,0.3824754256106151,0.3582442220740847
cn,midpoint,charismatic,212,686,0.0019263674750709444,-0.0011739235147610536,0.0064593372261343195,-0.0482220196643324,1.6243434174718752,-1.2184723771228243
cn,midpoint,charismatic,213,1082,0.0002908738817440611,-1.1746242127623485e-05,0.0064593372261343195,-0.0482220196643324,0.24496303824029822,-0.012115960519239362
cn,midpoint,charismatic,214,1084,0.0006019590601678854,0.0008887094869949666,0.0064593372261343195,-0.0482220196643324,0.5073332444816462,0.9225697989372905
cn,midpoint,charismatic,215,1041,-0.0005008025669318104,0.000712930613121672,0.0064593372261343195,-0.0482220196643324,-0.422739338864013,0.7401088462119778
cn,midpoint,charismatic,216,609,0.0030401881523333145,0.00040845742649902456,0.0064593372261343195,-0.0482220196643324,2.563743238092919,0.42406137994748727
cn,midpoint,charismatic,217,1225,-0.001065783080126329,0.00026759843353861557,0.0064593372261343195,-0.0482220196643324,-0.8992456594809133,0.2778477566083686
cn,midpoint,charismatic,218,848,0.0005222672136323712,-0.000570042150527382,0.0064593372261343195,-0.0482220196643324,0.44012089345542504,-0.5916349954556679
cn,midpoint,charismatic,219,708,0.0009159935670189426,0.0001447134648045953,0.0064593372261343195,-0.0482220196643324,0.7721909234841434,0.15029142417338162
cn,midpoint,charismatic,220,732,-0.0003421999344092926,0.0008204143208971337,0.0064593372261343195,-0.0482220196643324,-0.2889733857054847,0.8516784523370934
cn,midpoint,charismatic,221,996,-0.0003511056494186699,-0.0003572547452459357,0.0064593372261343195,-0.0482220196643324,-0.2964844934206636,-0.3707586646425227
cn,midpoint,charismatic,222,1084,0.0005133063800841801,0.0005007214692671208,0.0064593372261343195,-0.0482220196643324,0.4325632985933188,0.5198327589238402
cn,midpoint,charismatic,223,1041,0.000692717954728965,0.00011509906866964681,0.0064593372261343195,-0.0482220196643324,0.5838795782056688,0.1195512628894809
cn,midpoint,charismatic,224,739,-0.0003593797086852684,0.0001864859468399746,0.0064593372261343195,-0.0482220196643324,-0.3034628607193878,0.19365185026969578
cn,midpoint,charismatic,225,632,-0.0010120286282712596,-0.0018018784235516103,0.0064593372261343195,-0.0482220196643324,-0.8539089877337612,-1.8702984379101504
cn,midpoint,charismatic,226,816,0.0002652437642769751,-7.9769602315094e-05,0.0064593372261343195,-0.0482220196643324,0.22334651751790072,-0.08272516874712656
cn,midpoint,charismatic,227,1225,0.0006409147792032412,0.00015626649056277309,0.0064593372261343195,-0.0482220196643324,0.5401886189786638,0.16228362801590182
cn,midpoint,charismatic,228,871,0.00013211692859330972,-0.00023794505144832806,0.0064593372261343195,-0.0482220196643324,0.11106693058433581,-0.24691351806723705
cn,midpoint,charismatic,229,1081,-0.0004746179738052596,0.00026104175838926463,0.0064593372261343195,-0.0482220196643324,-0.40065517164728015,0.27104183523625136
cn,midpoint,charismatic,230,511,0.0012913451515100156,0.00016504404652481486,0.0064593372261343195,-0.0482220196643324,1.0887636163231713,0.1713948550259709
cn,midpoint,charismatic,231,606,-0.00034910137018335716,0.0004419957511802228,0.0064593372261343195,-0.0482220196643324,-0.2947940780849069,0.45887463446038923
cn,midpoint,charismatic,232,721,-0.0012652181729208185,-0.00038005430081398256,0.0064593372261343195,-0.0482220196643324,-1.0674498365277656,-0.39442492520611117
cn,midpoint,charismatic,233,616,0.0007181189450534775,-0.0005172884770492034,0.0064593372261343195,-0.0482220196643324,0.605302852383962,-0.536875937609349
cn,midpoint,charismatic,234,700,0.0005098982456288809,-8.708015743137676e-05,0.0064593372261343195,-0.0482220196643324,0.42968886740226786,-0.09031362816819077
cn,midpoint,charismatic,235,666,-0.0004890765896997107,-0.00023332763638195253,0.0064593372261343195,-0.0482220196643324,-0.4128496132256676,-0.24212057603970769
cn,midpoint,charismatic,236,1041,-0.0005857115028695473,0.00013270310441161615,0.0064593372261343195,-0.0482220196643324,-0.4943517993052055,0.13782450052329062
cn,midpoint,charismatic,237,606,-0.001840282042079277,0.0007047194568166951,0.0064593372261343195,-0.0482220196643324,-1.552460490900675,0.7315855500423681
cn,midpoint,charismatic,238,744,-0.000568193274096301,0.00023305394090449016,0.0064593372261343195,-0.0482220196643324,-0.4795768707164903,0.24199008555525653
cn,midpoint,charismatic,239,708,0.00022634433240869157,0.001115129879209642,0.0064593372261343195,-0.0482220196643324,0.1905386157925153,1.1575973626575355
cn,midpoint,charismatic,240,816,-0.0002753992889501346,0.0004798692323972481,0.0064593372261343195,-0.0482220196643324,-0.2326335137290184,0.49818784266118743
cn,midpoint,charismatic,241,913,-8.589615345676489e-05,0.0004888189803691836,0.0064593372261343195,-0.0482220196643324,-0.07280598033545146,0.5074778074085318
cn,midpoint,charismatic,242,596,0.0005079628171517194,-0.00010705567616024758,0.0064593372261343195,-0.0482220196643324,0.42805652100990316,-0.11104849862298342
cn,midpoint,charismatic,243,1041,-0.00022379342942213058,1.8778969446388294e-05,0.0064593372261343195,-0.0482220196643324,-0.18910897142768868,0.019569640049294654
cn,midpoint,charismatic,244,961,0.00012125355364153451,-0.00016132660441052493,0.0064593372261343195,-0.0482220196643324,0.10190472638992322,-0.16738248834333241
cn,midpoint,charismatic,245,696,0.0002102131791788175,0.00029541677409485045,0.0064593372261343195,-0.0482220196643324,0.17693355102769168,0.30672358684486534
cn,midpoint,charismatic,246,744,0.00044201990439535124,0.0002015074189820401,0.0064593372261343195,-0.0482220196643324,0.37244006346054376,0.20924435042619166
cn,midpoint,charismatic,247,700,8.38900659891461e-05,0.0010860835944685454,0.0064593372261343195,-0.0482220196643324,0.07039224478947408,1.1274469090210455
cn,midpoint,charismatic,248,904,-5.542610923402972e-05,-3.993214735177608e-05,0.0064593372261343195,-0.0482220196643324,-0.04710745034631018,-0.04137332807030992
cn,midpoint,charismatic,249,601,-9.822336037477487e-05,-0.0006151875272204441,0.0064593372261343195,-0.0482220196643324,-0.08320278495933371,-0.6384965338251585
cn,midpoint,charismatic,250,996,-0.0005979443794397717,-0.000216802142628425,0.0064593372261343195,-0.0482220196643324,-0.5046690454206152,-0.22496688021674832
cn,midpoint,charismatic,251,721,0.000948954023272006,0.0003246225651484455,0.0064593372261343195,-0.0482220196643324,0.7999898747191113,0.33703961028563767
cn,midpoint,charismatic,252,664,0.00046471990540633643,0.0001395603981497462,0.0064593372261343195,-0.0482220196643324,0.3915853148579497,0.14494246823469156
cn,midpoint,charismatic,253,542,-0.00165635461804457,-0.0013585667863736106,0.0064593372261343195,-0.0482220196643324,-1.3973355298789698,-1.4101346998489928
cn,midpoint,charismatic,254,721,0.0006192492086182855,0.000696004798562154,0.0064593372261343195,-0.0482220196643324,0.5219158094172682,0.722539611740674
cn,midpoint,charismatic,255,889,0.0006278610000653743,-0.0003917749369987053,0.0064593372261343195,-0.0482220196643324,0.5291790210865874,-0.4065911110377078
cn,midpoint,charismatic,256,681,0.000395452459859889,-0.0002203211967286428,0.0064593372261343195,-0.0482220196643324,0.33316493602179453,-0.22861970805475398
cn,midpoint,charismatic,257,606,-0.0007808463057319371,0.00014533106069040957,0.0064593372261343195,-0.0482220196643324,-0.6589290984593238,0.15093249742207096
cn,midpoint,charismatic,258,856,0.0005513111308739754,-0.00021341261686765034,0.0064593372261343195,-0.0482220196643324,0.46461662351670885,-0.22144850462376475
cn,midpoint,charismatic,259,830,-0.0004850903611687985,4.8115952724650524e-05,0.0064593372261343195,-0.0482220196643324,-0.40948761569470304,0.05002184287144241
cn,midpoint,charismatic,260,918,0.00018542640767843597,-0.0001440151080302418,0.0064593372261343195,-0.0482220196643324,0.156028310914477,-0.14941291069702148
cn,midpoint,charismatic,261,825,-0.0002577990826204187,0.00010745010292082663,0.0064593372261343195,-0.0482220196643324,-0.21778944501441522,0.11161152845416404
cn,midpoint,charismatic,262,848,-0.00037312810853615784,0.001035166595568543,0.0064593372261343195,-0.0482220196643324,-0.31505830387949857,1.0745943453170315
cn,midpoint,charismatic,263,796,1.783450933525582e-05,6.087526878201244e-05,0.0064593372261343195,-0.0482220196643324,0.014680783026881316,0.0632661930749132
cn,midpoint,charismatic,264,648,0.001114744956278088,-0.0003761868518845496,0.0064593372261343195,-0.0482220196643324,0.9398184628445424,-0.39041045861674456
cn,midpoint,charismatic,265,1041,-0.0007650922063234386,-0.0004243854010605799,0.0064593372261343195,-0.0482220196643324,-0.6456420420592176,-0.44044123312822253
cn,midpoint,charismatic,266,1038,0.0005819859035430955,0.0002648827165083606,0.0064593372261343195,-0.0482220196643324,0.4904878221137654,0.2750288039904911
cn,midpoint,charismatic,267,796,-0.0005519679929732223,-0.00010831210427177107,0.0064593372261343195,-0.0482220196643324,-0.46589241819401683,-0.11235268874098753
cn,midpoint,charismatic,268,924,-6.26006301674819e-05,-7.416787568395589e-06,0.0064593372261343195,-0.0482220196643324,-0.053158463597825965,-0.007621925563553563
cn,midpoint,charismatic,269,606,-0.0020038764771931243,0.00258548861952225,0.0064593372261343195,-0.0482220196643324,-1.6904365458777437,2.6838504936157737
cn,midpoint,charismatic,270,1000,-0.0005092806108570654,-0.000205680050612167,0.0064593372261343195,-0.0482220196643324,-0.42988974745777075,-0.2134219916822602
cn,midpoint,charismatic,271,876,0.0006011418034432758,-6.437442155936973e-05,0.0064593372261343195,-0.0482220196643324,0.5066439676203236,-0.06674475377363745
cn,midpoint,charismatic,272,769,0.00045483017081655776,-0.0005910315177902539,0.0064593372261343195,-0.0482220196643324,0.3832442819706249,-0.6134222550022598
cn,midpoint,charismatic,273,601,0.0012492169985925637,0.0002956541698584947,0.0064593372261343195,-0.0482220196643324,1.0532326012310285,0.30697000699907967
cn,midpoint,charismatic,274,991,-0.0004152864612679023,-0.00020731207720792177,0.0064593372261343195,-0.0482220196643324,-0.35061478958886777,-0.215116058329593
cn,midpoint,charismatic,275,478,0.0017369824966508044,-8.670437224589378e-05,0.0064593372261343195,-0.0482220196643324,1.4646155381210666,-0.08992355784032699
cn,midpoint,charismatic,276,648,-0.0005566623137985326,0.001314184061194143,0.0064593372261343195,-0.0482220196643324,-0.4698516229666136,1.3642184138029072
cn,midpoint,charismatic,277,996,-0.00011451553557804712,0.00019606240622235122,0.0064593372261343195,-0.0482220196643324,-0.09694365615692899,0.20359235030898498
cn,midpoint,charismatic,278,600,-0.001895428583251548,0.0028151568977523855,0.0064593372261343195,-0.0482220196643324,-1.5989712551041475,2.922249408873697
cn,midpoint,charismatic,279,825,-0.0012376889066241245,0.001127169283430117,0.0064593372261343195,-0.0482220196643324,-1.0442315677804963,1.1700944342106077
cn,midpoint,charismatic,280,636,0.0012707120623232761,-5.0237895857466186e-05,0.0064593372261343195,-0.0482220196643324,1.0713616047816714,-0.05207084051569694
cn,midpoint,charismatic,281,721,0.0008138967631818022,-0.0010015717912686961,0.0064593372261343195,-0.0482220196643324,0.6860821618418964,-1.0395688548774078
cn,midpoint,charismatic,282,616,-0.00025839995173367915,-0.0006834117341888296,0.0064593372261343195,-0.0482220196643324,-0.21829621989185863,-0.7093142238471888
cn,midpoint,charismatic,283,816,0.0003492241662225353,-0.001235990536755556,0.0064593372261343195,-0.0482220196643324,0.2941758495044884,-1.2828988222148723
cn,midpoint,charismatic,284,758,-0.0006221442176532841,0.0013405923494824654,0.0064593372261343195,-0.0482220196643324,-0.5250792641756732,1.3916305898782033
cn,midpoint,charismatic,285,510,0.0012772805512819806,-0.0027033783019709753,0.0064593372261343195,-0.0482220196643324,1.0769014887823207,-2.806068039078025
cn,midpoint,charismatic,286,825,0.0017961414914586943,-0.00020602446270950175,0.0064593372261343195,-0.0482220196643324,1.5145104181903133,-0.21377949630170112
cn,midpoint,charismatic,287,952,-0.0005065378719822603,-0.00018948936891288043,0.0064593372261343195,-0.0482220196643324,-0.4275765129671568,-0.19661583549847703
cn,midpoint,charismatic,288,825,0.0006127080857518058,-0.00026569434108841133,0.0064593372261343195,-0.0482220196643324,0.5163990060638467,-0.275717672477908
cn,midpoint,charismatic,289,1041,0.00030267283368199185,-0.0008418097040640282,0.0064593372261343195,-0.0482220196643324,0.25491431097232486,-0.8737335528390047
cn,midpoint,charismatic,290,681,-0.001155905417821429,1.9376810897211993e-05,0.0064593372261343195,-0.0482220196643324,-0.9752551191659425,0.02019020791557081
cn,midpoint,charismatic,291,769,-0.00033324322910363406,0.0008120184247643047,0.0064593372261343195,-0.0482220196643324,-0.2814192726159598,0.8429633936180178
cn,midpoint,charismatic,292,769,-0.0008002669426558744,0.0003013764601754801,0.0064593372261343195,-0.0482220196643324,-0.6753085239944412,0.3129098251353626
cn,midpoint,charismatic,293,871,0.0005529438593013551,-0.00012829422173085692,0.0064593372261343195,-0.0482220196643324,0.46599367174638734,-0.1330944087709042
cn,midpoint,charismatic,294,708,0.0007005051807277068,-0.0006590125359662649,0.0064593372261343195,-0.0482220196643324,0.590447348813352,-0.6839875116244677
cn,midpoint,charismatic,295,758,0.0005479979593993635,0.00040402525491613217,0.0064593372261343195,-0.0482220196643324,0.46182228439868583,0.4194607232710796
cn,midpoint,charismatic,296,685,-0.0009696561254779355,0.0007931614733190581,0.0064593372261343195,-0.0482220196643324,-0.818171887196942,0.8233896117955517
cn,midpoint,charismatic,297,1225,-0.00015306901333478166,0.00018654958284411438,0.0064593372261343195,-0.0482220196643324,-0.12945977910951317,0.1937179053404055
cn,midpoint,charismatic,298,961,-0.0006382692682730083,-3.1794506037359505e-05,0.0064593372261343195,-0.0482220196643324,-0.5386791819801314,-0.032926341498786
cn,midpoint,charismatic,299,825,-0.0001161095805002595,-0.00024217344118961093,0.0064593372261343195,-0.0482220196643324,-0.09828807859813264,-0.25130264631506355
cn,midpoint,charismatic,300,848,-0.00019857078416949184,-0.00010708636110794839,0.0064593372261343195,-0.0482220196643324,-0.16783611403725646,-0.11108035003190672
cn,midpoint,charismatic,301,696,6.916245854741467e-05,-0.00017442812763324156,0.0064593372261343195,-0.0482220196643324,0.05797093490416596,-0.1809820544157196
cn,midpoint,charismatic,302,744,-0.0011669494257779151,-8.516419097531758e-05,0.0064593372261343195,-0.0482220196643324,-0.9845696697978811,-0.08832482793720119
cn,midpoint,charismatic,303,816,-0.00013585981550145142,0.0005414283087398844,0.0064593372261343195,-0.0482220196643324,-0.11494548817589786,0.5620870329954255
cn,midpoint,charismatic,304,913,-0.0004749330388193378,-0.00029767556096795683,0.0064593372261343195,-0.0482220196643324,-0.40092089845928053,-0.30891463022350046
cn,midpoint,charismatic,305,686,0.001354617453526042,1.998250837987464e-05,0.0064593372261343195,-0.0482220196643324,1.1421276724746756,0.02081893045380719
cn,midpoint,charismatic,306,796,-0.00023083386997819946,0.001014207406168248,0.0064593372261343195,-0.0482220196643324,-0.1950469008722381,1.0528384108178452
cn,midpoint,charismatic,307,531,-0.0017685489269406796,0.0019110064435120533,0.0064593372261343195,-0.0482220196643324,-1.4919605586679447,1.9837284725828492
cn,midpoint,charismatic,308,841,-0.0009854129432603177,-0.0005337744412250503,0.0064593372261343195,-0.0482220196643324,-0.8314612362820296,-0.5539886011725976
cn,midpoint,charismatic,309,856,0.0005312815630105173,0.0013178431070098584,0.0064593372261343195,-0.0482220196643324,0.4477236237348263,1.3680165550180015
cn,midpoint,charismatic,310,535,-0.0014609610517968543,-0.0002498269991996968,0.0064593372261343195,-0.0482220196643324,-1.2325399888815094,-0.2592471475824077
cn,midpoint,charismatic,311,1041,0.0003972222744574698,-0.0008352660883088545,0.0064593372261343195,-0.0482220196643324,0.3346576031534429,-0.8669411873024158
cn,midpoint,charismatic,312,1081,0.00023104755078019994,-0.0003938504703723533,0.0064593372261343195,-0.0482220196643324,0.19450532478322638,-0.40874554398191915
cn,midpoint,charismatic,314,681,0.0014884326505259851,0.0010099213876549745,0.0064593372261343195,-0.0482220196643324,1.254987825481608,1.0483894630910902
cn,midpoint,charismatic,315,952,0.0015424909345651376,-0.00018397482312641072,0.0064593372261343195,-0.0482220196643324,1.3005807502370343,-0.19089165911780512
cn,midpoint,charismatic,316,889,0.00019236118849048044,0.00042946111002653553,0.0064593372261343195,-0.0482220196643324,0.1618771266025577,0.44586349997889135
cn,midpoint,charismatic,317,1041,-0.0002940768090494792,0.00012374762587035598,0.0064593372261343195,-0.0482220196643324,-0.24838619222489194,0.12852858736408318
cn,midpoint,charismatic,318,946,-0.0003183133776523588,-0.00020816058611269894,0.0064593372261343195,-0.0482220196643324,-0.26882738950448914,-0.2159968225519941
cn,midpoint,charismatic,319,796,-7.5310092091081596e-06,0.0006968327760209364,0.0064593372261343195,-0.0482220196643324,-0.0067125741417989855,0.7233990640322698
cn,midpoint,charismatic,320,961,-0.0003673097716884715,0.00013582427181003942,0.0064593372261343195,-0.0482220196643324,-0.3101511005005278,0.14106431634747207
cn,midpoint,charismatic,321,769,0.0006976785245474994,1.5553997644635054e-05,0.0064593372261343195,-0.0482220196643324,0.5880633382065722,0.0162220737889469
cn,midpoint,charismatic,322,825,6.285918528158366e-05,0.00048350116914635394,0.0064593372261343195,-0.0482220196643324,0.05265473464309624,0.5019578442824153
cn,midpoint,charismatic,323,947,-0.00025854363775097613,6.260402251712094e-05,0.0064593372261343195,-0.0482220196643324,-0.2184174051253796,0.0650606638584882
cn,midpoint,charismatic,324,889,0.00013032841271245956,-0.0009560742185740281,0.0064593372261343195,-0.0482220196643324,0.1095584907322601,-0.9923417320859499
cn,midpoint,charismatic,325,506,0.004636106624672096,-0.000898623463576817,0.0064593372261343195,-0.0482220196643324,3.909745837295618,-0.9327070373095133
cn,midpoint,charismatic,326,848,0.00080876726841758,-0.0005978016751968032,0.0064593372261343195,-0.0482220196643324,0.6817559300168323,-0.6204497739712898
cn,midpoint,charismatic,327,889,-8.013043340064467e-05,0.00036572274175829256,0.0064593372261343195,-0.0482220196643324,-0.06794315412200469,0.3797021738586464
cn,midpoint,charismatic,328,1128,-0.0005466588725627696,0.00038269057894693703,0.0064593372261343195,-0.0482220196643324,-0.46141468954069975,0.39731502841225846
cn,midpoint,charismatic,329,918,0.0007407921266360711,-0.0010237556628099331,0.0064593372261343195,-0.0482220196643324,0.6244254841921157,-1.0625960267289452
cn,midpoint,trustworthy,0,1000,0.0009473706013710878,-0.0007420660349052258,-0.03642552694181146,-0.010328732789241162,0.8210175547595451,-0.9194987298067236
cn,midpoint,trustworthy,2,681,-0.0005546344346882628,0.00021552042620027675,-0.03642552694181146,-0.010328732789241162,-0.48076552907399217,0.26784000740796715
cn,midpoint,trustworthy,3,952,-0.0008840055366073837,-0.0004269303733951662,-0.03642552694181146,-0.010328732789241162,-0.7662304366397089,-0.5287530440785648
cn,midpoint,trustworthy,4,1082,-0.0007844223133684769,6.616065097551048e-05,-0.03642552694181146,-0.010328732789241162,-0.6799219674043865,0.08264456646437861
cn,midpoint,trustworthy,5,700,0.0006789102296825902,-0.0003807426867471122,-0.03642552694181146,-0.010328732789241162,0.5883437872596466,-0.47148361539819605
cn,midpoint,trustworthy,6,825,0.00011380471182977775,-3.846846059427436e-06,-0.03642552694181146,-0.010328732789241162,0.09856859605801485,-0.00415972380207108
cn,midpoint,trustworthy,7,748,0.00038835560598182717,0.00012971673695628093,-0.03642552694181146,-0.010328732789241162,0.3365210003962832,0.16144956834754765
cn,midpoint,trustworthy,8,825,0.0002374780230272322,-0.0003183096165314623,-0.03642552694181146,-0.010328732789241162,0.20575586945152788,-0.3940710727597944
cn,midpoint,trustworthy,9,732,-0.0006073855699000041,0.00017073832805134664,-0.03642552694181146,-0.010328732789241162,-0.5264847735658909,0.21231340795647718
cn,midpoint,trustworthy,10,471,-0.0010985012972027988,-0.0005057051054855599,-0.03642552694181146,-0.010328732789241162,-0.9521332438830836,-0.6264280788912476
cn,midpoint,trustworthy,11,889,-0.00039927533669518317,0.0001426478066398982,-0.03642552694181146,-0.010328732789241162,-0.34611628301178626,0.1774831700875473
cn,midpoint,trustworthy,12,816,0.0010865715116133434,-0.0011823030166245602,-0.03642552694181146,-0.010328732789241162,0.9416625498542477,-1.465361106919271
cn,midpoint,trustworthy,13,1084,9.726984913865228e-05,-0.0006473862962200622,-0.03642552694181146,-0.010328732789241162,0.08423788209363978,-0.8021026241428263
cn,midpoint,trustworthy,14,531,0.0006391346983676063,5.519759806866739e-05,-0.03642552694181146,-0.010328732789241162,0.5538704582272856,0.06905116479973794
cn,midpoint,trustworthy,15,758,-0.00035636682295622085,-0.00032456251191947776,-0.03642552694181146,-0.010328732789241162,-0.3089276078763369,-0.40182421591239365
cn,midpoint,trustworthy,16,1000,2.898238750927845e-05,-0.0002296532157940439,-0.03642552694181146,-0.010328732789241162,0.025053351913717027,-0.2841434754376261
cn,midpoint,trustworthy,17,666,-0.001237923105569437,0.0026702105019494535,-0.03642552694181146,-0.010328732789241162,-1.0729696906937713,3.3114801727343535
cn,midpoint,trustworthy,18,758,0.000753571681574465,8.380003142666875e-05,-0.03642552694181146,-0.010328732789241162,0.6530526349358761,0.10451613687688077
cn,midpoint,trustworthy,19,856,-0.00027643261125975815,-0.0007781037968636276,-0.03642552694181146,-0.010328732789241162,-0.23964887570974763,-0.9641829776670514
cn,midpoint,trustworthy,20,744,0.00021290664899550893,4.13135492668415e-05,-0.03642552694181146,-0.010328732789241162,0.18445993615361841,0.05183593709825643
cn,midpoint,trustworthy,21,686,-0.0014092528125690812,-0.0012005681618128903,-0.03642552694181146,-0.010328732789241162,-1.22146061381041,-1.4880085808590318
cn,midpoint,trustworthy,22,786,-0.00084221839828931,-0.00011345076476631209,-0.03642552694181146,-0.010328732789241162,-0.7300136540868366,-0.14006074550299938
cn,midpoint,trustworthy,23,619,3.266946418635508e-05,-0.0002817200212266637,-0.03642552694181146,-0.010328732789241162,0.028248929779160263,-0.34870259101012435
cn,midpoint,trustworthy,24,1000,-0.00021977458766961333,-0.00032350331788113737,-0.03642552694181146,-0.010328732789241162,-0.19054354323589723,-0.4005108910451054
cn,midpoint,trustworthy,25,1041,-9.650258115563581e-05,0.000538009916776357,-0.03642552694181146,-0.010328732789241162,-0.08370407936090891,0.6677039153245028
cn,midpoint,trustworthy,26,961,-0.0007145793576197185,-0.0002525343367133139,-0.03642552694181146,-0.010328732789241162,-0.6193892953188082,-0.3125144292071463
cn,midpoint,trustworthy,27,636,-0.0012475011970847147,0.0012815958663169313,-0.03642552694181146,-0.010328732789241162,-1.0812709927604478,1.5896973208273608
cn,midpoint,trustworthy,28,649,0.0010883770440480028,-0.00010626689841305992,-0.03642552694181146,-0.010328732789241162,0.9432273991885208,-0.13115326492485682
cn,midpoint,trustworthy,29,604,-0.002972043383472643,0.0017987356365940406,-0.03642552694181146,-0.010328732789241162,-2.5759263312585268,2.2309136566300327
cn,midpoint,trustworthy,30,924,0.0004508185789690866,-0.00045268496954753955,-0.03642552694181146,-0.010328732789241162,0.39065746442179566,-0.5606869016622762
cn,midpoint,trustworthy,31,918,0.0005919840413691757,-0.0002983300599091309,-0.03642552694181146,-0.010328732789241162,0.5130051307492698,-0.36929785123504405
cn,midpoint,trustworthy,32,961,0.00027505375420989325,1.3127408254487438e-05,-0.03642552694181146,-0.010328732789241162,0.23832263856476513,0.016887137761716426
cn,midpoint,trustworthy,33,633,0.0009087420293073592,0.00037613859081332517,-0.03642552694181146,-0.010328732789241162,0.7875382917358094,0.46699504613442516
cn,midpoint,trustworthy,34,1038,0.0005439963175223259,0.00046245468077132576,-0.03642552694181146,-0.010328732789241162,0.47141432004240347,0.5740208254397474
cn,midpoint,trustworthy,35,606,-0.0018115475321638583,-0.002408746620957509,-0.03642552694181146,-0.010328732789241162,-1.5701281935530278,-2.9860634764500356
cn,midpoint,trustworthy,36,769,-0.0003102094459687399,0.00034117860354491297,-0.03642552694181146,-0.010328732789241162,-0.2689231530883066,0.42364716182077583
cn,midpoint,trustworthy,37,856,0.00012875859617107743,-2.2369544791067675e-05,-0.03642552694181146,-0.010328732789241162,0.11152908101363117,-0.0271265457185422
cn,midpoint,trustworthy,38,918,-9.008559736822797e-05,-0.000439234750643629,-0.03642552694181146,-0.010328732789241162,-0.07814249951055247,-0.5440095920121445
cn,midpoint,trustworthy,39,606,0.0009280583939418122,-0.0005925563661613609,-0.03642552694181146,-0.010328732789241162,0.804279724766063,-0.7341174316179546
cn,midpoint,trustworthy,40,649,-6.48672956615956e-05,-0.0014831545252327813,-0.03642552694181146,-0.010328732789241162,-0.05628587601291512,-1.8383954644723521
cn,midpoint,trustworthy,41,918,-0.00024084397776357597,-0.00031832497359083993,-0.03642552694181146,-0.010328732789241162,-0.20880431796869692,-0.3940901144152787
cn,midpoint,trustworthy,42,796,0.0019497740229287644,0.00013622088639097044,-0.03642552694181146,-0.010328732789241162,1.6897974762864385,0.16951424855148908
cn,midpoint,trustworthy,43,1000,-0.00019753582279438686,9.254440875806555e-06,-0.03642552694181146,-0.010328732789241162,-0.17126927502447073,0.012084935158133452
cn,midpoint,trustworthy,44,553,0.000786779499628687,0.003100936472601481,-0.03642552694181146,-0.010328732789241162,0.681833747353065,3.8455495762314906
cn,midpoint,trustworthy,45,993,-0.00020389576965929024,-0.00024390825256193419,-0.03642552694181146,-0.010328732789241162,-0.17678142115184511,-0.3018187016886278
cn,midpoint,trustworthy,46,856,0.00013699663742797186,-9.335892741051295e-05,-0.03642552694181146,-0.010328732789241162,0.11866896569756254,-0.11514830389765679
cn,midpoint,trustworthy,47,596,0.0017688512208148544,-0.0007325486908737622,-0.03642552694181146,-0.010328732789241162,1.5329922475306383,-0.9076979037686133
cn,midpoint,trustworthy,48,1041,7.817778717841839e-05,0.0004984788281006524,-0.03642552694181146,-0.010328732789241162,0.06769085149210446,0.6186881921335692
cn,midpoint,trustworthy,49,636,8.923450395829924e-05,0.0007489586113735222,-0.03642552694181146,-0.010328732789241162,0.07727367346755526,0.9292652122239273
cn,midpoint,trustworthy,50,889,0.0005761825944661098,0.000209658521130595,-0.03642552694181146,-0.010328732789241162,0.49931006596275446,0.2605716642913851
cn,midpoint,trustworthy,51,633,-0.0003391510581180687,0.0014530282883911238,-0.03642552694181146,-0.010328732789241162,-0.2940067581431293,1.802261265505774
cn,midpoint,trustworthy,52,616,0.0009512833324530554,-0.0002064537540949138,-0.03642552694181146,-0.010328732789241162,0.8244087065944673,-0.25537780186481346
cn,midpoint,trustworthy,53,1041,-0.0007085984368529336,0.00013754851832138357,-0.03642552694181146,-0.010328732789241162,-0.6142056499294583,0.17116041720964115
cn,midpoint,trustworthy,54,918,4.7120036903700036e-05,0.0005673360509609263,-0.03642552694181146,-0.010328732789241162,0.04077319611883901,0.7040662246765967
cn,midpoint,trustworthy,55,567,0.0001197633304250989,-0.0001848858112293364,-0.03642552694181146,-0.010328732789241162,0.1037329122248606,-0.22863509497987156
cn,midpoint,trustworthy,56,526,0.00030678257537003484,-8.462335615263758e-05,-0.03642552694181146,-0.010328732789241162,0.26582190898307007,-0.10431682019622637
cn,midpoint,trustworthy,57,1129,-0.0011532788822137124,0.00014468075467587334,-0.03642552694181146,-0.010328732789241162,-0.9996088061006014,0.18000388028124736
cn,midpoint,trustworthy,58,889,2.012973410471519e-05,-5.798313076834857e-06,-0.03642552694181146,-0.010328732789241162,0.017380784796807273,-0.006579403359246194
cn,midpoint,trustworthy,59,587,-0.0008027993798598518,0.0005666384360056408,-0.03642552694181146,-0.010328732789241162,-0.6958493136613072,0.703201232016702
cn,midpoint,trustworthy,60,796,-9.966586189606719e-05,0.0004252280491817053,-0.03642552694181146,-0.010328732789241162,-0.08644568492044398,0.5278624642497319
cn,midpoint,trustworthy,61,596,-0.0017239424353017035,-0.0011215611659231364,-0.03642552694181146,-0.010328732789241162,-1.4942011291192403,-1.390045555543732
cn,midpoint,trustworthy,62,606,-0.0015411813110785266,2.496063494308344e-05,-0.03642552694181146,-0.010328732789241162,-1.3358026323203718,0.03155949269183149
cn,midpoint,trustworthy,63,601,0.0014030497445640736,-0.0014003921105003765,-0.03642552694181146,-0.010328732789241162,1.215953248065003,-1.7357759883325519
cn,midpoint,trustworthy,64,616,9.446709057570751e-05,0.0014052883227135653,-0.03642552694181146,-0.010328732789241162,0.08180873998178409,1.7430671218283187
cn,midpoint,trustworthy,65,588,0.001034330014751103,0.002705119839124701,-0.03642552694181146,-0.010328732789241162,0.8963850073316006,3.354765254554337
cn,midpoint,trustworthy,66,856,-0.0004881596886728151,4.325253450810848e-05,-0.03642552694181146,-0.010328732789241162,-0.423152073867427,0.05424014014555725
cn,midpoint,trustworthy,67,1176,3.616069415178502e-05,0.00012985720540563753,-0.03642552694181146,-0.010328732789241162,0.03127476790996521,0.16162373918021064
cn,midpoint,trustworthy,68,649,-0.0008095602379174921,-0.0018475043796075397,-0.03642552694181146,-0.010328732789241162,-0.7017089282700082,-2.2901632301718085
cn,midpoint,trustworthy,69,1225,0.0002892101723824328,-0.0008288592630188284,-0.03642552694181146,-0.010328732789241162,0.2505919620771781,-1.0271161263060644
cn,midpoint,trustworthy,70,1129,0.000561468631816997,-0.0005323339602155818,-0.03642552694181146,-0.010328732789241162,0.48655752039005334,-0.6594459545952507
cn,midpoint,trustworthy,71,1129,-0.00044224078747794743,0.0003318585749212781,-0.03642552694181146,-0.010328732789241162,-0.38335430530565745,0.41209099277885347
cn,midpoint,trustworthy,72,588,-0.0029961357363683036,0.002101116729572413,-0.03642552694181146,-0.010328732789241162,-2.5968070984306544,2.60584458942544
cn,midpoint,trustworthy,73,841,-3.0277633050163066e-05,-0.00048230196558046376,-0.03642552694181146,-0.010328732789241162,-0.02630712322443712,-0.5974098589075441
cn,midpoint,trustworthy,74,924,-1.1713660273214577e-05,-0.0003847131467497409,-0.03642552694181146,-0.010328732789241162,-0.010217785872293297,-0.4764067018840264
cn,midpoint,trustworthy,75,816,-0.00037737900611802683,-0.0004909177589620724,-0.03642552694181146,-0.010328732789241162,-0.3271388015393188,-0.6080928266074132
cn,midpoint,trustworthy,76,721,0.0006287707510504517,-0.001355478760152207,-0.03642552694181146,-0.010328732789241162,0.5448880573862004,-1.6800866455395138
cn,midpoint,trustworthy,77,841,-0.0006101976413340829,-0.000362677516740453,-0.03642552694181146,-0.010328732789241162,-0.5289219871141353,-0.4490840963839937
cn,midpoint,trustworthy,78,744,0.00034538905216044413,-0.00018245266836545981,-0.03642552694181146,-0.010328732789241162,0.29928202210227867,-0.22561817181648122
cn,midpoint,trustworthy,79,889,0.00037779399512283957,0.00031239019884118056,-0.03642552694181146,-0.010328732789241162,0.3273672851794992,0.3879515985732613
cn,midpoint,trustworthy,80,556,-0.003659255154969572,-0.0021520909591205215,-0.03642552694181146,-0.010328732789241162,-3.171530631955845,-2.6678288085614352
cn,midpoint,trustworthy,81,616,0.0008128000849933273,0.00034417908775857993,-0.03642552694181146,-0.010328732789241162,0.7043857075968233,0.4273675476887788
cn,midpoint,trustworthy,82,796,0.0003185752828398086,0.0003081753820514538,-0.03642552694181146,-0.010328732789241162,0.27604261179577505,0.38272552714475755
cn,midpoint,trustworthy,83,796,0.0007253465121802097,-6.495464472919439e-05,-0.03642552694181146,-0.010328732789241162,0.6285899685841196,-0.07992902449035305
cn,midpoint,trustworthy,84,666,-0.0008995731840430454,-0.0002703891146435423,-0.03642552694181146,-0.010328732789241162,-0.7797228681564485,-0.3346530770911731
cn,midpoint,trustworthy,85,616,-0.003748143244200426,0.002312246149067134,-0.03642552694181146,-0.010328732789241162,-3.2485696618772066,2.867629972274659
cn,midpoint,trustworthy,86,1084,0.0003644897526852084,5.1937077980578755e-05,-0.03642552694181146,-0.010328732789241162,0.31583653972077086,0.06500835304195164
cn,midpoint,trustworthy,87,1084,-0.00018111072707688303,-0.0001835102487175496,-0.03642552694181146,-0.010328732789241162,-0.15703369575405057,-0.22692949582820932
cn,midpoint,trustworthy,88,1035,0.0008511617987949985,-0.0009512363496887808,-0.03642552694181146,-0.010328732789241162,0.7376336853964836,-1.1788549629046587
cn,midpoint,trustworthy,89,871,0.00048218789128975925,-0.00025925235488860783,-0.03642552694181146,-0.010328732789241162,0.41784514964932307,-0.3208442913562311
cn,midpoint,trustworthy,90,996,0.00043462919760490354,-0.00034736226867547633,-0.03642552694181146,-0.010328732789241162,0.3766261780468073,-0.4300942839376003
cn,midpoint,trustworthy,91,786,0.0014198511497450633,0.0005913827900272638,-0.03642552694181146,-0.010328732789241162,1.2305149735746779,0.7338824615981112
cn,midpoint,trustworthy,92,924,-0.000857103160769028,0.00013801693086973668,-0.03642552694181146,-0.010328732789241162,-0.7429142313404347,0.17174121527461694
cn,midpoint,trustworthy,93,556,9.6487482519933e-05,0.00036225133582581774,-0.03642552694181146,-0.010328732789241162,0.0835598073833999,0.44977584299196466
cn,midpoint,trustworthy,94,961,0.00016360195509802083,-0.00037115048057705276,-0.03642552694181146,-0.010328732789241162,0.1417277116081313,-0.45958996566142674
cn,midpoint,trustworthy,95,961,0.0005284236938483192,-0.001086210219137759,-0.03642552694181146,-0.010328732789241162,0.45791757563539837,-1.34621290938556
cn,midpoint,trustworthy,96,636,0.0009808150544715344,0.0008024032533096581,-0.03642552694181146,-0.010328732789241162,0.8500037580338363,0.9955327465352249
cn,midpoint,trustworthy,97,1128,0.00026617054711561977,-4.824547233450542e-05,-0.03642552694181146,-0.010328732789241162,0.2306235906602025,-0.05921084555107631
cn,midpoint,trustworthy,98,1038,-0.00043871520371532857,-0.0001189799317809076,-0.03642552694181146,-0.010328732789241162,-0.3802986928458907,-0.1469165172245209
cn,midpoint,trustworthy,99,856,-0.0002617150226033038,-0.0005501420183485588,-0.03642552694181146,-0.010328732789241162,-0.2268931874877838,-0.6815266732714989
cn,midpoint,trustworthy,100,686,0.0008170064311613864,-0.00017037656193018974,-0.03642552694181146,-0.010328732789241162,0.7080313347118252,-0.21064466336819915
cn,midpoint,trustworthy,101,616,0.001093972468187536,-0.0004100498622791656,-0.03642552694181146,-0.010328732789241162,0.9480769358524114,-0.507822417376855
cn,midpoint,trustworthy,102,783,-9.952826560505335e-05,0.00032574957258588687,-0.03642552694181146,-0.010328732789241162,-0.08632643064383384,0.4045162667220845
cn,midpoint,trustworthy,103,606,0.0010950960835404353,-3.606597593731366e-05,-0.03642552694181146,-0.010328732789241162,0.9490507697770815,-0.04410914094316281
cn,midpoint,trustworthy,104,552,-0.00012793643993377207,-0.002096269823011884,-0.03642552694181146,-0.010328732789241162,-0.11094770680196443,-2.5986145914132495
cn,midpoint,trustworthy,105,823,7.683105905564175e-05,-0.00024913926004233207,-0.03642552694181146,-0.010328732789241162,0.06652364642510078,-0.30830477690836916
cn,midpoint,trustworthy,106,721,-9.93962055836281e-05,0.001174310210684145,-0.03642552694181146,-0.010328732789241162,-0.08621197463482264,1.4566707795652574
cn,midpoint,trustworthy,107,649,0.0021960833824635206,-0.000552203083581863,-0.03642552694181146,-0.010328732789241162,1.9032730305851453,-0.6840822467792982
cn,midpoint,trustworthy,108,609,-0.004417340720164524,-0.0003394025069259742,-0.03642552694181146,-0.010328732789241162,-3.8285610287768184,-0.42022474855040104
cn,midpoint,trustworthy,109,649,0.0001166754225755684,-0.0012225071495642875,-0.03642552694181146,-0.010328732789241162,0.10105663211497369,-1.5152113568699204
cn,midpoint,trustworthy,110,664,-0.001771483999665785,0.0009078314622635274,-0.03642552694181146,-0.010328732789241162,-1.5354052547928236,1.1262561867367276
cn,midpoint,trustworthy,111,708,0.000974284505744466,-0.001271155844429387,-0.03642552694181146,-0.010328732789241162,0.8443437518041952,-1.5755322597590289
cn,midpoint,trustworthy,112,648,0.0009735080774906715,0.0006313016527526617,-0.03642552694181146,-0.010328732789241162,0.8436708238563291,0.7833789968819351
cn,midpoint,trustworthy,113,531,-0.0005456112154562376,0.00013024542617261214,-0.03642552694181146,-0.010328732789241162,-0.47294513308598046,0.16210510517058607
cn,midpoint,trustworthy,114,1225,0.0012377169158571122,0.0008947923842793342,-0.03642552694181146,-0.010328732789241162,1.0726598006756791,1.1100886624274109
cn,midpoint,trustworthy,115,601,-0.0004040679996916846,0.0011761518505374515,-0.03642552694181146,-0.010328732789241162,-0.3502700690947738,1.4589542812924066
cn,midpoint,trustworthy,116,961,0.00030304772642709976,-0.0005598286885757867,-0.03642552694181146,-0.010328732789241162,0.262584927043687,-0.6935374516842743
cn,midpoint,trustworthy,117,924,-0.00012638281201377694,-0.0001206166682809727,-0.03642552694181146,-0.010328732789241162,-0.10960118232550373,-0.14894595344576503
cn,midpoint,trustworthy,118,721,0.00030022293405611994,-0.00010579463061057698,-0.03642552694181146,-0.010328732789241162,0.26013668829907455,-0.13056768662043938
cn,midpoint,trustworthy,119,666,-0.0008915729863378241,0.0002012703016343615,-0.03642552694181146,-0.010328732789241162,-0.7727891217375255,0.25017087193615545
cn,midpoint,trustworthy,120,648,-0.0005309001152948994,0.0005059169663804604,-0.03642552694181146,-0.010328732789241162,-0.4601950684225128,0.6279109517183066
cn,midpoint,trustworthy,121,909,0.0006112624156312599,-0.00030231100766072577,-0.03642552694181146,-0.010328732789241162,0.5297136376421864,-0.37423394177964037
cn,midpoint,trustworthy,122,739,-9.20704181623655e-05,-8.981837197605952e-05,-0.03642552694181146,-0.010328732789241162,-0.07986273750724264,-0.1107582683349888
cn,midpoint,trustworthy,123,1041,0.0012278678614191657,-0.000270705579277079,-0.03642552694181146,-0.010328732789241162,1.064123655888367,-0.3350454706071829
cn,midpoint,trustworthy,124,412,-0.0008315768968677473,0.00015596745592101613,-0.03642552694181146,-0.010328732789241162,-0.7207906979684434,0.19399858274211562
cn,midpoint,trustworthy,125,947,0.0019854250962140704,-0.0005673632521015475,-0.03642552694181146,-0.010328732789241162,1.7206961503981328,-0.7028797716788706
cn,midpoint,trustworthy,126,596,-0.0002994892560280321,0.0003802168319541766,-0.03642552694181146,-0.010328732789241162,-0.25963199787559904,0.47205177352449845
cn,midpoint,trustworthy,127,796,-0.00017812359927821264,0.00013450833724224648,-0.03642552694181146,-0.010328732789241162,-0.15444476140016844,0.16739081006707637
cn,midpoint,trustworthy,128,744,0.0009823155452408083,0.00025650892968943385,-0.03642552694181146,-0.010328732789241162,0.8513042287073661,0.31866282075158003
cn,midpoint,trustworthy,129,1036,0.0015809173164472168,-0.0007100181415783686,-0.03642552694181146,-0.010328732789241162,1.370110518301261,-0.8797616337442205
cn,midpoint,trustworthy,130,694,-0.00042682361359340504,0.000387507001680356,-0.03642552694181146,-0.010328732789241162,-0.36999228874673,0.48109106268358875
cn,midpoint,trustworthy,131,616,-0.0015649457907281061,3.680161900602129e-05,-0.03642552694181146,-0.010328732789241162,-1.3563992327719208,0.04624146621142046
cn,midpoint,trustworthy,132,961,-0.0004919305656782419,3.2194279740868637e-05,-0.03642552694181146,-0.010328732789241162,-0.42642028121629205,0.04052869498166589
cn,midpoint,trustworthy,133,604,-0.003261370435234577,0.001090162078946886,-0.03642552694181146,-0.010328732789241162,-2.82668518534817,1.3523331134285128
cn,midpoint,trustworthy,134,616,-0.0031144927960212523,0.00034232060223225204,-0.03642552694181146,-0.010328732789241162,-2.699386793178361,0.425063158531674
cn,midpoint,trustworthy,135,616,0.004023974162439055,-0.002754727237637226,-0.03642552694181146,-0.010328732789241162,3.4875002730651867,-3.4150547009447974
cn,midpoint,trustworthy,136,949,-0.00018452009309435913,-0.0003280310140741944,-0.03642552694181146,-0.010328732789241162,-0.1599885826562886,-0.40612491056053357
cn,midpoint,trustworthy,137,632,-0.00338384922419728,-5.9321999459027025e-05,-0.03642552694181146,-0.010328732789241162,-2.932837170043489,-0.07294494713138756
cn,midpoint,trustworthy,139,825,-0.0010810438609591827,0.0006083569357187811,-0.03642552694181146,-0.010328732789241162,-0.9370029382959164,0.7549291884778931
cn,midpoint,trustworthy,140,777,-0.0005644119227990185,0.0003900980692201281,-0.03642552694181146,-0.010328732789241162,-0.48923964754856053,0.48430380115230026
cn,midpoint,trustworthy,141,1176,0.001356248443280722,0.000824020816903465,-0.03642552694181146,-0.010328732789241162,1.1753907060964977,1.0223369795749202
cn,midpoint,trustworthy,142,1176,-0.00031485671416609656,0.00021248246893668457,-0.03642552694181146,-0.010328732789241162,-0.27295092595199055,0.2640731576376587
cn,midpoint,trustworthy,143,996,-0.00044132853015429324,6.0939914369508366e-05,-0.03642552694181146,-0.010328732789241162,-0.382563654726248,0.07617122639444407
cn,midpoint,trustworthy,144,856,-0.0009990495248283077,0.0002559086360386636,-0.03642552694181146,-0.010328732789241162,-0.8659387027022907,0.31791849955008694
cn,midpoint,trustworthy,145,664,-0.0014671951864908203,-0.00042772190820006446,-0.03642552694181146,-0.010328732789241162,-1.2716790887140434,-0.5297344906360113
cn,midpoint,trustworthy,146,744,-0.0004947418246650515,0.0002469729332904083,-0.03642552694181146,-0.010328732789241162,-0.4288567906190202,0.3068388671114759
cn,midpoint,trustworthy,147,658,-0.0007033688319646458,0.0003162955594217254,-0.03642552694181146,-0.010328732789241162,-0.6096731676705658,0.3927939664308006
cn,midpoint,trustworthy,148,796,0.0001604243804990274,7.8878738378068e-05,-0.03642552694181146,-0.010328732789241162,0.13897371760592656,0.09841408540568179
cn,midpoint,trustworthy,149,871,-0.0004886090250173294,-0.0004738156540106085,-0.03642552694181146,-0.010328732789241162,-0.4235415122768847,-0.5868874393953365
cn,midpoint,trustworthy,150,748,0.0001287355172639726,0.00034924277770894893,-0.03642552694181146,-0.010328732789241162,0.11150907859676759,0.43364616113573257
cn,midpoint,trustworthy,151,582,-0.0008584670112287834,0.0015765249042880899,-0.03642552694181146,-0.010328732789241162,-0.744096276283537,1.9553882382911965
cn,midpoint,trustworthy,152,535,0.0038660849144777007,0.0007201983874236036,-0.03642552694181146,-0.010328732789241162,3.350658153910556,0.8936045910960084
cn,midpoint,trustworthy,153,816,0.000309273114566376,-0.0002481589836352705,-0.03642552694181146,-0.010328732789241162,0.2679804515429055,-0.3070893042606689
cn,midpoint,trustworthy,154,1176,-0.00013774745717218956,-0.0005960824977939028,-0.03642552694181146,-0.010328732789241162,-0.11945088486698555,-0.7384895826976614
cn,midpoint,trustworthy,155,1225,-9.949150917406419e-05,-0.0001968826281733213,-0.03642552694181146,-0.010328732789241162,-0.086294573959645,-0.24351029012874853
cn,midpoint,trustworthy,156,1035,0.0009316365058445464,0.0007311516794057463,-0.03642552694181146,-0.010328732789241162,0.8073808632011666,0.9071858899119992
cn,midpoint,trustworthy,157,675,0.0011321796886920518,0.000330898760985408,-0.03642552694181146,-0.010328732789241162,0.9811910147928973,0.41090089213221165
cn,midpoint,trustworthy,158,882,-9.8746371358302e-06,-7.955173503365956e-05,-0.03642552694181146,-0.010328732789241162,-0.008623910250340412,-0.09802837266733501
cn,midpoint,trustworthy,160,379,-8.855169291885345e-05,-0.00011512815597874287,-0.03642552694181146,-0.010328732789241162,-0.0768130693046115,-0.14214059066046258
cn,midpoint,trustworthy,161,732,0.0007408070984528878,-0.0005671888167656045,-0.03642552694181146,-0.010328732789241162,0.641989610524552,-0.7026634843357256
cn,midpoint,trustworthy,162,601,0.0015317969679053342,0.0003560109816694197,-0.03642552694181146,-0.010328732789241162,1.3275380653009745,0.4420382500697797
cn,midpoint,trustworthy,163,848,-0.00019595071315119117,0.0005736079878793099,-0.03642552694181146,-0.010328732789241162,-0.16989546543662323,0.7118429779652413
cn,midpoint,trustworthy,164,696,3.581298987954257e-05,0.0001682324443972906,-0.03642552694181146,-0.010328732789241162,0.030973413700814613,0.20920629141477198
cn,midpoint,trustworthy,165,651,0.00014710690571417828,-0.0002666828568724019,-0.03642552694181146,-0.010328732789241162,0.12743150371310227,-0.33005758247996314
cn,midpoint,trustworthy,166,1038,0.000213909878063627,-0.00035148709546129614,-0.03642552694181146,-0.010328732789241162,0.18532943166044613,-0.4352087741962141
cn,midpoint,trustworthy,167,721,-0.0014391140197254973,0.000798033820943362,-0.03642552694181146,-0.010328732789241162,-1.247341228992006,0.9901149628479392
cn,midpoint,trustworthy,168,694,-0.0003524909920156541,2.724552592858233e-05,-0.03642552694181146,-0.010328732789241162,-0.30556843727896943,0.03439259412714572
cn,midpoint,trustworthy,169,1225,-0.0009332109172167785,0.00015950564578864207,-0.03642552694181146,-0.010328732789241162,-0.8088765866679101,0.19838568517107316
cn,midpoint,trustworthy,170,882,0.0006222837823517957,-0.00017536120475393317,-0.03642552694181146,-0.010328732789241162,0.5392658218313694,-0.21682526403059482
cn,midpoint,trustworthy,171,744,0.0005374886496466585,-0.0011901932795785521,-0.03642552694181146,-0.010328732789241162,0.4657741445753647,-1.4751444687697184
cn,midpoint,trustworthy,172,769,7.333336921037936e-05,-0.0001458141446535246,-0.03642552694181146,-0.010328732789241162,0.06349220953657692,-0.18018902234070686
cn,midpoint,trustworthy,173,625,0.0018308504079341328,0.0003510221977557626,-0.03642552694181146,-0.010328732789241162,1.5867267497897357,0.4358525147520098
cn,midpoint,trustworthy,174,1176,0.0007981109193929692,0.0001351848613310707,-0.03642552694181146,-0.010328732789241162,0.6916546535489991,0.1682296515607129
cn,midpoint,trustworthy,175,1000,-0.0005898565208208792,0.0006832451242445338,-0.03642552694181146,-0.010328732789241162,-0.5112924013573658,0.8477851871872006
cn,midpoint,trustworthy,176,924,0.0010540089212086115,-0.0006098048050294201,-0.03642552694181146,-0.010328732789241162,0.913440654230054,-0.7555042624226456
cn,midpoint,trustworthy,177,588,0.004396240781954011,-0.0002549329519641111,-0.03642552694181146,-0.010328732789241162,3.810142592049606,-0.3154885405992993
cn,midpoint,trustworthy,178,700,7.968280630655383e-05,-1.9354161467845243e-05,-0.03642552694181146,-0.010328732789241162,0.06899524688014709,-0.023387686020087565
cn,midpoint,trustworthy,179,531,0.0025056549940076223,-0.001525607598189033,-0.03642552694181146,-0.010328732789241162,2.1715777815468953,-1.8910342392275494
cn,midpoint,trustworthy,180,685,-0.00029049214480324215,-0.0002768179187508171,-0.03642552694181146,-0.010328732789241162,-0.251834229616094,-0.34262433447687185
cn,midpoint,trustworthy,181,664,-0.001368911547006503,-0.004295734644478952,-0.03642552694181146,-0.010328732789241162,-1.1864969646687398,-5.325793691934303
cn,midpoint,trustworthy,182,856,0.00032177174351810667,-0.00029737931926770295,-0.03642552694181146,-0.010328732789241162,0.27881297430405566,-0.36811900082470245
cn,midpoint,trustworthy,183,751,0.0006013089137393013,-0.00017321453290335305,-0.03642552694181146,-0.010328732789241162,0.521086968571987,-0.2141635444388834
cn,midpoint,trustworthy,184,786,-0.00038164035563272025,-0.00021804346009962616,-0.03642552694181146,-0.010328732789241162,-0.33083209988343365,-0.2697482085604534
cn,midpoint,trustworthy,185,649,0.0012861672873033247,0.0008531713338024525,-0.03642552694181146,-0.010328732789241162,1.1146515866150963,1.058481536050835
cn,midpoint,trustworthy,186,961,0.00020915055276917588,-0.0003412737777904115,-0.03642552694181146,-0.010328732789241162,0.1812045392599304,-0.42254499061251477
cn,midpoint,trustworthy,187,796,2.7167791601334645e-05,0.0002445409907199884,-0.03642552694181146,-0.010328732789241162,0.02348064729539412,0.3038234322261419
cn,midpoint,trustworthy,188,578,0.0015558719602996596,-0.0001931956434856625,-0.03642552694181146,-0.010328732789241162,1.3484037861806983,-0.23893869276288687
cn,midpoint,trustworthy,189,924,-0.00019632656057645692,-0.00044679341188136323,-0.03642552694181146,-0.010328732789241162,-0.17022121122879247,-0.5533817914464222
cn,midpoint,trustworthy,190,632,0.0005244775677142044,-0.0008253357481178957,-0.03642552694181146,-0.010328732789241162,0.4544974804128541,-1.0227472197864373
cn,midpoint,trustworthy,191,664,-0.0008943085472858381,0.0004504913316567896,-0.03642552694181146,-0.010328732789241162,-0.7751600238859384,0.5591871280061881
cn,midpoint,trustworthy,192,744,-0.00021329630732217636,0.00034914274090427563,-0.03642552694181146,-0.010328732789241162,-0.18492883784799102,0.43352212265131346
cn,midpoint,trustworthy,193,762,-0.00022724392834845564,4.013551403034971e-06,-0.03642552694181146,-0.010328732789241162,-0.19701719752444544,0.005586606974484678
cn,midpoint,trustworthy,194,748,-0.0013201173133197616,-0.00012071849522996003,-0.03642552694181146,-0.010328732789241162,-1.1442071543970846,-0.14907221158112488
cn,midpoint,trustworthy,195,681,-0.0008852073684764983,-0.0006841064262797739,-0.03642552694181146,-0.010328732789241162,-0.7672720605752251,-0.8476329596543826
cn,midpoint,trustworthy,196,777,-0.0005260796333021456,0.0009394129164536878,-0.03642552694181146,-0.010328732789241162,-0.4560171717021697,1.165414931623595
cn,midpoint,trustworthy,197,889,0.0003037337104499563,0.00016603374831946835,-0.03642552694181146,-0.010328732789241162,0.2631794672584639,0.2064800655013996
cn,midpoint,trustworthy,198,596,-0.00524109807435004,-0.0009910450174349262,-0.03642552694181146,-0.010328732789241162,-4.5425089604532625,-1.2282148642939703
cn,midpoint,trustworthy,199,876,-0.00016464157125819362,0.0001537660311685153,-0.03642552694181146,-0.010328732789241162,-0.14275992973124385,0.19126897346726238
cn,midpoint,trustworthy,200,616,0.0001792238239472499,0.00204956137846702,-0.03642552694181146,-0.010328732789241162,0.1552671366550317,2.5419196406459132
cn,midpoint,trustworthy,201,664,0.002990384342691936,-0.001725796795891528,-0.03642552694181146,-0.010328732789241162,2.5916911974182613,-2.1392545293616583
cn,midpoint,trustworthy,202,996,0.00037019325448162804,7.093722167993144e-05,-0.03642552694181146,-0.010328732789241162,0.32077974695306666,0.08856717257751895
cn,midpoint,trustworthy,203,1000,0.00010725231787140493,2.794092068725447e-05,-0.03642552694181146,-0.010328732789241162,0.09288965663448169,0.0352548339020004
cn,midpoint,trustworthy,204,633,-0.00020135322921139426,-5.200615282298891e-05,-0.03642552694181146,-0.010328732789241162,-0.17457780926934624,-0.06387382044016254
cn,midpoint,trustworthy,205,625,-0.0019390306570059787,0.0025318605770334717,-0.03642552694181146,-0.010328732789241162,-1.6806174205592903,3.139936158887451
cn,midpoint,trustworthy,206,601,-0.0014245274559058427,-0.000901210543750185,-0.03642552694181146,-0.010328732789241162,-1.2346990995877647,-1.116826540758102
cn,midpoint,trustworthy,207,918,0.00011849411669229148,0.00033930157051984856,-0.03642552694181146,-0.010328732789241162,0.10263288863807375,0.42131977509152185
cn,midpoint,trustworthy,208,658,-0.0003585202434478185,0.0007709146385801082,-0.03642552694181146,-0.010328732789241162,-0.3107939707053838,0.9564891159408023
cn,midpoint,trustworthy,209,796,-0.0018347761392448689,0.000308985954179471,-0.03642552694181146,-0.010328732789241162,-1.5902603549194165,0.38373057862156135
cn,midpoint,trustworthy,210,996,0.00040031736660032374,-7.408165995800853e-06,-0.03642552694181146,-0.010328732789241162,0.3468882210461411,-0.008575505862303486
cn,midpoint,trustworthy,211,700,-3.394114455424618e-05,0.0009040984985067384,-0.03642552694181146,-0.010328732789241162,-0.029482277227886485,1.12162757861299
cn,midpoint,trustworthy,212,686,0.0015412343880093701,-0.0016096853886485765,-0.03642552694181146,-0.010328732789241162,1.3357174478939229,-1.9952846872098513
cn,midpoint,trustworthy,213,1082,0.0010661695099745058,0.00011643563151550809,-0.03642552694181146,-0.010328732789241162,0.9239801986156241,0.14498194729883587
cn,midpoint,trustworthy,214,1084,0.0003477210189680377,-0.0006316775044221436,-0.03642552694181146,-0.010328732789241162,0.30130313046696905,-0.7826248456088896
cn,midpoint,trustworthy,215,1041,-0.0007234845505295628,0.0013277970801609564,-0.03642552694181146,-0.010328732789241162,-0.6271073982612084,1.6469835222634384
cn,midpoint,trustworthy,216,609,0.004366533902521015,-0.0007238388215732722,-0.03642552694181146,-0.010328732789241162,3.784395732224944,-0.8968982886564595
cn,midpoint,trustworthy,217,1225,-0.0009583115016825253,-2.1078243313748385e-05,-0.03642552694181146,-0.010328732789241162,-0.8306311849997314,-0.025525424224328814
cn,midpoint,trustworthy,218,848,7.936646808230641e-05,-0.0004706837773491932,-0.03642552694181146,-0.010328732789241162,0.06872107752704315,-0.583004136287663
cn,midpoint,trustworthy,219,744,-0.0001971006233963679,0.000561533245804614,-0.03642552694181146,-0.010328732789241162,-0.17089208906248357,0.6968711612265093
cn,midpoint,trustworthy,220,732,9.600618140898076e-06,0.0004314396764702501,-0.03642552694181146,-0.010328732789241162,0.00825523280439893,0.5355644379099637
cn,midpoint,trustworthy,221,996,0.00046687229681602327,-2.6432399010413096e-05,-0.03642552694181146,-0.010328732789241162,0.40457117164917467,-0.03216419442622739
cn,midpoint,trustworthy,222,1084,-3.3791930294790884e-05,-2.5459275136792067e-05,-0.03642552694181146,-0.010328732789241162,-0.02935295369423491,-0.030957590408534037
cn,midpoint,trustworthy,223,1041,0.0012808461144774089,5.428761256687925e-05,-0.03642552694181146,-0.010328732789241162,1.1100397427100281,0.06792284784825404
cn,midpoint,trustworthy,224,739,-0.0007128861301550146,3.865177345296032e-05,-0.03642552694181146,-0.010328732789241162,-0.617921780352003,0.0485355254258173
cn,midpoint,trustworthy,225,632,0.001128443915316718,0.0004387674255072766,-0.03642552694181146,-0.010328732789241162,0.9779532316508353,0.5446503227273041
cn,midpoint,trustworthy,226,816,0.0011304267756480565,-0.0006695481230713004,-0.03642552694181146,-0.010328732789241162,0.9796717705205271,-0.8295817047028643
cn,midpoint,trustworthy,227,1225,0.0006523065461075186,0.0010205452132883985,-0.03642552694181146,-0.010328732789241162,0.5652864576141021,1.2660131781358122
cn,midpoint,trustworthy,228,567,-0.00016911715594225551,-3.687362752509242e-05,-0.03642552694181146,-0.010328732789241162,-0.14663890502899782,-0.04511057115891126
cn,midpoint,trustworthy,229,861,-0.000262533384305777,-0.00032358744564675405,-0.03642552694181146,-0.010328732789241162,-0.22760245902493642,-0.40061520345870894
cn,midpoint,trustworthy,230,543,-5.583729524104297e-06,0.000305990529080662,-0.03642552694181146,-0.010328732789241162,-0.004904993995643764,0.3800164656942178
cn,midpoint,trustworthy,231,606,-0.002323045858356597,0.0016075108822172605,-0.03642552694181146,-0.010328732789241162,-2.013442198806845,1.9938086351954196
cn,midpoint,trustworthy,232,732,-0.001362892733816734,-0.0009215298787332866,-0.03642552694181146,-0.010328732789241162,-1.1812804780344794,-1.1420210631535266
cn,midpoint,trustworthy,233,616,-0.0020265300652761026,0.00028343997675079474,-0.03642552694181146,-0.010328732789241162,-1.7564528850197374,0.3520553933374435
cn,midpoint,trustworthy,234,700,-0.0007175649178707416,-0.0007855406310557454,-0.03642552694181146,-0.010328732789241162,-0.6219768710840295,-0.9734041202763047
cn,midpoint,trustworthy,235,681,0.000887755176387818,-0.00012228303147221106,-0.03642552694181146,-0.010328732789241162,0.7693490517148581,-0.15101212464553515
cn,midpoint,trustworthy,236,1041,0.00013005332417617005,-4.845267178701408e-05,-0.03642552694181146,-0.010328732789241162,0.11265121774069373,-0.05946775805588469
cn,midpoint,trustworthy,237,549,-0.0008762138545864301,0.0010213181641457476,-0.03642552694181146,-0.010328732789241162,-0.7594774101145124,1.266971581927188
cn,midpoint,trustworthy,238,744,0.00023606846867928188,-5.299629710860121e-06,-0.03642552694181146,-0.010328732789241162,0.20453421309096076,-0.0059610716450082465
cn,midpoint,trustworthy,239,708,-0.0006534748424938466,0.0007065547279616786,-0.03642552694181146,-0.010328732789241162,-0.5664302024881984,0.8766874289863779
cn,midpoint,trustworthy,240,816,-0.0006073104417211941,-0.000364652095927993,-0.03642552694181146,-0.010328732789241162,-0.5264196602074491,-0.45153243337944116
cn,midpoint,trustworthy,241,956,0.0007309918826696182,-0.0006679044709861671,-0.03642552694181146,-0.010328732789241162,0.6334827935937921,-0.8275436936506514
cn,midpoint,trustworthy,242,568,0.000597853000590301,0.0003173036988722497,-0.03642552694181146,-0.010328732789241162,0.5180917394159187,0.39404398725997974
cn,midpoint,trustworthy,243,1041,-0.0001815996053933719,0.0007621439078495489,-0.03642552694181146,-0.010328732789241162,-0.15745740506738812,0.9456140370074076
cn,midpoint,trustworthy,244,961,-0.00038868047357229485,-7.323259732741443e-05,-0.03642552694181146,-0.010328732789241162,-0.33693374816150845,-0.09019309377694958
cn,midpoint,trustworthy,245,696,0.0003408674274455806,0.0002409402990316608,-0.03642552694181146,-0.010328732789241162,0.29536314405331027,0.2993588320088595
cn,midpoint,trustworthy,246,744,-0.00015453103415107028,0.0006447786358499442,-0.03642552694181146,-0.010328732789241162,-0.1339971587294532,0.8000894922180092
cn,midpoint,trustworthy,247,700,0.001537341946022952,0.00013174949070461454,-0.03642552694181146,-0.010328732789241162,1.3323438805548835,0.1639700376384652
cn,midpoint,trustworthy,248,904,-0.000389162701835033,-0.00017650692227543646,-0.03642552694181146,-0.010328732789241162,-0.3373516938939847,-0.21824587182993233
cn,midpoint,trustworthy,249,632,0.0008148300917965937,-0.0001116433211534023,-0.03642552694181146,-0.010328732789241162,0.7061451081668056,-0.13781964466865643
cn,midpoint,trustworthy,250,952,-0.0005118708674505049,0.00020440841661572597,-0.03642552694181146,-0.010328732789241162,-0.4437024786194185,0.25406191011447954
cn,midpoint,trustworthy,251,721,0.001329735884673236,-0.00024036683179881613,-0.03642552694181146,-0.010328732789241162,1.1524123541763736,-0.2974275931802931
cn,midpoint,trustworthy,252,664,9.087213672557409e-05,0.0002863603272577446,-0.03642552694181146,-0.010328732789241162,0.07869300468335663,0.35567641913927356
cn,midpoint,trustworthy,253,664,-0.0006624937699557312,0.0004986449388040149,-0.03642552694181146,-0.010328732789241162,-0.5742468788124042,0.6188941575275876
cn,midpoint,trustworthy,254,721,0.0017079047089738342,0.0004180969869524171,-0.03642552694181146,-0.010328732789241162,1.4801700956546007,0.519020457009417
cn,midpoint,trustworthy,255,889,3.1023068750392346e-05,-4.2521910130027124e-05,-0.03642552694181146,-0.010328732789241162,0.026822003985715492,-0.05211403769480247
cn,midpoint,trustworthy,256,681,1.612216159787433e-05,0.0005408646257213968,-0.03642552694181146,-0.010328732789241162,0.01390743419451565,0.6712435502834245
cn,midpoint,trustworthy,257,606,0.00048022729895989824,-0.0019287557874014243,-0.03642552694181146,-0.010328732789241162,0.4161459103871146,-2.3909091657560815
cn,midpoint,trustworthy,258,856,-0.0007365343168939525,0.0002999233605638016,-0.03642552694181146,-0.010328732789241162,-0.6384175901003196,0.37249361058099784
cn,midpoint,trustworthy,259,913,-0.0002138415854093939,0.00056716601485194,-0.03642552694181146,-0.010328732789241162,-0.18540142866685222,0.7038553920603006
cn,midpoint,trustworthy,260,876,0.0012275954799005756,0.0003386692858766763,-0.03642552694181146,-0.010328732789241162,1.0638875836750676,0.42053578734704417
cn,midpoint,trustworthy,261,816,0.0003385923751867831,-0.00040760782564122806,-0.03642552694181146,-0.010328732789241162,0.29339136335069027,-0.5047944665696
cn,midpoint,trustworthy,262,889,0.000505022601054006,0.0003584125587757364,-0.03642552694181146,-0.010328732789241162,0.4376359214388328,0.44501603395098227
cn,midpoint,trustworthy,263,796,3.4783672064025994e-05,0.0002702744228489564,-0.03642552694181146,-0.010328732789241162,0.030081307157920827,0.3357310479342158
cn,midpoint,trustworthy,264,606,-0.0010236433056693278,0.001013459902162511,-0.03642552694181146,-0.010328732789241162,-0.887254055911988,1.2572278989921697
cn,midpoint,trustworthy,265,1041,-8.744436508834053e-05,0.0005342504697928348,-0.03642552694181146,-0.010328732789241162,-0.07585335172483446,0.6630424698933639
cn,midpoint,trustworthy,266,1038,-0.0005459192577531441,0.0004886750469857808,-0.03642552694181146,-0.010328732789241162,-0.47321211238471184,0.6065322045944154
cn,midpoint,trustworthy,267,796,0.00016179424801460868,0.00024210933055960476,-0.03642552694181146,-0.010328732789241162,0.14016097751256132,0.3008083475090585
cn,midpoint,trustworthy,268,924,0.00026666822156103803,-0.0009399665887292949,-0.03642552694181146,-0.010328732789241162,0.23105492355107046,-1.1648812651866485
cn,midpoint,trustworthy,269,606,-0.0018124295623279316,0.0006781024725402585,-0.03642552694181146,-0.010328732789241162,-1.5708926463474298,0.841408666811756
cn,midpoint,trustworthy,270,1000,-0.00030144271218658647,-5.134023217088016e-05,-0.03642552694181146,-0.010328732789241162,-0.2613250522403755,-0.06304812644982857
cn,midpoint,trustworthy,271,795,0.0006041870549849809,-0.00043791602426561035,-0.03642552694181146,-0.010328732789241162,0.5235814446200429,-0.5423744656021483
cn,midpoint,trustworthy,272,769,-0.0009221746789841445,0.0005872753381373254,-0.03642552694181146,-0.010328732789241162,-0.7993115133855379,0.728789514967956
cn,midpoint,trustworthy,273,588,-0.00012902005355520246,2.0946405696142464e-05,-0.03642552694181146,-0.010328732789241162,-0.11188687135063373,0.026582135472880526
cn,midpoint,trustworthy,274,1082,-0.0006656052448512847,4.8762145853809e-05,-0.03642552694181146,-0.010328732789241162,-0.5769435844076338,0.06107166423602479
cn,midpoint,trustworthy,275,609,0.004388082337524531,2.5472472219349035e-05,-0.03642552694181146,-0.010328732789241162,3.803071693687935,0.03219413431422765
cn,midpoint,trustworthy,276,648,0.0005444893319767052,-0.0004187132091158386,-0.03642552694181146,-0.010328732789241162,0.4718416141335607,-0.5185643479605778
cn,midpoint,trustworthy,277,1041,0.0006071097492934482,-6.647780578548056e-05,-0.03642552694181146,-0.010328732789241162,0.5261145346687696,-0.0818176352828005
cn,midpoint,trustworthy,278,600,-9.913919500203344e-05,0.0008270644723678711,-0.03642552694181146,-0.010328732789241162,-0.0859892243647144,1.026110894706774
cn,midpoint,trustworthy,279,825,0.00011364037944510547,-0.00024964928200008236,-0.03642552694181146,-0.010328732789241162,0.09842616969235256,-0.30893716766561513
cn,midpoint,trustworthy,280,636,0.00012591473659681607,0.0009103948370492859,-0.03642552694181146,-0.010328732789241162,0.10906431678335651,1.1294345881707002
cn,midpoint,trustworthy,281,721,0.0014778364042646042,-0.0009275900650600605,-0.03642552694181146,-0.010328732789241162,1.280770612958791,-1.149535260850318
cn,midpoint,trustworthy,282,616,-0.00016888398922837444,0.0006539737335246824,-0.03642552694181146,-0.010328732789241162,-0.14643682016472878,0.8114907558167919
cn,midpoint,trustworthy,283,816,-3.6594772062290004e-05,-0.0012438260034632227,-0.03642552694181146,-0.010328732789241162,-0.031782167919218555,-1.5416452112479404
cn,midpoint,trustworthy,284,758,0.000366842971141354,0.000855531568360943,-0.03642552694181146,-0.010328732789241162,0.3178760668230316,1.0614080581290328
cn,midpoint,trustworthy,285,576,0.0013680899244124592,-0.003701435346401681,-0.03642552694181146,-0.010328732789241162,1.1856536808900258,-4.588905059139713
cn,midpoint,trustworthy,286,825,0.0016459970724436168,-0.0003730540148792205,-0.03642552694181146,-0.010328732789241162,1.42651494000573,-0.4619502120792504
cn,midpoint,trustworthy,287,996,0.00017186315321845308,-0.00030871840610144884,-0.03642552694181146,-0.010328732789241162,0.14888766627352376,-0.3821786576694793
cn,midpoint,trustworthy,288,825,0.0006684059766967482,-9.21440626209559e-06,-0.03642552694181146,-0.010328732789241162,0.5792397839327651,-0.01081511463289202
cn,midpoint,trustworthy,289,1041,-0.0003728633821010116,-0.0004330868942370031,-0.03642552694181146,-0.010328732789241162,-0.32322512427647465,-0.5363866896853996
cn,midpoint,trustworthy,290,648,-0.0015203895791968125,0.00011913877394204367,-0.03642552694181146,-0.010328732789241162,-1.3177825030948207,0.1483336506129459
cn,midpoint,trustworthy,291,769,0.0005411791109329184,0.0005949505052584049,-0.03642552694181146,-0.010328732789241162,0.4689726558710391,0.7383061733665445
cn,midpoint,trustworthy,292,769,0.0011063832669332557,-0.0005635902963594414,-0.03642552694181146,-0.010328732789241162,0.9588333364477301,-0.6982015763530643
cn,midpoint,trustworthy,293,913,0.0005615731573616473,-0.00017362976123444507,-0.03642552694181146,-0.010328732789241162,0.4866481123538534,-0.21467839787752266
cn,midpoint,trustworthy,294,708,0.0010929267656507868,-0.0005694042645924408,-0.03642552694181146,-0.010328732789241162,0.9471706287226874,-0.7054104812200006
cn,midpoint,trustworthy,295,721,-0.0015000020444705595,0.0008174423402508482,-0.03642552694181146,-0.010328732789241162,-1.3001126902842488,1.014180138935698
cn,midpoint,trustworthy,296,786,-0.0013309951570046469,0.00029822358087901527,-0.03642552694181146,-0.010328732789241162,-1.1536349476185512,0.3703860053187561
cn,midpoint,trustworthy,297,1225,0.0006754832967126104,0.0007479039432367295,-0.03642552694181146,-0.010328732789241162,0.5853736751344201,0.9279574991509225
cn,midpoint,trustworthy,298,961,-0.0009086483688210273,0.00029658830913214737,-0.03642552694181146,-0.010328732789241162,-0.7875883025211929,0.36835838528673576
cn,midpoint,trustworthy,299,825,-0.0004894092887228821,0.0008704369709307339,-0.03642552694181146,-0.010328732789241162,-0.4242350983365077,1.079889691468398
cn,midpoint,trustworthy,300,882,-0.00028907813899330115,0.00017120491266135567,-0.03642552694181146,-0.010328732789241162,-0.2506087151872923,0.21289193950861748
cn,midpoint,trustworthy,301,732,-0.0008994587322290748,-0.0007431755695689549,-0.03642552694181146,-0.010328732789241162,-0.7796236731259633,-0.9208744734497646
cn,midpoint,trustworthy,302,744,0.0006563905438148332,0.0002874308643342101,-0.03642552694181146,-0.010328732789241162,0.5688260456994693,0.3570038085627253
cn,midpoint,trustworthy,303,816,0.00011860841007647893,4.656133424600639e-05,-0.03642552694181146,-0.010328732789241162,0.10273194635795974,0.0583428152167529
cn,midpoint,trustworthy,304,913,-0.000428803655593675,-0.0001222063175653227,-0.03642552694181146,-0.010328732789241162,-0.371708384977668,-0.15091700488660867
cn,midpoint,trustworthy,305,686,0.00013340829098399537,0.00087493604369847,-0.03642552694181146,-0.010328732789241162,0.11555895701745966,1.085468219983216
cn,midpoint,trustworthy,306,796,0.0006576654132649379,2.0546031203074605e-05,-0.03642552694181146,-0.010328732789241162,0.5699309710788119,0.0260856997312313
cn,midpoint,trustworthy,307,549,-0.0029608412106235243,0.0015339179379805935,-0.03642552694181146,-0.010328732789241162,-2.5662174429611735,1.9025586467849753
cn,midpoint,trustworthy,308,756,-0.0004349127947617798,5.067770782461907e-05,-0.03642552694181146,-0.010328732789241162,-0.37700315685585595,0.06344682410289713
cn,midpoint,trustworthy,309,856,0.0001105244109230602,4.278865710960825e-05,-0.03642552694181146,-0.010328732789241162,0.09572556948504671,0.05366496534210207
cn,midpoint,trustworthy,310,515,-0.0009197784600589592,-4.318251184450353e-05,-0.03642552694181146,-0.010328732789241162,-0.797234717910769,-0.05293313658281594
cn,midpoint,trustworthy,311,1041,0.00046389264831286914,-0.0006471526123302748,-0.03642552694181146,-0.010328732789241162,0.40198871957740767,-0.8018128728296267
cn,midpoint,trustworthy,312,1081,-0.00018011544446058791,0.00045375220461144235,-0.03642552694181146,-0.010328732789241162,-0.15617108741225313,0.5632303772932813
cn,midpoint,trustworthy,314,681,-0.001185448426648389,0.0006778160006132815,-0.03642552694181146,-0.010328732789241162,-1.027490050007455,0.8410534621071785
cn,midpoint,trustworthy,315,1041,0.0006681102191075788,8.682894583910729e-05,-0.03642552694181146,-0.010328732789241162,0.5789834517519449,0.10827177415838983
cn,midpoint,trustworthy,316,889,0.00017455911528546642,-0.00036116341010726874,-0.03642552694181146,-0.010328732789241162,0.1512242481951813,-0.44720671242873405
cn,midpoint,trustworthy,317,1041,0.0004833794989988552,0.00031803059082828253,-0.03642552694181146,-0.010328732789241162,0.4188779123372142,0.39494528130727774
cn,midpoint,trustworthy,318,990,5.1706855555153086e-05,-0.0001258999540443423,-0.03642552694181146,-0.010328732789241162,0.04474857754947611,-0.15549684999810512
cn,midpoint,trustworthy,319,758,-0.0010940336945001808,0.0004447571590824595,-0.03642552694181146,-0.010328732789241162,-0.9482611865437717,0.5520771640500184
cn,midpoint,trustworthy,320,961,0.00015528684864974523,0.00010606045560359288,-0.03642552694181146,-0.010328732789241162,0.13452103476299948,0.132117471070327
cn,midpoint,trustworthy,321,769,0.0005552684116113538,-0.0008186597340328582,-0.03642552694181146,-0.010328732789241162,0.48118380886048007,-1.0144694397056653
cn,midpoint,trustworthy,322,825,0.0008000627530678761,-0.00012474487960301324,-0.03642552694181146,-0.010328732789241162,0.6933463017122548,-0.15406464028727307
cn,midpoint,trustworthy,323,991,2.453517878219652e-05,-0.000350595334765608,-0.03642552694181146,-0.010328732789241162,0.021198969969445453,-0.43410305470108507
cn,midpoint,trustworthy,324,889,0.000343150266348298,-0.0009875281232095395,-0.03642552694181146,-0.010328732789241162,0.29734167341594897,-1.2238541669385925
cn,midpoint,trustworthy,325,553,0.0008898687540357803,0.0009504541341424193,-0.03642552694181146,-0.010328732789241162,0.7711808828754941,1.179105252028414
cn,midpoint,trustworthy,326,848,-0.0003181744002813264,-0.0005668955709597304,-0.03642552694181146,-0.010328732789241162,-0.2758263541686673,-0.7022998805056985
cn,midpoint,trustworthy,327,889,-0.00023123542490811888,-1.837777957354632e-05,-0.03642552694181146,-0.010328732789241162,-0.20047661515341808,-0.022177042289726338
cn,midpoint,trustworthy,328,1128,-6.7337869614422785e-06,-0.0002561603761744753,-0.03642552694181146,-0.010328732789241162,-0.005901745192491532,-0.31701045885018825
cn,midpoint,trustworthy,329,841,5.592598809951721e-05,-2.6397373726384094e-05,-0.03642552694181146,-0.010328732789241162,0.048405286576973496,-0.03212076557859981
cn,midpoint,attractive,0,1000,-0.0011167329371388687,-0.0003521790353240503,0.044158850550789865,-0.026828225698787667,-0.8316072863298948,-0.27078618823541784
cn,midpoint,attractive,2,681,-0.0024584726091821663,-0.0019204853009476622,0.044158850550789865,-0.026828225698787667,-1.8299016511878103,-1.4771053734513642
cn,midpoint,attractive,3,909,-0.00020324601704062306,-0.000790156419473928,0.044158850550789865,-0.026828225698787667,-0.15194575160256485,-0.6076722498240361
cn,midpoint,attractive,4,1082,-0.00011036711659007103,-0.00016862946927510836,0.044158850550789865,-0.026828225698787667,-0.08284107737557117,-0.12960243617353576
cn,midpoint,attractive,5,700,-0.0007164577129126562,-0.0002815948542390853,0.044158850550789865,-0.026828225698787667,-0.5337905719081333,-0.2164938260342808
cn,midpoint,attractive,6,825,-0.0004343012574544447,0.001292732339835602,0.044158850550789865,-0.026828225698787667,-0.323857747112649,0.9944565729072937
cn,midpoint,attractive,7,825,0.00011626270068942901,-1.1407202357066604e-05,0.044158850550789865,-0.026828225698787667,0.08577827123052953,-0.008669273382809558
cn,midpoint,attractive,8,825,0.00032744683035270533,-0.0007409298449207041,0.044158850550789865,-0.026828225698787667,0.242905567220231,-0.5698078590429381
cn,midpoint,attractive,9,732,0.0002278145174399726,0.0001179532885281151,0.044158850550789865,-0.026828225698787667,0.16877615254243944,0.09083300202364393
cn,midpoint,attractive,10,541,-0.002866432926902737,-0.002979855122808385,0.044158850550789865,-0.026828225698787667,-2.1334363045575504,-2.291957783571168
cn,midpoint,attractive,11,848,0.0006133882406788096,0.0009753306367177687,0.044158850550789865,-0.026828225698787667,0.4556545114124867,0.7503156341863679
cn,midpoint,attractive,12,816,0.000151260340302585,0.0009972344163356739,0.044158850550789865,-0.026828225698787667,0.1118175597282273,0.7671637142846224
cn,midpoint,attractive,13,1084,-0.00021208070202170803,0.0014796446735612333,0.044158850550789865,-0.026828225698787667,-0.1585190209301989,1.138226918705828
cn,midpoint,attractive,14,609,-0.008989739068162708,-0.002532275338452964,0.044158850550789865,-0.026828225698787667,-6.689358844889531,-1.9476856904108004
cn,midpoint,attractive,15,758,-0.00039435458656987554,-0.00017066414553234058,0.044158850550789865,-0.026828225698787667,-0.29413623162807717,-0.13116748061581288
cn,midpoint,attractive,16,1000,-0.00026496363738410383,-0.0007778817177725404,0.044158850550789865,-0.026828225698787667,-0.19786550331379615,-0.5982307214186778
cn,midpoint,attractive,17,700,-0.002215036146070458,0.0011751107757812691,0.044158850550789865,-0.026828225698787667,-1.6487776564301164,0.9039837153896149
cn,midpoint,attractive,18,758,0.00033211051053371604,-0.0008399018141443081,0.044158850550789865,-0.026828225698787667,0.24637548447855612,-0.6459357097631935
cn,midpoint,attractive,19,856,9.364881929530694e-05,-0.001913854408686473,0.044158850550789865,-0.026828225698787667,0.06895286848385661,-1.4720049841172749
cn,midpoint,attractive,20,744,-0.00022892748139346358,2.6057048621009465e-05,0.044158850550789865,-0.026828225698787667,-0.17105352763313958,0.020147703061920662
cn,midpoint,attractive,21,686,-0.00039583502716274144,-0.0008098893994718387,0.044158850550789865,-0.026828225698787667,-0.29523772361803546,-0.6228505812984033
cn,midpoint,attractive,22,786,0.0003962733373828395,-5.089374365896751e-05,0.044158850550789865,-0.026828225698787667,0.2941145428156246,-0.03904176718354322
cn,midpoint,attractive,23,652,0.00044352054328656437,-0.00012820748370648283,0.044158850550789865,-0.026828225698787667,0.32926787426414733,-0.09851041176173139
cn,midpoint,attractive,24,956,-8.763543893227504e-05,-0.0003499590199188725,0.044158850550789865,-0.026828225698787667,-0.06592803069268824,-0.2690785835197815
cn,midpoint,attractive,25,1041,0.0008923580652275345,0.0017602973925031733,0.044158850550789865,-0.026828225698787667,0.6632163876953001,1.35410105417519
cn,midpoint,attractive,26,961,0.0001992263199621716,0.0008711592024653256,0.044158850550789865,-0.026828225698787667,0.14750568030539804,0.670188427884469
cn,midpoint,attractive,27,636,-0.0031110837842864905,0.002782745150670639,0.044158850550789865,-0.026828225698787667,-2.3154638449014397,2.1405535307059824
cn,midpoint,attractive,28,649,0.00013651210706022016,-0.0005932428243339352,0.044158850550789865,-0.026828225698787667,0.10084443398391532,-0.45620907400565436
cn,midpoint,attractive,29,604,0.0009961748964539344,-0.002567619259213439,0.044158850550789865,-0.026828225698787667,0.7404592088998712,-1.9748717385881693
cn,midpoint,attractive,30,924,5.706678146430444e-05,0.0008623311393462334,0.044158850550789865,-0.026828225698787667,0.0417347404202404,0.6633980055401295
cn,midpoint,attractive,31,918,0.0011095431326613586,0.0003911362347180161,0.044158850550789865,-0.026828225698787667,0.8248085605050167,0.3009614930500153
cn,midpoint,attractive,32,961,-0.0007409870931565574,0.00015748701061017722,0.044158850550789865,-0.026828225698787667,-0.5520411629737252,0.1212417866188031
cn,midpoint,attractive,33,648,0.001220412521329893,7.452467643648611e-05,0.044158850550789865,-0.026828225698787667,0.9072986949544871,0.057428322655993944
cn,midpoint,attractive,34,1038,-0.0004081677130848005,-0.0004816670757290392,0.044158850550789865,-0.026828225698787667,-0.3044136100556818,-0.3703865729437221
cn,midpoint,attractive,35,606,0.000628124906938192,0.0017394131428830756,0.044158850550789865,-0.026828225698787667,0.46661903097620305,1.338037182253117
cn,midpoint,attractive,36,769,0.00010510533138764072,0.0026250937022713854,0.044158850550789865,-0.026828225698787667,0.07747685543975122,2.019290247538852
cn,midpoint,attractive,37,856,0.0007789678123234292,-0.0006951096439770516,0.044158850550789865,-0.026828225698787667,0.5788506550106595,-0.5345636030705249
cn,midpoint,attractive,38,918,0.0005120989810338886,-0.00038657148846566944,0.044158850550789865,-0.026828225698787667,0.3802922789086452,-0.2972403808639721
cn,midpoint,attractive,39,606,-0.0010475150943820705,0.0007755079141149417,0.044158850550789865,-0.026828225698787667,-0.7801071452730958,0.5966147983218725
cn,midpoint,attractive,40,649,0.0005979177369762542,-0.0014286049318570915,0.044158850550789865,-0.026828225698787667,0.4441439948871348,-1.0987578917947032
cn,midpoint,attractive,41,918,0.00043531769967770917,0.0006825269638646853,0.044158850550789865,-0.026828225698787667,0.32316471377694167,0.5250951553764347
cn,midpoint,attractive,42,796,-8.430290436081678e-07,0.0007781178642667919,0.044158850550789865,-0.026828225698787667,-0.0013518871160834553,0.5986223353761112
cn,midpoint,attractive,43,1000,0.000254397074224387,-0.0008201130374229475,0.044158850550789865,-0.026828225698787667,0.18855436823832303,-0.6307144602316552
cn,midpoint,attractive,44,578,0.002161344640178038,0.0015712995192586413,0.044158850550789865,-0.026828225698787667,1.6073802767485523,1.208726540626822
cn,midpoint,attractive,45,1038,0.0001522389129330129,-0.0007639446754576402,0.044158850550789865,-0.026828225698787667,0.11254564697414784,-0.5875105439264676
cn,midpoint,attractive,46,856,-0.0002270408329623566,-0.0005133734379615222,0.044158850550789865,-0.026828225698787667,-0.16964980488685313,-0.3947746621153495
cn,midpoint,attractive,47,541,0.000618006976192402,-0.0010525935983515915,0.044158850550789865,-0.026828225698787667,0.45909098849672364,-0.8095352473350423
cn,midpoint,attractive,48,1041,0.002060584371323379,-0.0003965084907295198,0.044158850550789865,-0.026828225698787667,1.5324116291822243,-0.3048837836464321
cn,midpoint,attractive,49,636,0.0006070521103673163,0.000721462734769928,0.044158850550789865,-0.026828225698787667,0.45094024133702815,0.5550440043121945
cn,midpoint,attractive,50,889,8.66728742721784e-05,0.0012774645916284084,0.044158850550789865,-0.026828225698787667,0.06376255716546017,0.9827128351048688
cn,midpoint,attractive,51,648,0.0022472079677853946,0.0037852870524732844,0.044158850550789865,-0.026828225698787667,1.6712651553761906,2.91169470168544
cn,midpoint,attractive,52,570,0.000719474906872429,-8.441213545341483e-05,0.044158850550789865,-0.026828225698787667,0.5345861575837385,-0.06482364408189807
cn,midpoint,attractive,53,1041,-0.0003734930181597748,-0.0006605139913697308,0.044158850550789865,-0.026828225698787667,-0.2786146020453533,-0.5079531122626708
cn,midpoint,attractive,54,918,0.000319876481744856,0.0020020346047610153,0.044158850550789865,-0.026828225698787667,0.23727300189277298,1.540041927663507
cn,midpoint,attractive,55,786,-0.0005200838313438247,-0.0007469959843310094,0.044158850550789865,-0.026828225698787667,-0.38768254256373885,-0.5744738484043566
cn,midpoint,attractive,56,354,0.0003582701386380255,0.00099954832246189,0.044158850550789865,-0.026828225698787667,0.26583902861267344,0.7689435384261355
cn,midpoint,attractive,57,1129,-0.0005406869298572453,0.0004588657797975314,0.044158850550789865,-0.026828225698787667,-0.40301186282840534,0.35305810926985776
cn,midpoint,attractive,58,889,-0.00022663833068994194,-0.0009526798323657784,0.044158850550789865,-0.026828225698787667,-0.16935033118210518,-0.7326829797532783
cn,midpoint,attractive,59,587,-8.576317766489927e-06,0.0001693551684362228,0.044158850550789865,-0.026828225698787667,-0.00710568475263646,0.1303706071767167
cn,midpoint,attractive,60,796,-0.0004416061624628112,0.0010149274259669099,0.044158850550789865,-0.026828225698787667,-0.32929281447901015,0.7807729291619752
cn,midpoint,attractive,61,596,0.001862937002478783,-0.002508536844678066,0.044158850550789865,-0.026828225698787667,1.385356087293032,-1.9294263739134565
cn,midpoint,attractive,62,636,0.0017479751378399327,-0.0009669028008738034,0.044158850550789865,-0.026828225698787667,1.299821028567557,-0.7436230876633431
cn,midpoint,attractive,63,601,0.002733873733936104,0.0005520523553012545,0.044158850550789865,-0.026828225698787667,2.0333590116140763,0.42473591627652446
cn,midpoint,attractive,64,616,0.001822776455761961,0.0018821103762869697,0.044158850550789865,-0.026828225698787667,1.3554754418054005,1.4477978929673008
cn,midpoint,attractive,65,588,-0.0037419344690940506,0.001333677688467684,0.044158850550789865,-0.026828225698787667,-2.7848355843172374,1.0259511608477403
cn,midpoint,attractive,66,856,0.00037758382102449223,-0.00033052508192776137,0.044158850550789865,-0.026828225698787667,0.2802089847918056,-0.25413027096320795
cn,midpoint,attractive,67,1176,-0.00021867938987991942,0.0003379673130060219,0.044158850550789865,-0.026828225698787667,-0.16342864165735305,0.26006470412280946
cn,midpoint,attractive,68,649,-0.004201845145435028,-0.005000898168435235,0.044158850550789865,-0.026828225698787667,-3.127022855138559,-3.8465157506768435
cn,midpoint,attractive,69,1225,0.00016440076024480665,-0.0015440461304136906,0.044158850550789865,-0.026828225698787667,0.12159442438648803,-1.1875536427494917
cn,midpoint,attractive,70,1129,-0.0005432315089272804,-0.0006454643293223664,0.044158850550789865,-0.026828225698787667,-0.40490510560826815,-0.496377123275894
cn,midpoint,attractive,71,1129,-0.0010586395374294136,-0.0006406970097446799,0.044158850550789865,-0.026828225698787667,-0.788384062947769,-0.4927101679147662
cn,midpoint,attractive,72,588,-0.0005476907617648491,0.001966004558094491,0.044158850550789865,-0.026828225698787667,-0.4082229228212318,1.5123281210615984
cn,midpoint,attractive,73,795,-0.00020294580843678578,-0.0004123793663751048,0.044158850550789865,-0.026828225698787667,-0.15172238744054659,-0.3170914386160645
cn,midpoint,attractive,74,924,-0.0001560321208731938,-0.0008471376338926931,0.044158850550789865,-0.026828225698787667,-0.11681720359209027,-0.6515014008367864
cn,midpoint,attractive,75,739,0.000542391616525445,6.306242597044209e-06,0.044158850550789865,-0.026828225698787667,0.4028309039027639,0.004955660058308717
cn,midpoint,attractive,76,721,0.0018439084646409143,-0.0008972146828688313,0.044158850550789865,-0.026828225698787667,1.3711982871691812,-0.6900199646167338
cn,midpoint,attractive,77,841,-0.0014221465795103624,0.00010280495988546079,0.044158850550789865,-0.026828225698787667,-1.0588441523799836,0.07918112007549405
cn,midpoint,attractive,78,744,-0.0008339410069947428,0.0004568211790245344,0.044158850550789865,-0.026828225698787667,-0.6212016494001519,0.3514854310292381
cn,midpoint,attractive,79,889,-0.0002464698605824864,-0.0003873751421754508,0.044158850550789865,-0.026828225698787667,-0.18410558136270772,-0.2978585400269043
cn,midpoint,attractive,80,604,0.0020113771416000806,0.0006870243179414731,0.044158850550789865,-0.026828225698787667,1.4957999815082539,0.5285544570603319
cn,midpoint,attractive,81,616,0.0004146688734367118,-0.0017975159377869622,0.044158850550789865,-0.026828225698787667,0.307801370718056,-1.38251906385988
cn,midpoint,attractive,82,796,6.673293088681198e-05,0.0008314441027365838,0.044158850550789865,-0.026828225698787667,0.048926644110222725,0.6396401301471673
cn,midpoint,attractive,83,796,-0.0007860101873016917,0.0006976193260814154,0.044158850550789865,-0.026828225698787667,-0.5855396888875543,0.5367039887346502
cn,midpoint,attractive,84,681,-0.0006126327396404549,-0.0006392694852500672,0.044158850550789865,-0.026828225698787667,-0.45654169277845835,-0.49161213609345467
cn,midpoint,attractive,85,616,-0.0031117064962796204,-0.0002464455431126951,0.044158850550789865,-0.026828225698787667,-2.31592716121132,-0.1894574688581978
cn,midpoint,attractive,86,1084,-0.00024700298919842073,-0.0008521002896941035,0.044158850550789865,-0.026828225698787667,-0.184502244966029,-0.6553186060817608
cn,midpoint,attractive,87,1084,-1.9461828703520867e-05,-0.00016891974623988587,0.044158850550789865,-0.026828225698787667,-0.015204829805482841,-0.12982571314392913
cn,midpoint,attractive,88,1035,-0.00037069058689618434,-0.0013346639289939718,0.044158850550789865,-0.026828225698787667,-0.27652950953699545,-1.026499789843458
cn,midpoint,attractive,89,913,0.00039153507461028164,-0.0008464645737160659,0.044158850550789865,-0.026828225698787667,0.29058913388301316,-0.6509836923880815
cn,midpoint,attractive,90,996,0.00016808552877928262,-0.00040900830980051053,0.044158850550789865,-0.026828225698787667,0.12433600216079,-0.3144984691753893
cn,midpoint,attractive,91,748,0.0002281425938481102,0.0010301852429796705,0.044158850550789865,-0.026828225698787667,0.16902025118266809,0.7925090280289199
cn,midpoint,attractive,92,924,-0.0005132045581875133,0.0002588375802236517,0.044158850550789865,-0.026828225698787667,-0.38256415799976035,0.19919922340088686
cn,midpoint,attractive,93,578,0.0008626805144332644,0.0016357340943897632,0.044158850550789865,-0.026828225698787667,0.641135404075291,1.2582887121718058
cn,midpoint,attractive,94,961,0.0001001696826578094,-4.9373968409194974e-05,0.044158850550789865,-0.026828225698787667,0.07380458546326227,-0.037872777375109364
cn,midpoint,attractive,95,961,0.0015554904883235063,-0.0009021354079260073,0.044158850550789865,-0.026828225698787667,1.1566067039577241,-0.6938049173212898
cn,midpoint,attractive,96,636,0.0007280299888544062,-3.971298855568947e-05,0.044158850550789865,-0.026828225698787667,0.5409513939343185,-0.030441687159682394
cn,midpoint,attractive,97,1128,-0.00015380440207751062,-8.173361368398954e-05,0.044158850550789865,-0.026828225698787667,-0.11515971431413531,-0.06276336270108533
cn,midpoint,attractive,98,1038,0.0007191899448894465,0.001713082302258133,0.044158850550789865,-0.026828225698787667,0.5343741373627242,1.3177838689144104
cn,midpoint,attractive,99,856,0.00017902168197347218,4.8971636000674085e-05,0.044158850550789865,-0.026828225698787667,0.13247282656455558,0.037773282314711006
cn,midpoint,attractive,100,700,-0.0024189217249892606,0.0009634286252018509,0.044158850550789865,-0.026828225698787667,-1.8004746128154578,0.7411607738449768
cn,midpoint,attractive,101,616,0.0016624851356422249,0.0009767131246217094,0.044158850550789865,-0.026828225698787667,1.2362139151878846,0.7513790244937384
cn,midpoint,attractive,102,864,-0.0002655466887701713,9.48228775848603e-05,0.044158850550789865,-0.026828225698787667,-0.19829931094821404,0.07304141431250125
cn,midpoint,attractive,103,606,0.0003702708129291743,0.0004545635448168564,0.044158850550789865,-0.026828225698787667,0.274767888486888,0.3497488904582937
cn,midpoint,attractive,104,576,0.000602832068554611,0.00046357166101111333,0.044158850550789865,-0.026828225698787667,0.44780040426664264,0.3566778071029426
cn,midpoint,attractive,105,864,0.0004311832574059246,-9.029927127188545e-05,0.044158850550789865,-0.026828225698787667,0.3200885653200153,-0.06935194639086652
cn,midpoint,attractive,106,721,0.005192421266546496,0.000313844242108844,0.044158850550789865,-0.026828225698787667,3.862591759724311,0.24150957629640946
cn,midpoint,attractive,107,649,0.0003198332368770859,-5.774982110313617e-05,0.044158850550789865,-0.026828225698787667,0.2372408264203595,-0.04431536580232977
cn,midpoint,attractive,108,609,0.0026032002719083708,-0.0009598483639603091,0.044158850550789865,-0.026828225698787667,1.9361340554643474,-0.7381969137225918
cn,midpoint,attractive,109,649,-0.0005711270827709891,-0.0009782659638195614,0.044158850550789865,-0.026828225698787667,-0.4256602451877987,-0.7523634732415082
cn,midpoint,attractive,110,664,0.0013287961752697364,-0.0002936913931242853,0.044158850550789865,-0.026828225698787667,0.9879393685704675,-0.22579831410002543
cn,midpoint,attractive,111,708,0.0004205573206019844,0.00022584964234306087,0.044158850550789865,-0.026828225698787667,0.31218255117007554,0.173825364213858
cn,midpoint,attractive,112,648,0.001656487212736285,-0.00037732754394560405,0.044158850550789865,-0.026828225698787667,1.2317512815171268,-0.29013006837842414
cn,midpoint,attractive,113,744,-0.00032997809738413014,0.0007792787906174756,0.044158850550789865,-0.026828225698787667,-0.24623820213507108,0.5995153036439487
cn,midpoint,attractive,114,1225,-0.0007952036461032277,0.0009960670301522624,0.044158850550789865,-0.026828225698787667,-0.5923798966464485,0.766265777204045
cn,midpoint,attractive,115,601,0.00027610044600579614,-0.0012461302188584225,0.044158850550789865,-0.026828225698787667,0.20470232465583132,-0.9584009016250951
cn,midpoint,attractive,116,961,0.0004728199298263819,-0.0012773935856525004,0.044158850550789865,-0.026828225698787667,0.35106749239122453,-0.9824482449181751
cn,midpoint,attractive,117,924,-0.00016675635953478096,-0.000804907885261507,0.044158850550789865,-0.026828225698787667,-0.12479635725827805,-0.6190188704297616
cn,midpoint,attractive,118,721,-0.002206369081130491,7.812906018402066e-06,0.044158850550789865,-0.026828225698787667,-1.6423291014162735,0.00611456443220942
cn,midpoint,attractive,119,681,-0.000398029622640822,-0.0007475995381968532,0.044158850550789865,-0.026828225698787667,-0.2968705681590142,-0.5749380935735801
cn,midpoint,attractive,120,681,0.0004993152195747336,-0.000942982931712251,0.044158850550789865,-0.026828225698787667,0.37078077880749116,-0.7252242597622364
cn,midpoint,attractive,121,909,-0.0005791019116415802,0.00018194292717346738,0.044158850550789865,-0.026828225698787667,-0.43159375590384796,0.1400529346636695
cn,midpoint,attractive,122,739,-0.0004151956759471734,-0.00012245249398814065,0.044158850550789865,-0.026828225698787667,-0.3096426241991282,-0.09408375437973326
cn,midpoint,attractive,123,1041,-0.00023163800684932595,0.0008378959905316237,0.044158850550789865,-0.026828225698787667,-0.17307023947730127,0.6446028317562963
cn,midpoint,attractive,124,756,-0.0006801908990153316,-0.0002934527381125117,0.044158850550789865,-0.026828225698787667,-0.5068069798601211,-0.22561474401192408
cn,midpoint,attractive,125,947,0.0006763388670454687,-0.0010917441551018606,0.044158850550789865,-0.026828225698787667,0.5024916564082887,-0.8396493065305884
cn,midpoint,attractive,126,596,0.0017504878351857975,0.00019211099971414708,0.044158850550789865,-0.026828225698787667,1.301690550393017,0.14787407346248188
cn,midpoint,attractive,127,796,-9.36640758453372e-05,-0.0006725964843155505,0.044158850550789865,-0.026828225698787667,-0.07041351650151075,-0.5172467963888278
cn,midpoint,attractive,128,744,-0.0009807719869078732,-0.001227419522030232,0.044158850550789865,-0.026828225698787667,-0.7304482811335794,-0.9440088960281332
cn,midpoint,attractive,129,1036,0.0019187093638612304,0.0005071304825404951,0.044158850550789865,-0.026828225698787667,1.4268523888804532,0.3901826417440238
cn,midpoint,attractive,130,786,-0.0001930578049181078,0.0001704386980593206,0.044158850550789865,-0.026828225698787667,-0.1443654176810112,0.13120404296712523
cn,midpoint,attractive,131,616,-0.0026171862618772357,0.003641440026700263,0.044158850550789865,-0.026828225698787667,-1.9479893461504374,2.8010495868058864
cn,midpoint,attractive,132,961,7.150665519294747e-05,0.0001394298876443087,0.044158850550789865,-0.026828225698787667,0.05247843748228792,0.10735250087086332
cn,midpoint,attractive,133,604,-0.0017492449667066215,-6.922461329461269e-05,0.044158850550789865,-0.026828225698787667,-1.302215115835852,-0.0531416150307865
cn,midpoint,attractive,134,616,-0.002929185862735377,-0.00010007544067330496,0.044158850550789865,-0.026828225698787667,-2.180126361895285,-0.0768716387911032
cn,midpoint,attractive,135,596,0.00604816360164661,0.0008987972540719716,0.044158850550789865,-0.026828225698787667,4.49928959962632,0.6914472295776627
cn,midpoint,attractive,136,706,-0.00010248511468459454,-0.00031464226078127544,0.044158850550789865,-0.026828225698787667,-0.07697663269230877,-0.2419134276818091
cn,midpoint,attractive,137,632,-0.003084733249682843,-0.00010243621052064,0.044158850550789865,-0.026828225698787667,-2.2958582606335507,-0.078687509849673
cn,midpoint,attractive,139,825,-0.001234063621383473,-0.0006077863571131992,0.044158850550789865,-0.026828225698787667,-0.9189048175476585,-0.4673957554574861
cn,midpoint,attractive,140,702,-0.00020898367504336435,0.001289114218152053,0.044158850550789865,-0.026828225698787667,-0.1562147404168374,0.9916735644497107
cn,midpoint,attractive,141,1176,-0.0005856842290569292,0.0010992682594317196,0.044158850550789865,-0.026828225698787667,-0.43649119653288004,0.8456467154471095
cn,midpoint,attractive,142,1176,-0.0007932298808289162,-0.0006947916200981223,0.044158850550789865,-0.026828225698787667,-0.5909113563685147,-0.5343189835628954
cn,midpoint,attractive,143,952,-3.996819909548449e-05,-0.000888216333049207,0.044158850550789865,-0.026828225698787667,-0.030462181460600247,-0.6830985601304863
cn,midpoint,attractive,144,856,0.00016171896018778165,0.0008803687859615036,0.044158850550789865,-0.026828225698787667,0.11959908509647015,0.67727231035233
cn,midpoint,attractive,145,664,0.0010059627604262697,0.0006535627837665516,0.044158850550789865,-0.026828225698787667,0.7477416718479167,0.5028163142455314
cn,midpoint,attractive,146,744,0.0002537408710711203,0.0005928616397211962,0.044158850550789865,-0.026828225698787667,0.18806613350564158,0.45612584553318963
cn,midpoint,attractive,147,777,-0.0003256255240822459,-0.0003676714897929978,0.044158850550789865,-0.026828225698787667,-0.24299975768087606,-0.28270276694304963
cn,midpoint,attractive,148,796,0.00015814209935423318,-0.0001682919588514159,0.044158850550789865,-0.026828225698787667,0.1169377938725365,-0.12934282788895834
cn,midpoint,attractive,149,751,-0.0005493296018093466,-0.0006387870396699635,0.044158850550789865,-0.026828225698787667,-0.40944226873118306,-0.49124104571917104
cn,midpoint,attractive,150,551,0.0011979263129512849,-0.0003605125605572537,0.044158850550789865,-0.026828225698787667,0.890568284742199,-0.27719621897344915
cn,midpoint,attractive,151,582,0.0002605212028866308,0.0008342220965114992,0.044158850550789865,-0.026828225698787667,0.19311090275881793,0.641776923999584
cn,midpoint,attractive,152,535,0.0009477305363639055,0.0033397841382147506,0.044158850550789865,-0.026828225698787667,0.7044151590035341,2.569020107877076
cn,midpoint,attractive,153,816,-0.00011156754521332579,-0.0004493869930516127,0.044158850550789865,-0.026828225698787667,-0.08373423210221377,-0.3455571860518368
cn,midpoint,attractive,154,1176,5.7071383197257464e-05,0.0007145556289297889,0.044158850550789865,-0.026828225698787667,0.04173816424691207,0.5497311553668619
cn,midpoint,attractive,155,1225,-0.000490058486450104,-4.642591409427868e-05,0.044158850550789865,-0.026828225698787667,-0.3653427897526216,-0.03560517534029375
cn,midpoint,attractive,156,1081,-0.0013416752795795822,0.00043884819650328796,0.044158850550789865,-0.026828225698787667,-0.9989711032874196,0.337660864931296
cn,midpoint,attractive,157,623,-0.00019651282349957,-0.0005966431373196704,0.044158850550789865,-0.026828225698787667,-0.14693605463258952,-0.4588245470674802
cn,midpoint,attractive,158,882,-0.0008706749475515876,-0.00020601881313206047,0.044158850550789865,-0.026828225698787667,-0.6485327976258567,-0.15836179511121282
cn,midpoint,attractive,160,438,0.0005763871302260984,0.00012022304391321251,0.044158850550789865,-0.026828225698787667,0.42812458080964844,0.0925788660342691
cn,midpoint,attractive,161,732,0.0008946379195023321,-0.00048066645895213436,0.044158850550789865,-0.026828225698787667,0.6649126673258797,-0.3696169125518156
cn,midpoint,attractive,162,601,-0.0012770291326924185,-0.0007226316513205024,0.044158850550789865,-0.026828225698787667,-0.9508724404156922,-0.5557331451439013
cn,midpoint,attractive,163,848,0.0010173809753889693,-0.0005931591937285152,0.044158850550789865,-0.026828225698787667,0.7562371645962533,-0.4561447465168209
cn,midpoint,attractive,164,732,0.0009501914452161725,0.0012377610723148524,0.044158850550789865,-0.026828225698787667,0.7062461486439506,0.9521734448605215
cn,midpoint,attractive,165,748,0.0010255076083911172,-0.00035434140287861,0.044158850550789865,-0.026828225698787667,0.7622836221172998,-0.272449451032826
cn,midpoint,attractive,166,1038,-0.00014068420180755187,-0.00017388036008013016,0.044158850550789865,-0.026828225698787667,-0.10539789369556418,-0.13364134774101147
cn,midpoint,attractive,167,721,-0.0006698266394889393,0.00024910808969746956,0.044158850550789865,-0.026828225698787667,-0.4990956614153398,0.19171543573684705
cn,midpoint,attractive,168,762,-0.0005404204097376047,-0.00018154717086880587,0.044158850550789865,-0.026828225698787667,-0.40281356390417866,-0.1395385510784747
cn,midpoint,attractive,169,1225,-7.593224675153665e-05,-0.0006541493540938199,0.044158850550789865,-0.026828225698787667,-0.0572205063880008,-0.5030575225292339
cn,midpoint,attractive,170,882,0.00023624531018086314,-0.0009196804135690011,0.044158850550789865,-0.026828225698787667,0.17504891398780906,-0.70730028960653
cn,midpoint,attractive,171,744,-0.0002660222229463466,-5.80534308960573e-05,0.044158850550789865,-0.026828225698787667,-0.19865312256924944,-0.04454889819714843
cn,midpoint,attractive,172,769,-0.0009607789406565759,8.443682987892276e-05,0.044158850550789865,-0.026828225698787667,-0.7155728579610507,0.06505261207350833
cn,midpoint,attractive,173,596,0.0016150582443261105,-0.0010142592531420663,0.044158850550789865,-0.026828225698787667,1.200926892429212,-0.7800490066098908
cn,midpoint,attractive,174,1176,-0.0008377705463119764,-0.0010131504091278748,0.044158850550789865,-0.026828225698787667,-0.6240509409580098,-0.7791960993448681
cn,midpoint,attractive,175,1000,0.0007639783697615671,-0.0002754194937579918,0.044158850550789865,-0.026828225698787667,0.5676980623329156,-0.21174382535695432
cn,midpoint,attractive,176,882,-0.0005432061459589993,0.00012937360228400946,0.044158850550789865,-0.026828225698787667,-0.40488623480282154,0.09961734720346947
cn,midpoint,attractive,177,588,0.002122576136955198,-0.00086452668969857,0.044158850550789865,-0.026828225698787667,1.5785353531707929,-0.6648768186943941
cn,midpoint,attractive,178,700,0.001082705850962186,-0.000612162908980609,0.044158850550789865,-0.026828225698787667,0.8048408218694075,-0.4707621377760888
cn,midpoint,attractive,179,406,0.0010791970915709978,0.0005061023922344338,0.044158850550789865,-0.026828225698787667,0.8022302001513129,0.38939184909878544
cn,midpoint,attractive,180,711,-0.0007447861248805615,-0.001398696475168014,0.044158850550789865,-0.026828225698787667,-0.5548677559716159,-1.0757527263528064
cn,midpoint,attractive,181,664,0.004231715968833816,0.0027743525973028572,0.044158850550789865,-0.026828225698787667,3.147798342656171,2.1340980963546583
cn,midpoint,attractive,182,856,-0.0016572225604729804,5.3588565311579045e-05,0.044158850550789865,-0.026828225698787667,-1.23374769887127,0.04132455959173947
cn,midpoint,attractive,183,645,-0.00011091568292430354,2.938282364376918e-05,0.044158850550789865,-0.026828225698787667,-0.0832492271020983,0.022705842567963992
cn,midpoint,attractive,184,786,9.436559943925421e-05,0.0005934328027947244,0.044158850550789865,-0.026828225698787667,0.06948617430573403,0.45656517615922015
cn,midpoint,attractive,185,649,-0.0011256967574721569,-0.000490929294098965,0.044158850550789865,-0.026828225698787667,-0.8382766362140588,-0.3775109414183059
cn,midpoint,attractive,186,961,-0.0010471769797531921,-0.00023806262054863053,0.044158850550789865,-0.026828225698787667,-0.7798555778970107,-0.18300944238602807
cn,midpoint,attractive,187,796,0.00016219338352729817,0.00022466207114361925,0.044158850550789865,-0.026828225698787667,0.11995207022187467,0.17291190110202972
cn,midpoint,attractive,188,578,-0.0031659841890633936,-0.0013191598598715736,0.044158850550789865,-0.026828225698787667,-2.356311384747778,-1.0145742773072786
cn,midpoint,attractive,189,924,-0.0004022041449197808,-0.0007472562289247975,0.044158850550789865,-0.026828225698787667,-0.29997653733760454,-0.574674024896166
cn,midpoint,attractive,190,664,-0.0005506806294936217,0.0006387471801617695,0.044158850550789865,-0.026828225698787667,-0.4104474736543743,0.4914203597302974
cn,midpoint,attractive,191,664,0.0008893017644927628,-0.0004986711054906917,0.044158850550789865,-0.026828225698787667,0.6609424087227717,-0.3834658341678096
cn,midpoint,attractive,192,673,-0.0005279428169623623,-0.00037973139590475116,0.044158850550789865,-0.026828225698787667,-0.3935298624425181,-0.2919790775932059
cn,midpoint,attractive,193,808,0.0004512354005734298,-0.0006834505011162131,0.044158850550789865,-0.026828225698787667,0.33500795836215425,-0.5255955538925728
cn,midpoint,attractive,194,786,0.00035276986065212873,0.00045706405728025354,0.044158850550789865,-0.026828225698787667,0.2617466576163603,0.35167224957735466
cn,midpoint,attractive,195,681,-0.0007922747423126097,-0.0017491828796910164,0.044158850550789865,-0.026828225698787667,-0.5902007048029726,-1.345341953406832
cn,midpoint,attractive,196,856,9.616493676124771e-05,-0.0010182435551751058,0.044158850550789865,-0.026828225698787667,0.07082493498073827,-0.7831136758569013
cn,midpoint,attractive,197,808,0.0008190201815628517,0.00017384447957028218,0.044158850550789865,-0.026828225698787667,0.6086508132261749,0.13382372234186335
cn,midpoint,attractive,198,541,0.0077714020614748774,-0.012285634480532728,0.044158850550789865,-0.026828225698787667,5.7814304497460745,-9.449832759059879
cn,midpoint,attractive,199,918,-0.0011184364935254362,-0.00016884258236392682,0.044158850550789865,-0.026828225698787667,-0.8328747831300289,-0.12976635977270606
cn,midpoint,attractive,200,616,-0.0017506537568335173,0.0016849900541923007,0.044158850550789865,-0.026828225698787667,-1.3032632977404726,1.2961757056745704
cn,midpoint,attractive,201,664,0.0020497225253355913,-0.001022648491513272,0.044158850550789865,-0.026828225698787667,1.5243300915579772,-0.7865018911123391
cn,midpoint,attractive,202,996,-0.0005728951916261493,0.0008148533918457858,0.044158850550789865,-0.026828225698787667,-0.42697577095135747,0.6268787880020585
cn,midpoint,attractive,203,1000,0.000803720892519906,0.000659077920366867,0.044158850550789865,-0.026828225698787667,0.5972676855180659,0.5070584799729009
cn,midpoint,attractive,204,666,0.0007959283626481767,-0.000413753731871927,0.044158850550789865,-0.026828225698787667,0.5914698106985133,-0.3181485812817901
cn,midpoint,attractive,205,625,-0.000971245652745506,-0.0018836787852660533,0.044158850550789865,-0.026828225698787667,-0.7233604041704111,-1.4487943177724396
cn,midpoint,attractive,206,578,-0.0013345858907005195,0.002253774010781095,0.044158850550789865,-0.026828225698787667,-0.9936963863540842,1.7336763483205817
cn,midpoint,attractive,207,918,-4.620998546651933e-06,0.0007820779733819679,0.044158850550789865,-0.026828225698787667,-0.0041628091929048865,0.6016683957699883
cn,midpoint,attractive,208,631,-0.0007486392553482518,0.00021408444412051794,0.044158850550789865,-0.026828225698787667,-0.5577346000495731,0.16477573873902854
cn,midpoint,attractive,209,796,-0.001965257537227788,0.002867945367883335,0.044158850550789865,-0.026828225698787667,-1.4629349159453284,2.2060883429177878
cn,midpoint,attractive,210,996,-0.0006514823978622727,-3.085138301190532e-05,0.044158850550789865,-0.026828225698787667,-0.4854469980978089,-0.0236254644526768
cn,midpoint,attractive,211,666,0.00024921161435743217,0.0005457819906529264,0.044158850550789865,-0.026828225698787667,0.1846962313193374,0.4199128397261223
cn,midpoint,attractive,212,686,0.0015489696245330753,-0.0001841676882108935,0.044158850550789865,-0.026828225698787667,1.151754986659927,-0.14155421626724726
cn,midpoint,attractive,213,1082,0.0008591308874152312,-0.0006078004426753984,0.044158850550789865,-0.026828225698787667,0.638494375622988,-0.4674065898743905
cn,midpoint,attractive,214,1084,-0.0006609110092439946,0.0007800039706952928,0.044158850550789865,-0.026828225698787667,-0.4924621663953029,0.6000731019897071
cn,midpoint,attractive,215,1041,-0.0016161352645169477,-0.0004977433591541666,0.044158850550789865,-0.026828225698787667,-1.203177524287632,-0.3827522246966908
cn,midpoint,attractive,216,609,0.0020432031009476603,0.0015426591691448666,0.044158850550789865,-0.026828225698787667,1.5194794452186038,1.1866967849784185
cn,midpoint,attractive,217,1176,-0.0010983840310153509,-0.00019708281691696236,0.044158850550789865,-0.026828225698787667,-0.8179551524874785,-0.15148835214310508
cn,midpoint,attractive,218,848,0.00014041894906615532,0.0004906235534804376,0.044158850550789865,-0.026828225698787667,0.1037512410495332,0.37748574340814417
cn,midpoint,attractive,219,744,8.249532877150495e-05,-0.0011424552467319063,0.044158850550789865,-0.026828225698787667,0.06065433861967563,-0.8786555670279558
cn,midpoint,attractive,220,696,-0.00020734354501509428,0.000577682317628711,0.044158850550789865,-0.026828225698787667,-0.1549944347204553,0.4444501238580894
cn,midpoint,attractive,221,996,-4.275141756902856e-06,0.0004057074631055521,0.044158850550789865,-0.026828225698787667,-0.0039054814180403664,0.31216947757532004
cn,midpoint,attractive,222,1084,0.00022664946553993537,0.00033333741768647174,0.044158850550789865,-0.026828225698787667,0.16790931915381124,0.2565034535737695
cn,midpoint,attractive,223,1041,-0.0013143106802401897,0.00021833953730557298,0.044158850550789865,-0.026828225698787667,-0.9786110245878694,0.16804869674252954
cn,midpoint,attractive,224,631,0.0009135861852789945,-4.728817675406921e-05,0.044158850550789865,-0.026828225698787667,0.6790107426401958,-0.03626841568562709
cn,midpoint,attractive,225,632,-0.0022238176827091005,0.0002855722939783256,0.044158850550789865,-0.026828225698787667,-1.6553113818045773,0.21976319028696945
cn,midpoint,attractive,226,816,-0.00073153507292463,0.0001338021935959749,0.044158850550789865,-0.026828225698787667,-0.5450085777929602,0.10302375753301074
cn,midpoint,attractive,227,1225,0.0011135593612883674,0.00034929366563396166,0.044158850550789865,-0.026828225698787667,0.8277967544817351,0.2687767757207456
cn,midpoint,attractive,228,871,-0.0002740494725315193,-0.0001337843007788303,0.044158850550789865,-0.026828225698787667,-0.2046256358616248,-0.10280002124316616
cn,midpoint,attractive,229,946,-3.181991041436433e-05,0.0010027314222909624,0.044158850550789865,-0.026828225698787667,-0.024399611468009834,0.7713919341741056
cn,midpoint,attractive,230,610,0.0008928459480564768,0.0005315031027191101,0.044158850550789865,-0.026828225698787667,0.6635793870825824,0.40892971937796646
cn,midpoint,attractive,231,606,-0.00011107381052229831,-0.0006851390336058798,0.044158850550789865,-0.026828225698787667,-0.08336687875487107,-0.5268943494032414
cn,midpoint,attractive,232,732,-0.002119697409995694,-0.0005715134519067924,0.044158850550789865,-0.026828225698787667,-1.5778427910764132,-0.4394951454726062
cn,midpoint,attractive,233,616,-0.00046014259575959116,-0.0014436534251548727,0.044158850550789865,-0.026828225698787667,-0.34308447413573,-1.1103329817956913
cn,midpoint,attractive,234,700,-0.00043440725790157286,0.0014480981395127886,0.044158850550789865,-0.026828225698787667,-0.32393661460926204,1.1139617671318942
cn,midpoint,attractive,235,681,0.0005167021144734316,0.00043538726705319095,0.044158850550789865,-0.026828225698787667,0.3837171475840916,0.3349987665351828
cn,midpoint,attractive,236,1041,-0.00089207441749687,-0.0004836872869502136,0.044158850550789865,-0.026828225698787667,-0.664454642006286,-0.37194049108312466
cn,midpoint,attractive,237,577,-0.0009969454315380058,0.001979474397830871,0.044158850550789865,-0.026828225698787667,-0.7424818066907501,1.5226889328825712
cn,midpoint,attractive,238,744,-0.00129082230886568,0.0003745707795066583,0.044158850550789865,-0.026828225698787667,-0.9611349751936124,0.2882195772193402
cn,midpoint,attractive,239,708,0.00037837288125434215,0.001128983765673705,0.044158850550789865,-0.026828225698787667,0.2807960691550436,0.8685034661110861
cn,midpoint,attractive,240,816,0.00023603972433990095,0.00042842311655778495,0.044158850550789865,-0.026828225698787667,0.17489595198571323,0.3296420396410268
cn,midpoint,attractive,241,913,-0.00023011303819350792,-9.038522805121865e-05,0.044158850550789865,-0.026828225698787667,-0.17193561727941267,-0.06941806314005121
cn,midpoint,attractive,242,596,0.0005260940670366379,-0.000664268204969936,0.044158850550789865,-0.026828225698787667,0.39070504062640093,-0.5108408007139602
cn,midpoint,attractive,243,1041,-1.1905348832129403e-05,-0.0011148109396798764,0.044158850550789865,-0.026828225698787667,-0.009582583231909858,-0.8573919537339006
cn,midpoint,attractive,244,961,-0.00011315949721565216,-0.0001810146939586546,0.044158850550789865,-0.026828225698787667,-0.08491869190925405,-0.13912897730676976
cn,midpoint,attractive,245,696,-0.000531840665747324,9.998048685515987e-05,0.044158850550789865,-0.026828225698787667,-0.39642997828329796,0.07700857503167112
cn,midpoint,attractive,246,732,-0.0009554398717959572,-0.0008890099961454227,0.044158850550789865,-0.026828225698787667,-0.711600431365788,-0.6837090346535746
cn,midpoint,attractive,247,700,0.0012600285050425666,0.0004873595666178253,0.044158850550789865,-0.026828225698787667,0.9367741693126671,0.3749751304883543
cn,midpoint,attractive,248,631,-0.0005286048698111626,-0.0005432177856945601,0.044158850550789865,-0.026828225698787667,-0.39402244952328086,-0.4177305158473399
cn,midpoint,attractive,249,601,-0.0002024965736433515,0.0008120282808811788,0.044158850550789865,-0.026828225698787667,-0.15138814334526646,0.6247057522681139
cn,midpoint,attractive,250,996,-0.0007266041110568777,-0.0005071512859796262,0.044158850550789865,-0.026828225698787667,-0.5413397949817537,-0.389988670071821
cn,midpoint,attractive,251,721,0.0014081955474892771,0.00106661907075686,0.044158850550789865,-0.026828225698787667,1.047014871450482,0.8205334173984292
cn,midpoint,attractive,252,664,-0.0010304455987249078,-0.0006926239253183253,0.044158850550789865,-0.026828225698787667,-0.7674069310060749,-0.532651623138545
cn,midpoint,attractive,253,632,-7.274739466615193e-05,0.0007366165618788445,0.044158850550789865,-0.026828225698787667,-0.054850881373556905,0.5667001156034814
cn,midpoint,attractive,254,721,0.0018290470803246778,0.0005849272867580885,0.044158850550789865,-0.026828225698787667,1.3601409736485237,0.4500228525072286
cn,midpoint,attractive,255,889,0.0006198957342242045,-0.00010496412546147013,0.044158850550789865,-0.026828225698787667,0.46049628084889593,-0.08063194657007648
cn,midpoint,attractive,256,681,0.0012791002810252639,-0.001799605700796788,0.044158850550789865,-0.026828225698787667,0.950964139906862,-1.3841264802597022
cn,midpoint,attractive,257,606,-0.0006377249650421635,-0.001270601956619849,0.044158850550789865,-0.026828225698787667,-0.475211057441518,-0.9772242191136876
cn,midpoint,attractive,258,816,-0.00010465410611201764,0.0004886339213990114,0.044158850550789865,-0.026828225698787667,-0.07859042705535697,0.3759553463141867
cn,midpoint,attractive,259,913,-0.0001920663512196344,-0.0011262928107764157,0.044158850550789865,-0.026828225698787667,-0.14362774653598478,-0.8662236479568554
cn,midpoint,attractive,260,835,-3.3958520280208404e-05,-0.000536074274625039,0.044158850550789865,-0.026828225698787667,-0.02599080104240053,-0.41223582731497
cn,midpoint,attractive,261,825,0.0007727821564041046,-0.00011882952185307896,0.044158850550789865,-0.026828225698787667,0.5742483423744027,-0.09129701502287058
cn,midpoint,attractive,262,889,-1.960373341243493e-05,0.0010589021313956448,0.044158850550789865,-0.026828225698787667,-0.015310411144551379,0.8145976558659836
cn,midpoint,attractive,263,796,-0.001492292059448272,-0.0016360372384362845,0.044158850550789865,-0.026828225698787667,-1.111034483188067,-1.2583119129351956
cn,midpoint,attractive,264,540,-0.0002984676131531708,0.0010653041196327095,0.044158850550789865,-0.026828225698787667,-0.22279346132793199,0.8195219754349213
cn,midpoint,attractive,265,1041,-0.0010305648261954153,-0.0011309028684371586,0.044158850550789865,-0.026828225698787667,-0.7674956398028885,-0.8697696396569489
cn,midpoint,attractive,266,1038,7.456161123266247e-05,0.0012159863360475913,0.044158850550789865,-0.026828225698787667,0.05475141596155714,0.9354246230978476
cn,midpoint,attractive,267,796,0.0014392376361141296,-0.000931717554694185,0.044158850550789865,-0.026828225698787667,1.070111111945792,-0.7165590897482786
cn,midpoint,attractive,268,924,-0.00019399213095432077,0.00048511123458946925,0.044158850550789865,-0.026828225698787667,-0.1450605841401433,0.37324574502328833
cn,midpoint,attractive,269,636,-0.00010391455309996522,0.0015176048212228177,0.044158850550789865,-0.026828225698787667,-0.07804017753987436,1.1674253319249392
cn,midpoint,attractive,270,1000,-0.0007650658314029904,-0.0006102373914808404,0.044158850550789865,-0.026828225698787667,-0.5699564629422329,-0.4692810567191842
cn,midpoint,attractive,271,961,0.0007311035640567634,-0.0006544685452246346,0.044158850550789865,-0.026828225698787667,0.5432382256263468,-0.5033030398706438
cn,midpoint,attractive,272,769,0.0006842624939596836,-1.1990719366038877e-05,0.044158850550789865,-0.026828225698787667,0.5083870713404949,-0.009118106482729095
cn,midpoint,attractive,273,618,0.00010636763760155793,0.00024221278088701684,0.044158850550789865,-0.026828225698787667,0.07841604894079723,0.18641166090130484
cn,midpoint,attractive,274,1036,-0.0007998396110665343,-0.001270928684623713,0.044158850550789865,-0.026828225698787667,-0.5958291929555454,-0.9774755337121482
cn,midpoint,attractive,275,561,0.0018684362750706132,0.0014741312862508182,0.044158850550789865,-0.026828225698787667,1.38944771024615,1.1339860985077175
cn,midpoint,attractive,276,648,0.00038915278474901255,0.0006625881402431873,0.044158850550789865,-0.026828225698787667,0.28881663911855465,0.5097584918736042
cn,midpoint,attractive,277,1041,0.0005819220019423824,0.00021536942123421415,0.044158850550789865,-0.026828225698787667,0.43224269057393916,0.16576412511405766
cn,midpoint,attractive,278,600,-3.730775484062088e-05,0.0019655152447816022,0.044158850550789865,-0.026828225698787667,-0.028482731524828164,1.5119517481235711
cn,midpoint,attractive,279,825,-0.0013036321038885496,0.0005623719397070438,0.044158850550789865,-0.026828225698787667,-0.9706658450432316,0.4326735958771406
cn,midpoint,attractive,280,636,-9.62305889451523e-05,0.00015906207794503038,0.044158850550789865,-0.026828225698787667,-0.07232307885422677,0.12245330632365155
cn,midpoint,attractive,281,721,0.0019228924692443333,-0.0015788437115529658,0.044158850550789865,-0.026828225698787667,1.4299647441447192,-1.2143194541522313
cn,midpoint,attractive,282,616,-0.0006758494737860304,-0.0012537960250214482,0.044158850550789865,-0.026828225698787667,-0.5035768299046807,-0.9642973322185974
cn,midpoint,attractive,283,816,0.0007887589002167142,-0.0010682725715646414,0.044158850550789865,-0.026828225698787667,0.5861355166521206,-0.8215952936448543
cn,midpoint,attractive,284,796,-0.001041037245080395,0.0007591783172283192,0.044158850550789865,-0.026828225698787667,-0.7752874320388488,0.5840543014068504
cn,midpoint,attractive,285,553,0.0008921184194266921,-0.0003941564140554771,0.044158850550789865,-0.026828225698787667,0.6630380840664161,-0.30307459925484365
cn,midpoint,attractive,286,825,0.0015353934938942063,-0.00021305072342594003,0.044158850550789865,-0.026828225698787667,1.141653940238069,-0.16377064189207508
cn,midpoint,attractive,287,996,0.00025233851294900744,0.00010915708100211682,0.044158850550789865,-0.026828225698787667,0.18702273720456478,0.08406708255476182
cn,midpoint,attractive,288,825,0.0007861041567988197,0.0007552566935547927,0.044158850550789865,-0.026828225698787667,0.5841603083092147,0.5810378434749611
cn,midpoint,attractive,289,1041,0.0004495414736405551,-0.00125522091387548,0.044158850550789865,-0.026828225698787667,0.33374762616299175,-0.9653933367421371
cn,midpoint,attractive,290,681,-0.0008922755254513817,0.001719894157725093,0.044158850550789865,-0.026828225698787667,-0.6646042723272046,1.3230234526085076
cn,midpoint,attractive,291,769,-0.0002162156380922653,0.0012962565117625308,0.044158850550789865,-0.026828225698787667,-0.1615955367881513,0.9971673165296583
cn,midpoint,attractive,292,769,-0.000882623887340922,0.0007946683988339989,0.044158850550789865,-0.026828225698787667,-0.6574231654865262,0.6113527744565562
cn,midpoint,attractive,293,913,0.00012278609620493264,0.0005730094264971841,0.044158850550789865,-0.026828225698787667,0.09063187220734892,0.4408558015334605
cn,midpoint,attractive,294,708,0.000854454404829931,-0.0014874897095263004,0.044158850550789865,-0.026828225698787667,0.6350149329937396,-1.144051236963669
cn,midpoint,attractive,295,758,-0.00017412466129348297,0.00022322615661592854,0.044158850550789865,-0.026828225698787667,-0.13027859369918396,0.1718074157849384
cn,midpoint,attractive,296,702,-0.00045037863400664707,0.00046604115424675463,0.044158850550789865,-0.026828225698787667,-0.3358197951523558,0.3585773066670348
cn,midpoint,attractive,297,1176,-0.0014339252578919812,0.0005616415677153069,0.044158850550789865,-0.026828225698787667,-1.0676078406712726,0.43211180398400784
cn,midpoint,attractive,298,961,-0.0004404772910910626,-0.0002071424896340386,0.044158850550789865,-0.026828225698787667,-0.3284529004833616,-0.15922611131782669
cn,midpoint,attractive,299,825,0.0015425652559570152,-0.0009662367362361819,0.044158850550789865,-0.026828225698787667,1.146989945278824,-0.7431107600851342
cn,midpoint,attractive,300,889,0.0011101008425445993,-0.000180814918984612,0.044158850550789865,-0.026828225698787667,0.8252235133049267,-0.13897531319842815
cn,midpoint,attractive,301,732,0.0009192059372219244,-8.342965028005495e-05,0.044158850550789865,-0.026828225698787667,0.6831920058266548,-0.06406793026515643
cn,midpoint,attractive,302,744,-0.0007165750489515066,-0.00018092312959884504,0.044158850550789865,-0.026828225698787667,-0.5338778734233375,-0.1390585472853247
cn,midpoint,attractive,303,816,0.0008776409146682845,-0.0001927794484881222,0.044158850550789865,-0.026828225698787667,0.6522663883949956,-0.14817826149910812
cn,midpoint,attractive,304,913,-0.000490201821794288,-0.00032720598903415027,0.044158850550789865,-0.026828225698787667,-0.36544943552703324,-0.2515772712571939
cn,midpoint,attractive,305,686,0.0007461629735927913,0.0007213084604564476,0.044158850550789865,-0.026828225698787667,0.554442875821276,0.5549253386738452
cn,midpoint,attractive,306,796,5.044690739038071e-06,0.0002371058563428348,0.044158850550789865,-0.026828225698787667,0.0030287521415508245,0.18248348616264987
cn,midpoint,attractive,307,549,-0.0021700901806558717,0.003700272282390043,0.044158850550789865,-0.026828225698787667,-1.6153365165939886,2.8463025328048563
cn,midpoint,attractive,308,841,-0.000839126319940868,-0.0007563831279201357,0.044158850550789865,-0.026828225698787667,-0.6250596770056549,-0.5816943076055682
cn,midpoint,attractive,309,856,0.0002394481921926192,0.0005638183362256521,0.044158850550789865,-0.026828225698787667,0.1774319538056387,0.43378614379464375
cn,midpoint,attractive,310,568,-0.0024072181296481143,-9.852041550446541e-05,0.044158850550789865,-0.026828225698787667,-1.7917667885473934,-0.0756755352392763
cn,midpoint,attractive,311,1041,0.0007905891924282066,0.0002214208746763209,0.044158850550789865,-0.026828225698787667,0.5874973086888677,0.1704188182346974
cn,midpoint,attractive,312,1081,0.0003135507356951117,-0.000529777734350808,0.044158850550789865,-0.026828225698787667,0.23256645801800993,-0.40739261684021655
cn,midpoint,attractive,314,648,0.00039542910165379225,0.006521581322355353,0.044158850550789865,-0.026828225698787667,0.29348640623408034,5.016413879634189
cn,midpoint,attractive,315,1041,0.001686940937440061,0.0009073808022175799,0.044158850550789865,-0.026828225698787667,1.2544097616934011,0.6980495744335348
cn,midpoint,attractive,316,889,0.0010162186642939247,-0.00014736825804236367,0.044158850550789865,-0.026828225698787667,0.7553723704483485,-0.11324861066561416
cn,midpoint,attractive,317,1041,-1.87640998910929e-05,-0.0013110115253454346,0.044158850550789865,-0.026828225698787667,-0.014685698742908603,-1.0083066926639626
cn,midpoint,attractive,318,780,0.0005906216894730337,-0.0005582346595939015,0.044158850550789865,-0.026828225698787667,0.43871551776898515,-0.4292812846504862
cn,midpoint,attractive,319,786,-0.0002743444978138207,0.001085937257837677,0.044158850550789865,-0.026828225698787667,-0.20484514347770624,0.8353926959781228
cn,midpoint,attractive,320,961,-0.0002231910556621322,-0.0010863282813107396,0.044158850550789865,-0.026828225698787667,-0.16678545566557743,-0.835483492363966
cn,midpoint,attractive,321,769,5.4661462632533964e-05,0.0019421785234052039,0.044158850550789865,-0.026828225698787667,0.0399451114143496,1.4940014693206012
cn,midpoint,attractive,322,786,-0.0001499202879297057,-0.0001552541668805342,0.044158850550789865,-0.026828225698787667,-0.1122698174533578,-0.11931434115006545
cn,midpoint,attractive,323,904,0.0005706105422927793,-0.0003101880067934437,0.044158850550789865,-0.026828225698787667,0.42382662696502765,-0.23848727798189098
cn,midpoint,attractive,324,889,0.0005873608049494217,-0.0008137684563652402,0.044158850550789865,-0.026828225698787667,0.4362893223510492,-0.6258342974599872
cn,midpoint,attractive,325,421,0.0008525975407823391,-3.4666473043676316e-05,0.044158850550789865,-0.026828225698787667,0.6336333707178061,-0.02655997820138102
cn,midpoint,attractive,326,848,0.0006984797343854571,0.0005589846928059777,0.044158850550789865,-0.026828225698787667,0.518965122579947,0.4300681730644003
cn,midpoint,attractive,327,848,-0.000541248067457055,0.00040361013506481913,0.044158850550789865,-0.026828225698787667,-0.4034293659517547,0.3105562422598177
cn,midpoint,attractive,328,1081,-0.0007511567963914764,-0.0008554555220936129,0.044158850550789865,-0.026828225698787667,-0.5596077257304455,-0.6578994037888827
cn,midpoint,attractive,329,924,-0.0015491919580668673,7.757415505183635e-05,0.044158850550789865,-0.026828225698787667,-1.1533697061344281,0.05977393884030473
