label,fit,level,group,type,term1,term2,value
fam_cn_attractive,selected,L0,participant,sd,(Intercept),,0.419253224229784
fam_cn_attractive,selected,L0,participant,sd,sem_dissim_z,,0.170424159634294
fam_cn_attractive,selected,L0,participant,sd,vis_dissim_z,,0.179041269852573
fam_cn_attractive,selected,L0,participant,sd,FAM,,0.208283226928867
fam_cn_attractive,selected,L0,participant,sd,SXF,,0.113900587075625
fam_cn_attractive,selected,L0,participant,sd,VXF,,0.0892872287943964
fam_cn_attractive,selected,L0,participant,cor,(Intercept),sem_dissim_z,0.434643014569856
fam_cn_attractive,selected,L0,participant,cor,(Intercept),vis_dissim_z,0.395181185320827
fam_cn_attractive,selected,L0,participant,cor,sem_dissim_z,vis_dissim_z,0.227282364329132
fam_cn_attractive,selected,L0,participant,cor,(Intercept),FAM,0.145512158266061
fam_cn_attractive,selected,L0,participant,cor,sem_dissim_z,FAM,0.0298331536186767
fam_cn_attractive,selected,L0,participant,cor,vis_dissim_z,FAM,0.24310904740797
fam_cn_attractive,selected,L0,participant,cor,(Intercept),SXF,0.235575419537879
fam_cn_attractive,selected,L0,participant,cor,sem_dissim_z,SXF,-0.0943569235427838
fam_cn_attractive,selected,L0,participant,cor,vis_dissim_z,SXF,-0.0122885604756363
fam_cn_attractive,selected,L0,participant,cor,FAM,SXF,0.256349630578679
fam_cn_attractive,selected,L0,participant,cor,(Intercept),VXF,-0.218520031039337
fam_cn_attractive,selected,L0,participant,cor,sem_dissim_z,VXF,-0.229864948880712
fam_cn_attractive,selected,L0,participant,cor,vis_dissim_z,VXF,0.15455162831984
fam_cn_attractive,selected,L0,participant,cor,FAM,VXF,0.451731534198887
fam_cn_attractive,selected,L0,participant,cor,SXF,VXF,-0.142653850747112
fam_cn_attractive,selected,L0,target1,sd,(Intercept),,0.254009432358571
fam_cn_attractive,selected,L0,target1,sd,sem_dissim_z,,0.123081185276515
fam_cn_attractive,selected,L0,target1,sd,vis_dissim_z,,0.101287365321381
fam_cn_attractive,selected,L0,target1,sd,FAM,,0.0903671150665081
fam_cn_attractive,selected,L0,target1,sd,SXF,,0.0318482895047664
fam_cn_attractive,selected,L0,target1,sd,VXF,,0.0458514121830704
fam_cn_attractive,selected,L0,target1,cor,(Intercept),sem_dissim_z,0.517753472847599
fam_cn_attractive,selected,L0,target1,cor,(Intercept),vis_dissim_z,0.381196309574491
fam_cn_attractive,selected,L0,target1,cor,sem_dissim_z,vis_dissim_z,-0.168346041705461
fam_cn_attractive,selected,L0,target1,cor,(Intercept),FAM,-0.605718250293982
fam_cn_attractive,selected,L0,target1,cor,sem_dissim_z,FAM,-0.514715404814259
fam_cn_attractive,selected,L0,target1,cor,vis_dissim_z,FAM,-0.0711350937717382
fam_cn_attractive,selected,L0,target1,cor,(Intercept),SXF,-0.294962777935068
fam_cn_attractive,selected,L0,target1,cor,sem_dissim_z,SXF,0.0674265510760748
fam_cn_attractive,selected,L0,target1,cor,vis_dissim_z,SXF,-0.262905074117016
fam_cn_attractive,selected,L0,target1,cor,FAM,SXF,0.488181095452456
fam_cn_attractive,selected,L0,target1,cor,(Intercept),VXF,0.0015938744467431
fam_cn_attractive,selected,L0,target1,cor,sem_dissim_z,VXF,-0.463654086556427
fam_cn_attractive,selected,L0,target1,cor,vis_dissim_z,VXF,0.546203814050051
fam_cn_attractive,selected,L0,target1,cor,FAM,VXF,0.216200743269131
fam_cn_attractive,selected,L0,target1,cor,SXF,VXF,-0.560803280478475
fam_cn_attractive,selected,L0,target2,sd,(Intercept),,0.253467373301435
fam_cn_attractive,selected,L0,target2,sd,sem_dissim_z,,0.243978135378906
fam_cn_attractive,selected,L0,target2,sd,vis_dissim_z,,0.144554392947245
fam_cn_attractive,selected,L0,target2,sd,FAM,,0.0926052977986844
fam_cn_attractive,selected,L0,target2,sd,SXF,,0.031728254871853
fam_cn_attractive,selected,L0,target2,sd,VXF,,0.0380786341200068
fam_cn_attractive,selected,L0,target2,cor,(Intercept),sem_dissim_z,0.500013265989817
fam_cn_attractive,selected,L0,target2,cor,(Intercept),vis_dissim_z,0.157242390989431
fam_cn_attractive,selected,L0,target2,cor,sem_dissim_z,vis_dissim_z,-0.0836374101839538
fam_cn_attractive,selected,L0,target2,cor,(Intercept),FAM,-0.502606703065912
fam_cn_attractive,selected,L0,target2,cor,sem_dissim_z,FAM,-0.570799455666984
fam_cn_attractive,selected,L0,target2,cor,vis_dissim_z,FAM,0.284937239767815
fam_cn_attractive,selected,L0,target2,cor,(Intercept),SXF,0.245566030705551
fam_cn_attractive,selected,L0,target2,cor,sem_dissim_z,SXF,0.146663544323798
fam_cn_attractive,selected,L0,target2,cor,vis_dissim_z,SXF,0.154615922886412
fam_cn_attractive,selected,L0,target2,cor,FAM,SXF,0.175144181589221
fam_cn_attractive,selected,L0,target2,cor,(Intercept),VXF,-0.471794977798703
fam_cn_attractive,selected,L0,target2,cor,sem_dissim_z,VXF,-0.340363072773832
fam_cn_attractive,selected,L0,target2,cor,vis_dissim_z,VXF,0.361693830701743
fam_cn_attractive,selected,L0,target2,cor,FAM,VXF,0.677231410851701
fam_cn_attractive,selected,L0,target2,cor,SXF,VXF,-0.0840160060695943
fam_cn_attractive,selected,L0,Residual,sd,(Observation),,1.30525511388553
fam_cn_attractive,nointer,L0,participant,sd,(Intercept),,0.419248279059997
fam_cn_attractive,nointer,L0,participant,sd,sem_dissim_z,,0.170503987733627
fam_cn_attractive,nointer,L0,participant,sd,vis_dissim_z,,0.179039320013784
fam_cn_attractive,nointer,L0,participant,sd,FAM,,0.208289203328326
fam_cn_attractive,nointer,L0,participant,sd,SXF,,0.113986227985018
fam_cn_attractive,nointer,L0,participant,sd,VXF,,0.0892939850334444
fam_cn_attractive,nointer,L0,participant,cor,(Intercept),sem_dissim_z,0.434582843959626
fam_cn_attractive,nointer,L0,participant,cor,(Intercept),vis_dissim_z,0.395229048679807
fam_cn_attractive,nointer,L0,participant,cor,sem_dissim_z,vis_dissim_z,0.226958183446239
fam_cn_attractive,nointer,L0,participant,cor,(Intercept),FAM,0.145568388471183
fam_cn_attractive,nointer,L0,participant,cor,sem_dissim_z,FAM,0.029288463046715
fam_cn_attractive,nointer,L0,participant,cor,vis_dissim_z,FAM,0.243068701698866
fam_cn_attractive,nointer,L0,participant,cor,(Intercept),SXF,0.234429640180924
fam_cn_attractive,nointer,L0,participant,cor,sem_dissim_z,SXF,-0.0956175370653777
fam_cn_attractive,nointer,L0,participant,cor,vis_dissim_z,SXF,-0.0127103481109617
fam_cn_attractive,nointer,L0,participant,cor,FAM,SXF,0.256551890946672
fam_cn_attractive,nointer,L0,participant,cor,(Intercept),VXF,-0.218756136128928
fam_cn_attractive,nointer,L0,participant,cor,sem_dissim_z,VXF,-0.230508853195808
fam_cn_attractive,nointer,L0,participant,cor,vis_dissim_z,VXF,0.154494201735455
fam_cn_attractive,nointer,L0,participant,cor,FAM,VXF,0.451718375854473
fam_cn_attractive,nointer,L0,participant,cor,SXF,VXF,-0.142059408006602
fam_cn_attractive,nointer,L0,target1,sd,(Intercept),,0.254062440772965
fam_cn_attractive,nointer,L0,target1,sd,sem_dissim_z,,0.123149809543398
fam_cn_attractive,nointer,L0,target1,sd,vis_dissim_z,,0.101262486570862
fam_cn_attractive,nointer,L0,target1,sd,FAM,,0.0903267082066768
fam_cn_attractive,nointer,L0,target1,sd,SXF,,0.0317390222165069
fam_cn_attractive,nointer,L0,target1,sd,VXF,,0.0459646760386545
fam_cn_attractive,nointer,L0,target1,cor,(Intercept),sem_dissim_z,0.517861287054721
fam_cn_attractive,nointer,L0,target1,cor,(Intercept),vis_dissim_z,0.380422320961384
fam_cn_attractive,nointer,L0,target1,cor,sem_dissim_z,vis_dissim_z,-0.168526135068225
fam_cn_attractive,nointer,L0,target1,cor,(Intercept),FAM,-0.605207580245857
fam_cn_attractive,nointer,L0,target1,cor,sem_dissim_z,FAM,-0.514883103614164
fam_cn_attractive,nointer,L0,target1,cor,vis_dissim_z,FAM,-0.0716946270452382
fam_cn_attractive,nointer,L0,target1,cor,(Intercept),SXF,-0.29927786061553
fam_cn_attractive,nointer,L0,target1,cor,sem_dissim_z,SXF,0.0554813506522458
fam_cn_attractive,nointer,L0,target1,cor,vis_dissim_z,SXF,-0.254553191995036
fam_cn_attractive,nointer,L0,target1,cor,FAM,SXF,0.493142111355722
fam_cn_attractive,nointer,L0,target1,cor,(Intercept),VXF,-0.000742125190673
fam_cn_attractive,nointer,L0,target1,cor,sem_dissim_z,VXF,-0.466974192979951
fam_cn_attractive,nointer,L0,target1,cor,vis_dissim_z,VXF,0.545608720656397
fam_cn_attractive,nointer,L0,target1,cor,FAM,VXF,0.217768165085178
fam_cn_attractive,nointer,L0,target1,cor,SXF,VXF,-0.553739100026658
fam_cn_attractive,nointer,L0,target2,sd,(Intercept),,0.253517837798281
fam_cn_attractive,nointer,L0,target2,sd,sem_dissim_z,,0.243874213789861
fam_cn_attractive,nointer,L0,target2,sd,vis_dissim_z,,0.144625036299351
fam_cn_attractive,nointer,L0,target2,sd,FAM,,0.0924976523792383
fam_cn_attractive,nointer,L0,target2,sd,SXF,,0.0319350281703926
fam_cn_attractive,nointer,L0,target2,sd,VXF,,0.0382233611036277
fam_cn_attractive,nointer,L0,target2,cor,(Intercept),sem_dissim_z,0.500561365259867
fam_cn_attractive,nointer,L0,target2,cor,(Intercept),vis_dissim_z,0.157064684608231
fam_cn_attractive,nointer,L0,target2,cor,sem_dissim_z,vis_dissim_z,-0.083172853455219
fam_cn_attractive,nointer,L0,target2,cor,(Intercept),FAM,-0.50165209421683
fam_cn_attractive,nointer,L0,target2,cor,sem_dissim_z,FAM,-0.569605501996248
fam_cn_attractive,nointer,L0,target2,cor,vis_dissim_z,FAM,0.284534971081241
fam_cn_attractive,nointer,L0,target2,cor,(Intercept),SXF,0.246586375174383
fam_cn_attractive,nointer,L0,target2,cor,sem_dissim_z,SXF,0.149690349405638
fam_cn_attractive,nointer,L0,target2,cor,vis_dissim_z,SXF,0.158764271854832
fam_cn_attractive,nointer,L0,target2,cor,FAM,SXF,0.176068992738216
fam_cn_attractive,nointer,L0,target2,cor,(Intercept),VXF,-0.472555187246291
fam_cn_attractive,nointer,L0,target2,cor,sem_dissim_z,VXF,-0.340252816223885
fam_cn_attractive,nointer,L0,target2,cor,vis_dissim_z,VXF,0.363024109771504
fam_cn_attractive,nointer,L0,target2,cor,FAM,VXF,0.678013063963083
fam_cn_attractive,nointer,L0,target2,cor,SXF,VXF,-0.0800076753926818
fam_cn_attractive,nointer,L0,Residual,sd,(Observation),,1.30525605919031
fam_cn_charismatic,selected,L0,participant,sd,(Intercept),,0.439238046372447
fam_cn_charismatic,selected,L0,participant,sd,sem_dissim_z,,0.152239289547517
fam_cn_charismatic,selected,L0,participant,sd,vis_dissim_z,,0.114556252841851
fam_cn_charismatic,selected,L0,participant,sd,FAM,,0.236013661305748
fam_cn_charismatic,selected,L0,participant,sd,SXF,,0.109797729042529
fam_cn_charismatic,selected,L0,participant,sd,VXF,,0.0669277877347778
fam_cn_charismatic,selected,L0,participant,cor,(Intercept),sem_dissim_z,0.312744907175566
fam_cn_charismatic,selected,L0,participant,cor,(Intercept),vis_dissim_z,0.25484582368899
fam_cn_charismatic,selected,L0,participant,cor,sem_dissim_z,vis_dissim_z,0.121810537220148
fam_cn_charismatic,selected,L0,participant,cor,(Intercept),FAM,-0.162600496266527
fam_cn_charismatic,selected,L0,participant,cor,sem_dissim_z,FAM,0.0522564481715333
fam_cn_charismatic,selected,L0,participant,cor,vis_dissim_z,FAM,0.109362470776871
fam_cn_charismatic,selected,L0,participant,cor,(Intercept),SXF,0.183523582749742
fam_cn_charismatic,selected,L0,participant,cor,sem_dissim_z,SXF,-0.127553404378619
fam_cn_charismatic,selected,L0,participant,cor,vis_dissim_z,SXF,-0.0546846664299343
fam_cn_charismatic,selected,L0,participant,cor,FAM,SXF,0.189026490364222
fam_cn_charismatic,selected,L0,participant,cor,(Intercept),VXF,-0.243351968054174
fam_cn_charismatic,selected,L0,participant,cor,sem_dissim_z,VXF,-0.224254892249294
fam_cn_charismatic,selected,L0,participant,cor,vis_dissim_z,VXF,-0.0384725570564406
fam_cn_charismatic,selected,L0,participant,cor,FAM,VXF,0.303035482578704
fam_cn_charismatic,selected,L0,participant,cor,SXF,VXF,-0.242626984410094
fam_cn_charismatic,selected,L0,target1,sd,(Intercept),,0.11418324632138
fam_cn_charismatic,selected,L0,target1,sd,sem_dissim_z,,0.0400366993640416
fam_cn_charismatic,selected,L0,target1,sd,vis_dissim_z,,0.037497057052958
fam_cn_charismatic,selected,L0,target1,sd,FAM,,0.0773580145115679
fam_cn_charismatic,selected,L0,target1,sd,SXF,,0.0285244988016377
fam_cn_charismatic,selected,L0,target1,sd,VXF,,0.0212335407850458
fam_cn_charismatic,selected,L0,target1,cor,(Intercept),sem_dissim_z,0.176307995153481
fam_cn_charismatic,selected,L0,target1,cor,(Intercept),vis_dissim_z,0.442225665426806
fam_cn_charismatic,selected,L0,target1,cor,sem_dissim_z,vis_dissim_z,-0.0390034353621794
fam_cn_charismatic,selected,L0,target1,cor,(Intercept),FAM,-0.566008467529077
fam_cn_charismatic,selected,L0,target1,cor,sem_dissim_z,FAM,-0.471927477032031
fam_cn_charismatic,selected,L0,target1,cor,vis_dissim_z,FAM,0.0125666971975953
fam_cn_charismatic,selected,L0,target1,cor,(Intercept),SXF,-0.466918260378534
fam_cn_charismatic,selected,L0,target1,cor,sem_dissim_z,SXF,-0.262775362367004
fam_cn_charismatic,selected,L0,target1,cor,vis_dissim_z,SXF,0.233197143347674
fam_cn_charismatic,selected,L0,target1,cor,FAM,SXF,0.895192061905782
fam_cn_charismatic,selected,L0,target1,cor,(Intercept),VXF,-0.192925587593414
fam_cn_charismatic,selected,L0,target1,cor,sem_dissim_z,VXF,-0.103735287655956
fam_cn_charismatic,selected,L0,target1,cor,vis_dissim_z,VXF,0.201780064699724
fam_cn_charismatic,selected,L0,target1,cor,FAM,VXF,0.143269790477238
fam_cn_charismatic,selected,L0,target1,cor,SXF,VXF,0.111275231574987
fam_cn_charismatic,selected,L0,target2,sd,(Intercept),,0.109071407169096
fam_cn_charismatic,selected,L0,target2,sd,sem_dissim_z,,0.115594025530749
fam_cn_charismatic,selected,L0,target2,sd,vis_dissim_z,,0.043063369048478
fam_cn_charismatic,selected,L0,target2,sd,FAM,,0.10054810392101
fam_cn_charismatic,selected,L0,target2,sd,SXF,,0.0361854028034523
fam_cn_charismatic,selected,L0,target2,sd,VXF,,0.0255595147263786
fam_cn_charismatic,selected,L0,target2,cor,(Intercept),sem_dissim_z,0.23952712364186
fam_cn_charismatic,selected,L0,target2,cor,(Intercept),vis_dissim_z,0.335197340144612
fam_cn_charismatic,selected,L0,target2,cor,sem_dissim_z,vis_dissim_z,0.0065203041530339
fam_cn_charismatic,selected,L0,target2,cor,(Intercept),FAM,-0.303501359224991
fam_cn_charismatic,selected,L0,target2,cor,sem_dissim_z,FAM,-0.484353072963317
fam_cn_charismatic,selected,L0,target2,cor,vis_dissim_z,FAM,0.0357310560388094
fam_cn_charismatic,selected,L0,target2,cor,(Intercept),SXF,0.0512811630845113
fam_cn_charismatic,selected,L0,target2,cor,sem_dissim_z,SXF,-0.587326448525118
fam_cn_charismatic,selected,L0,target2,cor,vis_dissim_z,SXF,0.0772062772720831
fam_cn_charismatic,selected,L0,target2,cor,FAM,SXF,0.656476027460194
fam_cn_charismatic,selected,L0,target2,cor,(Intercept),VXF,-0.43518700672151
fam_cn_charismatic,selected,L0,target2,cor,sem_dissim_z,VXF,0.0572201143915095
fam_cn_charismatic,selected,L0,target2,cor,vis_dissim_z,VXF,-0.640476399750917
fam_cn_charismatic,selected,L0,target2,cor,FAM,VXF,0.150268144454067
fam_cn_charismatic,selected,L0,target2,cor,SXF,VXF,-0.391955538705665
fam_cn_charismatic,selected,L0,Residual,sd,(Observation),,1.26723845648006
fam_cn_charismatic,nointer,L0,participant,sd,(Intercept),,0.439272217752188
fam_cn_charismatic,nointer,L0,participant,sd,sem_dissim_z,,0.152442189832469
fam_cn_charismatic,nointer,L0,participant,sd,vis_dissim_z,,0.114543256743702
fam_cn_charismatic,nointer,L0,participant,sd,FAM,,0.235967177808168
fam_cn_charismatic,nointer,L0,participant,sd,SXF,,0.110324628088481
fam_cn_charismatic,nointer,L0,participant,sd,VXF,,0.0669234512118731
fam_cn_charismatic,nointer,L0,participant,cor,(Intercept),sem_dissim_z,0.313203902518645
fam_cn_charismatic,nointer,L0,participant,cor,(Intercept),vis_dissim_z,0.254540850735353
fam_cn_charismatic,nointer,L0,participant,cor,sem_dissim_z,vis_dissim_z,0.121700762483578
fam_cn_charismatic,nointer,L0,participant,cor,(Intercept),FAM,-0.161857984915405
fam_cn_charismatic,nointer,L0,participant,cor,sem_dissim_z,FAM,0.0512863483104794
fam_cn_charismatic,nointer,L0,participant,cor,vis_dissim_z,FAM,0.109982541582751
fam_cn_charismatic,nointer,L0,participant,cor,(Intercept),SXF,0.180743914319945
fam_cn_charismatic,nointer,L0,participant,cor,sem_dissim_z,SXF,-0.129608844088599
fam_cn_charismatic,nointer,L0,participant,cor,vis_dissim_z,SXF,-0.0554585325629086
fam_cn_charismatic,nointer,L0,participant,cor,FAM,SXF,0.190343173376098
fam_cn_charismatic,nointer,L0,participant,cor,(Intercept),VXF,-0.242266158879069
fam_cn_charismatic,nointer,L0,participant,cor,sem_dissim_z,VXF,-0.222789189312746
fam_cn_charismatic,nointer,L0,participant,cor,vis_dissim_z,VXF,-0.0381569409924485
fam_cn_charismatic,nointer,L0,participant,cor,FAM,VXF,0.302076123573846
fam_cn_charismatic,nointer,L0,participant,cor,SXF,VXF,-0.244119311980197
fam_cn_charismatic,nointer,L0,target1,sd,(Intercept),,0.114310746162948
fam_cn_charismatic,nointer,L0,target1,sd,sem_dissim_z,,0.0399517617996192
fam_cn_charismatic,nointer,L0,target1,sd,vis_dissim_z,,0.0377809582040092
fam_cn_charismatic,nointer,L0,target1,sd,FAM,,0.0777248533681089
fam_cn_charismatic,nointer,L0,target1,sd,SXF,,0.0295154887082877
fam_cn_charismatic,nointer,L0,target1,sd,VXF,,0.0211159605906402
fam_cn_charismatic,nointer,L0,target1,cor,(Intercept),sem_dissim_z,0.168880163353464
fam_cn_charismatic,nointer,L0,target1,cor,(Intercept),vis_dissim_z,0.44174496515664
fam_cn_charismatic,nointer,L0,target1,cor,sem_dissim_z,vis_dissim_z,-0.0525538062505786
fam_cn_charismatic,nointer,L0,target1,cor,(Intercept),FAM,-0.562273631716094
fam_cn_charismatic,nointer,L0,target1,cor,sem_dissim_z,FAM,-0.465690415258417
fam_cn_charismatic,nointer,L0,target1,cor,vis_dissim_z,FAM,0.0173500375387057
fam_cn_charismatic,nointer,L0,target1,cor,(Intercept),SXF,-0.458719440263488
fam_cn_charismatic,nointer,L0,target1,cor,sem_dissim_z,SXF,-0.272526161404843
fam_cn_charismatic,nointer,L0,target1,cor,vis_dissim_z,SXF,0.259991354562439
fam_cn_charismatic,nointer,L0,target1,cor,FAM,SXF,0.890251835583712
fam_cn_charismatic,nointer,L0,target1,cor,(Intercept),VXF,-0.205681180429611
fam_cn_charismatic,nointer,L0,target1,cor,sem_dissim_z,VXF,-0.112397057701636
fam_cn_charismatic,nointer,L0,target1,cor,vis_dissim_z,VXF,0.194174423761632
fam_cn_charismatic,nointer,L0,target1,cor,FAM,VXF,0.141993091539762
fam_cn_charismatic,nointer,L0,target1,cor,SXF,VXF,0.116748587571893
fam_cn_charismatic,nointer,L0,target2,sd,(Intercept),,0.109194307251893
fam_cn_charismatic,nointer,L0,target2,sd,sem_dissim_z,,0.11584551429771
fam_cn_charismatic,nointer,L0,target2,sd,vis_dissim_z,,0.0431698009338983
fam_cn_charismatic,nointer,L0,target2,sd,FAM,,0.100851328350524
fam_cn_charismatic,nointer,L0,target2,sd,SXF,,0.0364991154902446
fam_cn_charismatic,nointer,L0,target2,sd,VXF,,0.0257824597296466
fam_cn_charismatic,nointer,L0,target2,cor,(Intercept),sem_dissim_z,0.233909709201184
fam_cn_charismatic,nointer,L0,target2,cor,(Intercept),vis_dissim_z,0.340601993234627
fam_cn_charismatic,nointer,L0,target2,cor,sem_dissim_z,vis_dissim_z,0.0077766622518298
fam_cn_charismatic,nointer,L0,target2,cor,(Intercept),FAM,-0.298223244164857
fam_cn_charismatic,nointer,L0,target2,cor,sem_dissim_z,FAM,-0.482747301626086
fam_cn_charismatic,nointer,L0,target2,cor,vis_dissim_z,FAM,0.032013478759721
fam_cn_charismatic,nointer,L0,target2,cor,(Intercept),SXF,0.0680794236852371
fam_cn_charismatic,nointer,L0,target2,cor,sem_dissim_z,SXF,-0.583632167220724
fam_cn_charismatic,nointer,L0,target2,cor,vis_dissim_z,SXF,0.0794314946890754
fam_cn_charismatic,nointer,L0,target2,cor,FAM,SXF,0.652606096331888
fam_cn_charismatic,nointer,L0,target2,cor,(Intercept),VXF,-0.451121976187103
fam_cn_charismatic,nointer,L0,target2,cor,sem_dissim_z,VXF,0.0449866884495284
fam_cn_charismatic,nointer,L0,target2,cor,vis_dissim_z,VXF,-0.632331234795628
fam_cn_charismatic,nointer,L0,target2,cor,FAM,VXF,0.161137422323209
fam_cn_charismatic,nointer,L0,target2,cor,SXF,VXF,-0.386831101912444
fam_cn_charismatic,nointer,L0,Residual,sd,(Observation),,1.26724045928845
fam_cn_competent,selected,L0,participant,sd,(Intercept),,0.389140561111876
fam_cn_competent,selected,L0,participant,sd,sem_dissim_z,,0.132359780831243
fam_cn_competent,selected,L0,participant,sd,vis_dissim_z,,0.0907126881183779
fam_cn_competent,selected,L0,participant,sd,FAM,,0.246845021922172
fam_cn_competent,selected,L0,participant,sd,SXF,,0.105550710996723
fam_cn_competent,selected,L0,participant,sd,VXF,,0.0718727494564488
fam_cn_competent,selected,L0,participant,cor,(Intercept),sem_dissim_z,0.170229996097473
fam_cn_competent,selected,L0,participant,cor,(Intercept),vis_dissim_z,0.362865516625463
fam_cn_competent,selected,L0,participant,cor,sem_dissim_z,vis_dissim_z,-0.197222068339346
fam_cn_competent,selected,L0,participant,cor,(Intercept),FAM,-0.21031810299704
fam_cn_competent,selected,L0,participant,cor,sem_dissim_z,FAM,0.127441582038459
fam_cn_competent,selected,L0,participant,cor,vis_dissim_z,FAM,0.0643617124180944
fam_cn_competent,selected,L0,participant,cor,(Intercept),SXF,-0.113235180766994
fam_cn_competent,selected,L0,participant,cor,sem_dissim_z,SXF,-0.228150955191081
fam_cn_competent,selected,L0,participant,cor,vis_dissim_z,SXF,-0.0769937778454594
fam_cn_competent,selected,L0,participant,cor,FAM,SXF,0.197588379338115
fam_cn_competent,selected,L0,participant,cor,(Intercept),VXF,0.10078374737311
fam_cn_competent,selected,L0,participant,cor,sem_dissim_z,VXF,0.108552127141349
fam_cn_competent,selected,L0,participant,cor,vis_dissim_z,VXF,0.15810662228817
fam_cn_competent,selected,L0,participant,cor,FAM,VXF,0.130585159110819
fam_cn_competent,selected,L0,participant,cor,SXF,VXF,-0.575936652447788
fam_cn_competent,selected,L0,target1,sd,(Intercept),,0.107246055805693
fam_cn_competent,selected,L0,target1,sd,sem_dissim_z,,0.120176374003
fam_cn_competent,selected,L0,target1,sd,vis_dissim_z,,0.0380848026757923
fam_cn_competent,selected,L0,target1,sd,FAM,,0.0943245553870439
fam_cn_competent,selected,L0,target1,sd,SXF,,0.0293611188828262
fam_cn_competent,selected,L0,target1,sd,VXF,,0.0225250757805061
fam_cn_competent,selected,L0,target1,cor,(Intercept),sem_dissim_z,0.411228472778491
fam_cn_competent,selected,L0,target1,cor,(Intercept),vis_dissim_z,0.103861224722843
fam_cn_competent,selected,L0,target1,cor,sem_dissim_z,vis_dissim_z,0.142960277914655
fam_cn_competent,selected,L0,target1,cor,(Intercept),FAM,0.571984079797134
fam_cn_competent,selected,L0,target1,cor,sem_dissim_z,FAM,0.50700065765412
fam_cn_competent,selected,L0,target1,cor,vis_dissim_z,FAM,-0.201308485801343
fam_cn_competent,selected,L0,target1,cor,(Intercept),SXF,0.719913358038567
fam_cn_competent,selected,L0,target1,cor,sem_dissim_z,SXF,0.764508852259976
fam_cn_competent,selected,L0,target1,cor,vis_dissim_z,SXF,-0.0048115518114709
fam_cn_competent,selected,L0,target1,cor,FAM,SXF,0.848075696360142
fam_cn_competent,selected,L0,target1,cor,(Intercept),VXF,-0.299093285040768
fam_cn_competent,selected,L0,target1,cor,sem_dissim_z,VXF,0.181060601758893
fam_cn_competent,selected,L0,target1,cor,vis_dissim_z,VXF,-0.487686719434569
fam_cn_competent,selected,L0,target1,cor,FAM,VXF,0.471179481006623
fam_cn_competent,selected,L0,target1,cor,SXF,VXF,0.312682289679522
fam_cn_competent,selected,L0,target2,sd,(Intercept),,0.126916905531571
fam_cn_competent,selected,L0,target2,sd,sem_dissim_z,,0.0677372648531178
fam_cn_competent,selected,L0,target2,sd,vis_dissim_z,,0.0486172785689851
fam_cn_competent,selected,L0,target2,sd,FAM,,0.126039713489871
fam_cn_competent,selected,L0,target2,sd,SXF,,0.0289387149453058
fam_cn_competent,selected,L0,target2,sd,VXF,,0.0173488538451445
fam_cn_competent,selected,L0,target2,cor,(Intercept),sem_dissim_z,0.550790477719973
fam_cn_competent,selected,L0,target2,cor,(Intercept),vis_dissim_z,-0.297043865483434
fam_cn_competent,selected,L0,target2,cor,sem_dissim_z,vis_dissim_z,-0.332652835347551
fam_cn_competent,selected,L0,target2,cor,(Intercept),FAM,0.775771135370893
fam_cn_competent,selected,L0,target2,cor,sem_dissim_z,FAM,0.643857653740796
fam_cn_competent,selected,L0,target2,cor,vis_dissim_z,FAM,-0.560912031522535
fam_cn_competent,selected,L0,target2,cor,(Intercept),SXF,0.686707294858385
fam_cn_competent,selected,L0,target2,cor,sem_dissim_z,SXF,0.52315901627811
fam_cn_competent,selected,L0,target2,cor,vis_dissim_z,SXF,-0.0093403000272687
fam_cn_competent,selected,L0,target2,cor,FAM,SXF,0.632416573072863
fam_cn_competent,selected,L0,target2,cor,(Intercept),VXF,-0.230780482396449
fam_cn_competent,selected,L0,target2,cor,sem_dissim_z,VXF,0.101122241114609
fam_cn_competent,selected,L0,target2,cor,vis_dissim_z,VXF,-0.435599914738269
fam_cn_competent,selected,L0,target2,cor,FAM,VXF,0.0346002704655854
fam_cn_competent,selected,L0,target2,cor,SXF,VXF,-0.134497169305718
fam_cn_competent,selected,L0,Residual,sd,(Observation),,1.11129324299055
fam_cn_competent,nointer,L0,participant,sd,(Intercept),,0.389450204789599
fam_cn_competent,nointer,L0,participant,sd,sem_dissim_z,,0.132611240948989
fam_cn_competent,nointer,L0,participant,sd,vis_dissim_z,,0.0907538300760431
fam_cn_competent,nointer,L0,participant,sd,FAM,,0.247055005335641
fam_cn_competent,nointer,L0,participant,sd,SXF,,0.107186838179459
fam_cn_competent,nointer,L0,participant,sd,VXF,,0.0722412958796023
fam_cn_competent,nointer,L0,participant,cor,(Intercept),sem_dissim_z,0.16637583361451
fam_cn_competent,nointer,L0,participant,cor,(Intercept),vis_dissim_z,0.364378420297245
fam_cn_competent,nointer,L0,participant,cor,sem_dissim_z,vis_dissim_z,-0.198738052549955
fam_cn_competent,nointer,L0,participant,cor,(Intercept),FAM,-0.211503753843781
fam_cn_competent,nointer,L0,participant,cor,sem_dissim_z,FAM,0.128408084093143
fam_cn_competent,nointer,L0,participant,cor,vis_dissim_z,FAM,0.0630213268223216
fam_cn_competent,nointer,L0,participant,cor,(Intercept),SXF,-0.108985345064331
fam_cn_competent,nointer,L0,participant,cor,sem_dissim_z,SXF,-0.233293281244786
fam_cn_competent,nointer,L0,participant,cor,vis_dissim_z,SXF,-0.075695053311191
fam_cn_competent,nointer,L0,participant,cor,FAM,SXF,0.195770460214814
fam_cn_competent,nointer,L0,participant,cor,(Intercept),VXF,0.0995050216443129
fam_cn_competent,nointer,L0,participant,cor,sem_dissim_z,VXF,0.112631911125167
fam_cn_competent,nointer,L0,participant,cor,vis_dissim_z,VXF,0.156945757110468
fam_cn_competent,nointer,L0,participant,cor,FAM,VXF,0.128625263962006
fam_cn_competent,nointer,L0,participant,cor,SXF,VXF,-0.581934373072858
fam_cn_competent,nointer,L0,target1,sd,(Intercept),,0.109519661167739
fam_cn_competent,nointer,L0,target1,sd,sem_dissim_z,,0.123609065029335
fam_cn_competent,nointer,L0,target1,sd,vis_dissim_z,,0.0381376528964512
fam_cn_competent,nointer,L0,target1,sd,FAM,,0.0957196598988826
fam_cn_competent,nointer,L0,target1,sd,SXF,,0.0346305700382876
fam_cn_competent,nointer,L0,target1,sd,VXF,,0.0229025826313938
fam_cn_competent,nointer,L0,target1,cor,(Intercept),sem_dissim_z,0.446669005346496
fam_cn_competent,nointer,L0,target1,cor,(Intercept),vis_dissim_z,0.0897300701857851
fam_cn_competent,nointer,L0,target1,cor,sem_dissim_z,vis_dissim_z,0.127287290716826
fam_cn_competent,nointer,L0,target1,cor,(Intercept),FAM,0.594084968114286
fam_cn_competent,nointer,L0,target1,cor,sem_dissim_z,FAM,0.543425619924273
fam_cn_competent,nointer,L0,target1,cor,vis_dissim_z,FAM,-0.205157370742673
fam_cn_competent,nointer,L0,target1,cor,(Intercept),SXF,0.693155702205567
fam_cn_competent,nointer,L0,target1,cor,sem_dissim_z,SXF,0.777822289320203
fam_cn_competent,nointer,L0,target1,cor,vis_dissim_z,SXF,-0.0760757355661025
fam_cn_competent,nointer,L0,target1,cor,FAM,SXF,0.843636478127198
fam_cn_competent,nointer,L0,target1,cor,(Intercept),VXF,-0.284256917446953
fam_cn_competent,nointer,L0,target1,cor,sem_dissim_z,VXF,0.197665026592019
fam_cn_competent,nointer,L0,target1,cor,vis_dissim_z,VXF,-0.493912538224798
fam_cn_competent,nointer,L0,target1,cor,FAM,VXF,0.455270122480675
fam_cn_competent,nointer,L0,target1,cor,SXF,VXF,0.322917497953686
fam_cn_competent,nointer,L0,target2,sd,(Intercept),,0.128989360203187
fam_cn_competent,nointer,L0,target2,sd,sem_dissim_z,,0.0683981812314303
fam_cn_competent,nointer,L0,target2,sd,vis_dissim_z,,0.0487524601593438
fam_cn_competent,nointer,L0,target2,sd,FAM,,0.126943433883835
fam_cn_competent,nointer,L0,target2,sd,SXF,,0.0323616862178052
fam_cn_competent,nointer,L0,target2,sd,VXF,,0.0180489209387813
fam_cn_competent,nointer,L0,target2,cor,(Intercept),sem_dissim_z,0.57117133283377
fam_cn_competent,nointer,L0,target2,cor,(Intercept),vis_dissim_z,-0.285985242093196
fam_cn_competent,nointer,L0,target2,cor,sem_dissim_z,vis_dissim_z,-0.314446861833068
fam_cn_competent,nointer,L0,target2,cor,(Intercept),FAM,0.783786523513968
fam_cn_competent,nointer,L0,target2,cor,sem_dissim_z,FAM,0.654743986150143
fam_cn_competent,nointer,L0,target2,cor,vis_dissim_z,FAM,-0.541966179391792
fam_cn_competent,nointer,L0,target2,cor,(Intercept),SXF,0.670945171599378
fam_cn_competent,nointer,L0,target2,cor,sem_dissim_z,SXF,0.551430491257637
fam_cn_competent,nointer,L0,target2,cor,vis_dissim_z,SXF,0.0360116333124305
fam_cn_competent,nointer,L0,target2,cor,FAM,SXF,0.624604873363076
fam_cn_competent,nointer,L0,target2,cor,(Intercept),VXF,-0.236195626781852
fam_cn_competent,nointer,L0,target2,cor,sem_dissim_z,VXF,0.0913990436063687
fam_cn_competent,nointer,L0,target2,cor,vis_dissim_z,VXF,-0.450423344351229
fam_cn_competent,nointer,L0,target2,cor,FAM,VXF,0.0180895625975386
fam_cn_competent,nointer,L0,target2,cor,SXF,VXF,-0.187888957393109
fam_cn_competent,nointer,L0,Residual,sd,(Observation),,1.11128222774997
fam_cn_critical,selected,L2,participant,sd,(Intercept),,0.411130726156705
fam_cn_critical,selected,L2,participant,sd,sem_dissim_z,,0.142715708608025
fam_cn_critical,selected,L2,participant,sd,vis_dissim_z,,0.089219903064291
fam_cn_critical,selected,L2,participant,sd,FAM,,0.181502463929897
fam_cn_critical,selected,L2,participant,sd,SXF,,0.0820776822166316
fam_cn_critical,selected,L2,participant,sd,VXF,,0.0499099825971443
fam_cn_critical,selected,L2,participant,cor,(Intercept),sem_dissim_z,0.241562776743648
fam_cn_critical,selected,L2,participant,cor,(Intercept),vis_dissim_z,0.243359972328178
fam_cn_critical,selected,L2,participant,cor,sem_dissim_z,vis_dissim_z,0.174526582466645
fam_cn_critical,selected,L2,participant,cor,(Intercept),FAM,-0.0043920376803162
fam_cn_critical,selected,L2,participant,cor,sem_dissim_z,FAM,0.184527492457326
fam_cn_critical,selected,L2,participant,cor,vis_dissim_z,FAM,-0.0219927999662418
fam_cn_critical,selected,L2,participant,cor,(Intercept),SXF,0.0659519901404342
fam_cn_critical,selected,L2,participant,cor,sem_dissim_z,SXF,0.141204341714316
fam_cn_critical,selected,L2,participant,cor,vis_dissim_z,SXF,-0.0209591222159581
fam_cn_critical,selected,L2,participant,cor,FAM,SXF,0.139568514226566
fam_cn_critical,selected,L2,participant,cor,(Intercept),VXF,-0.0132284090831618
fam_cn_critical,selected,L2,participant,cor,sem_dissim_z,VXF,-0.138669204178048
fam_cn_critical,selected,L2,participant,cor,vis_dissim_z,VXF,-0.10552221760737
fam_cn_critical,selected,L2,participant,cor,FAM,VXF,0.237155721065514
fam_cn_critical,selected,L2,participant,cor,SXF,VXF,-0.17175681788474
fam_cn_critical,selected,L2,target1,sd,(Intercept),,0.115099738128681
fam_cn_critical,selected,L2,target1,sd,sem_dissim_z,,0.113717375145721
fam_cn_critical,selected,L2,target1,sd,vis_dissim_z,,0.051532564847226
fam_cn_critical,selected,L2,target1,cor,(Intercept),sem_dissim_z,0.0124549333915074
fam_cn_critical,selected,L2,target1,cor,(Intercept),vis_dissim_z,0.232289051847931
fam_cn_critical,selected,L2,target1,cor,sem_dissim_z,vis_dissim_z,-0.423564537549672
fam_cn_critical,selected,L2,target2,sd,(Intercept),,0.136878590645854
fam_cn_critical,selected,L2,target2,sd,sem_dissim_z,,0.150408395433445
fam_cn_critical,selected,L2,target2,sd,vis_dissim_z,,0.0664953589005426
fam_cn_critical,selected,L2,target2,cor,(Intercept),sem_dissim_z,-0.33099787424832
fam_cn_critical,selected,L2,target2,cor,(Intercept),vis_dissim_z,0.665205005769951
fam_cn_critical,selected,L2,target2,cor,sem_dissim_z,vis_dissim_z,-0.327464032654674
fam_cn_critical,selected,L2,Residual,sd,(Observation),,1.36064736236081
fam_cn_critical,nointer,L2,participant,sd,(Intercept),,0.41120709955315
fam_cn_critical,nointer,L2,participant,sd,sem_dissim_z,,0.142822857502671
fam_cn_critical,nointer,L2,participant,sd,vis_dissim_z,,0.0891907920361654
fam_cn_critical,nointer,L2,participant,sd,FAM,,0.181621877757318
fam_cn_critical,nointer,L2,participant,sd,SXF,,0.0822333157002892
fam_cn_critical,nointer,L2,participant,sd,VXF,,0.0500060538051692
fam_cn_critical,nointer,L2,participant,cor,(Intercept),sem_dissim_z,0.240548525118001
fam_cn_critical,nointer,L2,participant,cor,(Intercept),vis_dissim_z,0.243852548068922
fam_cn_critical,nointer,L2,participant,cor,sem_dissim_z,vis_dissim_z,0.174661858447417
fam_cn_critical,nointer,L2,participant,cor,(Intercept),FAM,-0.0050087330841228
fam_cn_critical,nointer,L2,participant,cor,sem_dissim_z,FAM,0.187657416725183
fam_cn_critical,nointer,L2,participant,cor,vis_dissim_z,FAM,-0.0249903343617981
fam_cn_critical,nointer,L2,participant,cor,(Intercept),SXF,0.0730828155789943
fam_cn_critical,nointer,L2,participant,cor,sem_dissim_z,SXF,0.144289534386902
fam_cn_critical,nointer,L2,participant,cor,vis_dissim_z,SXF,-0.0232639789684682
fam_cn_critical,nointer,L2,participant,cor,FAM,SXF,0.136114696462961
fam_cn_critical,nointer,L2,participant,cor,(Intercept),VXF,-0.0204400449242128
fam_cn_critical,nointer,L2,participant,cor,sem_dissim_z,VXF,-0.14126705901825
fam_cn_critical,nointer,L2,participant,cor,vis_dissim_z,VXF,-0.104963979448481
fam_cn_critical,nointer,L2,participant,cor,FAM,VXF,0.239890561219832
fam_cn_critical,nointer,L2,participant,cor,SXF,VXF,-0.173582705622349
fam_cn_critical,nointer,L2,target1,sd,(Intercept),,0.115074158033446
fam_cn_critical,nointer,L2,target1,sd,sem_dissim_z,,0.11372947449467
fam_cn_critical,nointer,L2,target1,sd,vis_dissim_z,,0.0516028942602872
fam_cn_critical,nointer,L2,target1,cor,(Intercept),sem_dissim_z,0.0148109994689062
fam_cn_critical,nointer,L2,target1,cor,(Intercept),vis_dissim_z,0.228995136863391
fam_cn_critical,nointer,L2,target1,cor,sem_dissim_z,vis_dissim_z,-0.42440698743773
fam_cn_critical,nointer,L2,target2,sd,(Intercept),,0.136896121973652
fam_cn_critical,nointer,L2,target2,sd,sem_dissim_z,,0.150515543372014
fam_cn_critical,nointer,L2,target2,sd,vis_dissim_z,,0.0664873470821368
fam_cn_critical,nointer,L2,target2,cor,(Intercept),sem_dissim_z,-0.331394741082493
fam_cn_critical,nointer,L2,target2,cor,(Intercept),vis_dissim_z,0.66577085173199
fam_cn_critical,nointer,L2,target2,cor,sem_dissim_z,vis_dissim_z,-0.327991836644772
fam_cn_critical,nointer,L2,Residual,sd,(Observation),,1.36065313719396
fam_cn_critical,L0,L0,participant,sd,(Intercept),,0.409803883109442
fam_cn_critical,L0,L0,participant,sd,sem_dissim_z,,0.142055154651407
fam_cn_critical,L0,L0,participant,sd,vis_dissim_z,,0.0892754171633134
fam_cn_critical,L0,L0,participant,sd,FAM,,0.181718050442623
fam_cn_critical,L0,L0,participant,sd,SXF,,0.0820019338738051
fam_cn_critical,L0,L0,participant,sd,VXF,,0.0499923067631598
fam_cn_critical,L0,L0,participant,cor,(Intercept),sem_dissim_z,0.241737109198003
fam_cn_critical,L0,L0,participant,cor,(Intercept),vis_dissim_z,0.237919701063422
fam_cn_critical,L0,L0,participant,cor,sem_dissim_z,vis_dissim_z,0.172551032459404
fam_cn_critical,L0,L0,participant,cor,(Intercept),FAM,-0.0061886042573034
fam_cn_critical,L0,L0,participant,cor,sem_dissim_z,FAM,0.183345934223555
fam_cn_critical,L0,L0,participant,cor,vis_dissim_z,FAM,-0.0190080286063491
fam_cn_critical,L0,L0,participant,cor,(Intercept),SXF,0.0576008205608506
fam_cn_critical,L0,L0,participant,cor,sem_dissim_z,SXF,0.149366831522671
fam_cn_critical,L0,L0,participant,cor,vis_dissim_z,SXF,-0.0253601641014769
fam_cn_critical,L0,L0,participant,cor,FAM,SXF,0.138620537296863
fam_cn_critical,L0,L0,participant,cor,(Intercept),VXF,-0.0141757380671212
fam_cn_critical,L0,L0,participant,cor,sem_dissim_z,VXF,-0.149136785607596
fam_cn_critical,L0,L0,participant,cor,vis_dissim_z,VXF,-0.101040336693644
fam_cn_critical,L0,L0,participant,cor,FAM,VXF,0.239738299355602
fam_cn_critical,L0,L0,participant,cor,SXF,VXF,-0.176743300859323
fam_cn_critical,L0,L0,target1,sd,(Intercept),,0.112491498489286
fam_cn_critical,L0,L0,target1,sd,sem_dissim_z,,0.114960874841217
fam_cn_critical,L0,L0,target1,sd,vis_dissim_z,,0.0511947078306282
fam_cn_critical,L0,L0,target1,sd,FAM,,0.0488708641773237
fam_cn_critical,L0,L0,target1,sd,SXF,,0.0278424131973829
fam_cn_critical,L0,L0,target1,sd,VXF,,0.0165064944457644
fam_cn_critical,L0,L0,target1,cor,(Intercept),sem_dissim_z,0.0298527889120056
fam_cn_critical,L0,L0,target1,cor,(Intercept),vis_dissim_z,0.205450705395569
fam_cn_critical,L0,L0,target1,cor,sem_dissim_z,vis_dissim_z,-0.414594363573143
fam_cn_critical,L0,L0,target1,cor,(Intercept),FAM,0.460324852847186
fam_cn_critical,L0,L0,target1,cor,sem_dissim_z,FAM,-0.296785708435537
fam_cn_critical,L0,L0,target1,cor,vis_dissim_z,FAM,0.271822576334696
fam_cn_critical,L0,L0,target1,cor,(Intercept),SXF,-0.0008343573257617
fam_cn_critical,L0,L0,target1,cor,sem_dissim_z,SXF,0.783353384334705
fam_cn_critical,L0,L0,target1,cor,vis_dissim_z,SXF,-0.14287287533266
fam_cn_critical,L0,L0,target1,cor,FAM,SXF,0.0702723196515929
fam_cn_critical,L0,L0,target1,cor,(Intercept),VXF,-0.029496778332166
fam_cn_critical,L0,L0,target1,cor,sem_dissim_z,VXF,-0.43421741665111
fam_cn_critical,L0,L0,target1,cor,vis_dissim_z,VXF,0.108014834108976
fam_cn_critical,L0,L0,target1,cor,FAM,VXF,0.359714215499744
fam_cn_critical,L0,L0,target1,cor,SXF,VXF,-0.432122463946348
fam_cn_critical,L0,L0,target2,sd,(Intercept),,0.133356013744096
fam_cn_critical,L0,L0,target2,sd,sem_dissim_z,,0.146268718808024
fam_cn_critical,L0,L0,target2,sd,vis_dissim_z,,0.0628691135235653
fam_cn_critical,L0,L0,target2,sd,FAM,,0.0480076780216109
fam_cn_critical,L0,L0,target2,sd,SXF,,0.0418349245572907
fam_cn_critical,L0,L0,target2,sd,VXF,,0.0152723616048834
fam_cn_critical,L0,L0,target2,cor,(Intercept),sem_dissim_z,-0.273068086746508
fam_cn_critical,L0,L0,target2,cor,(Intercept),vis_dissim_z,0.589006221895668
fam_cn_critical,L0,L0,target2,cor,sem_dissim_z,vis_dissim_z,-0.310246386563138
fam_cn_critical,L0,L0,target2,cor,(Intercept),FAM,0.446720631339399
fam_cn_critical,L0,L0,target2,cor,sem_dissim_z,FAM,-0.332112937959509
fam_cn_critical,L0,L0,target2,cor,vis_dissim_z,FAM,-6.12758883994838e-05
fam_cn_critical,L0,L0,target2,cor,(Intercept),SXF,0.133040518529918
fam_cn_critical,L0,L0,target2,cor,sem_dissim_z,SXF,0.822827011543253
fam_cn_critical,L0,L0,target2,cor,vis_dissim_z,SXF,0.194242162750022
fam_cn_critical,L0,L0,target2,cor,FAM,SXF,-0.0743513426670332
fam_cn_critical,L0,L0,target2,cor,(Intercept),VXF,0.118977334850321
fam_cn_critical,L0,L0,target2,cor,sem_dissim_z,VXF,-0.591472361212798
fam_cn_critical,L0,L0,target2,cor,vis_dissim_z,VXF,0.139333950168224
fam_cn_critical,L0,L0,target2,cor,FAM,VXF,0.343348096005689
fam_cn_critical,L0,L0,target2,cor,SXF,VXF,-0.59618185751138
fam_cn_critical,L0,L0,Residual,sd,(Observation),,1.35878305935849
fam_cn_feminine,selected,L0,participant,sd,(Intercept),,0.238624598831192
fam_cn_feminine,selected,L0,participant,sd,sem_dissim_z,,0.116434132490362
fam_cn_feminine,selected,L0,participant,sd,vis_dissim_z,,0.216800526996289
fam_cn_feminine,selected,L0,participant,sd,FAM,,0.0759935458837502
fam_cn_feminine,selected,L0,participant,sd,SXF,,0.0754808191143708
fam_cn_feminine,selected,L0,participant,sd,VXF,,0.0940619094877161
fam_cn_feminine,selected,L0,participant,cor,(Intercept),sem_dissim_z,0.16269980743065
fam_cn_feminine,selected,L0,participant,cor,(Intercept),vis_dissim_z,0.7681860932356
fam_cn_feminine,selected,L0,participant,cor,sem_dissim_z,vis_dissim_z,-0.234928300173193
fam_cn_feminine,selected,L0,participant,cor,(Intercept),FAM,-0.311337693482636
fam_cn_feminine,selected,L0,participant,cor,sem_dissim_z,FAM,0.13863683912425
fam_cn_feminine,selected,L0,participant,cor,vis_dissim_z,FAM,-0.233991411254703
fam_cn_feminine,selected,L0,participant,cor,(Intercept),SXF,-0.38546927634767
fam_cn_feminine,selected,L0,participant,cor,sem_dissim_z,SXF,-0.0172243756619419
fam_cn_feminine,selected,L0,participant,cor,vis_dissim_z,SXF,-0.456774215480534
fam_cn_feminine,selected,L0,participant,cor,FAM,SXF,-0.0690371471737934
fam_cn_feminine,selected,L0,participant,cor,(Intercept),VXF,0.188530170679679
fam_cn_feminine,selected,L0,participant,cor,sem_dissim_z,VXF,-0.0816485395644173
fam_cn_feminine,selected,L0,participant,cor,vis_dissim_z,VXF,0.260519637069054
fam_cn_feminine,selected,L0,participant,cor,FAM,VXF,0.62384271965859
fam_cn_feminine,selected,L0,participant,cor,SXF,VXF,-0.677577173751396
fam_cn_feminine,selected,L0,target1,sd,(Intercept),,0.858882996863667
fam_cn_feminine,selected,L0,target1,sd,sem_dissim_z,,0.517733468006401
fam_cn_feminine,selected,L0,target1,sd,vis_dissim_z,,0.497795956759456
fam_cn_feminine,selected,L0,target1,sd,FAM,,0.162422414407766
fam_cn_feminine,selected,L0,target1,sd,SXF,,0.202513924574084
fam_cn_feminine,selected,L0,target1,sd,VXF,,0.088157457735382
fam_cn_feminine,selected,L0,target1,cor,(Intercept),sem_dissim_z,-0.0707601367531724
fam_cn_feminine,selected,L0,target1,cor,(Intercept),vis_dissim_z,0.0138439619567636
fam_cn_feminine,selected,L0,target1,cor,sem_dissim_z,vis_dissim_z,-0.435815706080659
fam_cn_feminine,selected,L0,target1,cor,(Intercept),FAM,0.734124803740562
fam_cn_feminine,selected,L0,target1,cor,sem_dissim_z,FAM,0.119281905890156
fam_cn_feminine,selected,L0,target1,cor,vis_dissim_z,FAM,-0.10091525028399
fam_cn_feminine,selected,L0,target1,cor,(Intercept),SXF,0.349117475286507
fam_cn_feminine,selected,L0,target1,cor,sem_dissim_z,SXF,0.383252098071777
fam_cn_feminine,selected,L0,target1,cor,vis_dissim_z,SXF,-0.165785149825988
fam_cn_feminine,selected,L0,target1,cor,FAM,SXF,0.190336855752427
fam_cn_feminine,selected,L0,target1,cor,(Intercept),VXF,-0.0198690612558435
fam_cn_feminine,selected,L0,target1,cor,sem_dissim_z,VXF,-0.404517926385739
fam_cn_feminine,selected,L0,target1,cor,vis_dissim_z,VXF,0.39099135971843
fam_cn_feminine,selected,L0,target1,cor,FAM,VXF,-0.0562032906482636
fam_cn_feminine,selected,L0,target1,cor,SXF,VXF,-0.556552433546953
fam_cn_feminine,selected,L0,target2,sd,(Intercept),,0.574506469663502
fam_cn_feminine,selected,L0,target2,sd,sem_dissim_z,,0.806818271780747
fam_cn_feminine,selected,L0,target2,sd,vis_dissim_z,,0.761909769759897
fam_cn_feminine,selected,L0,target2,sd,FAM,,0.142833052523856
fam_cn_feminine,selected,L0,target2,sd,SXF,,0.1518252090738
fam_cn_feminine,selected,L0,target2,sd,VXF,,0.159678423180647
fam_cn_feminine,selected,L0,target2,cor,(Intercept),sem_dissim_z,-0.758611037074285
fam_cn_feminine,selected,L0,target2,cor,(Intercept),vis_dissim_z,0.32118570817064
fam_cn_feminine,selected,L0,target2,cor,sem_dissim_z,vis_dissim_z,-0.0904871426582033
fam_cn_feminine,selected,L0,target2,cor,(Intercept),FAM,0.403104474889549
fam_cn_feminine,selected,L0,target2,cor,sem_dissim_z,FAM,-0.202842810374984
fam_cn_feminine,selected,L0,target2,cor,vis_dissim_z,FAM,0.053214823155233
fam_cn_feminine,selected,L0,target2,cor,(Intercept),SXF,-0.469241985184776
fam_cn_feminine,selected,L0,target2,cor,sem_dissim_z,SXF,0.627248813369905
fam_cn_feminine,selected,L0,target2,cor,vis_dissim_z,SXF,-0.0311062472533902
fam_cn_feminine,selected,L0,target2,cor,FAM,SXF,-0.160149041841967
fam_cn_feminine,selected,L0,target2,cor,(Intercept),VXF,-0.0327608088114671
fam_cn_feminine,selected,L0,target2,cor,sem_dissim_z,VXF,-0.0114512298036986
fam_cn_feminine,selected,L0,target2,cor,vis_dissim_z,VXF,0.389090885662756
fam_cn_feminine,selected,L0,target2,cor,FAM,VXF,-0.0245941240752667
fam_cn_feminine,selected,L0,target2,cor,SXF,VXF,-0.219288283045392
fam_cn_feminine,selected,L0,Residual,sd,(Observation),,1.58217432178801
fam_cn_feminine,nointer,L0,participant,sd,(Intercept),,0.2386238208625
fam_cn_feminine,nointer,L0,participant,sd,sem_dissim_z,,0.11646265580453
fam_cn_feminine,nointer,L0,participant,sd,vis_dissim_z,,0.216839203131486
fam_cn_feminine,nointer,L0,participant,sd,FAM,,0.0759860210145101
fam_cn_feminine,nointer,L0,participant,sd,SXF,,0.075485643368335
fam_cn_feminine,nointer,L0,participant,sd,VXF,,0.0940946013551168
fam_cn_feminine,nointer,L0,participant,cor,(Intercept),sem_dissim_z,0.162721010778842
fam_cn_feminine,nointer,L0,participant,cor,(Intercept),vis_dissim_z,0.768226105227484
fam_cn_feminine,nointer,L0,participant,cor,sem_dissim_z,vis_dissim_z,-0.234425330753076
fam_cn_feminine,nointer,L0,participant,cor,(Intercept),FAM,-0.311303684577461
fam_cn_feminine,nointer,L0,participant,cor,sem_dissim_z,FAM,0.138275144022722
fam_cn_feminine,nointer,L0,participant,cor,vis_dissim_z,FAM,-0.234458550618154
fam_cn_feminine,nointer,L0,participant,cor,(Intercept),SXF,-0.385267918634028
fam_cn_feminine,nointer,L0,participant,cor,sem_dissim_z,SXF,-0.0175416117337264
fam_cn_feminine,nointer,L0,participant,cor,vis_dissim_z,SXF,-0.456796590501522
fam_cn_feminine,nointer,L0,participant,cor,FAM,SXF,-0.0691562987964158
fam_cn_feminine,nointer,L0,participant,cor,(Intercept),VXF,0.18904886970795
fam_cn_feminine,nointer,L0,participant,cor,sem_dissim_z,VXF,-0.0822883315259976
fam_cn_feminine,nointer,L0,participant,cor,vis_dissim_z,VXF,0.261135555331993
fam_cn_feminine,nointer,L0,participant,cor,FAM,VXF,0.623917371773107
fam_cn_feminine,nointer,L0,participant,cor,SXF,VXF,-0.677689310765436
fam_cn_feminine,nointer,L0,target1,sd,(Intercept),,0.860459436116765
fam_cn_feminine,nointer,L0,target1,sd,sem_dissim_z,,0.517706722673486
fam_cn_feminine,nointer,L0,target1,sd,vis_dissim_z,,0.49802767673523
fam_cn_feminine,nointer,L0,target1,sd,FAM,,0.162445283035936
fam_cn_feminine,nointer,L0,target1,sd,SXF,,0.203901843573369
fam_cn_feminine,nointer,L0,target1,sd,VXF,,0.0884732309819736
fam_cn_feminine,nointer,L0,target1,cor,(Intercept),sem_dissim_z,-0.0700783219848014
fam_cn_feminine,nointer,L0,target1,cor,(Intercept),vis_dissim_z,0.0145793035892906
fam_cn_feminine,nointer,L0,target1,cor,sem_dissim_z,vis_dissim_z,-0.435902092853522
fam_cn_feminine,nointer,L0,target1,cor,(Intercept),FAM,0.732499831913043
fam_cn_feminine,nointer,L0,target1,cor,sem_dissim_z,FAM,0.121251655548156
fam_cn_feminine,nointer,L0,target1,cor,vis_dissim_z,FAM,-0.101079621840847
fam_cn_feminine,nointer,L0,target1,cor,(Intercept),SXF,0.354726374565871
fam_cn_feminine,nointer,L0,target1,cor,sem_dissim_z,SXF,0.379853318038671
fam_cn_feminine,nointer,L0,target1,cor,vis_dissim_z,SXF,-0.164310478861531
fam_cn_feminine,nointer,L0,target1,cor,FAM,SXF,0.191183325003214
fam_cn_feminine,nointer,L0,target1,cor,(Intercept),VXF,-0.0108276600321836
fam_cn_feminine,nointer,L0,target1,cor,sem_dissim_z,VXF,-0.4045372635935
fam_cn_feminine,nointer,L0,target1,cor,vis_dissim_z,VXF,0.384718965342003
fam_cn_feminine,nointer,L0,target1,cor,FAM,VXF,-0.0503686957559681
fam_cn_feminine,nointer,L0,target1,cor,SXF,VXF,-0.547965997708962
fam_cn_feminine,nointer,L0,target2,sd,(Intercept),,0.574313114418639
fam_cn_feminine,nointer,L0,target2,sd,sem_dissim_z,,0.808927657761632
fam_cn_feminine,nointer,L0,target2,sd,vis_dissim_z,,0.76575574205635
fam_cn_feminine,nointer,L0,target2,sd,FAM,,0.14300869422796
fam_cn_feminine,nointer,L0,target2,sd,SXF,,0.152517995354707
fam_cn_feminine,nointer,L0,target2,sd,VXF,,0.16325172392875
fam_cn_feminine,nointer,L0,target2,cor,(Intercept),sem_dissim_z,-0.759420109170489
fam_cn_feminine,nointer,L0,target2,cor,(Intercept),vis_dissim_z,0.311089919021244
fam_cn_feminine,nointer,L0,target2,cor,sem_dissim_z,vis_dissim_z,-0.0809388629373162
fam_cn_feminine,nointer,L0,target2,cor,(Intercept),FAM,0.401927580825037
fam_cn_feminine,nointer,L0,target2,cor,sem_dissim_z,FAM,-0.202825008353092
fam_cn_feminine,nointer,L0,target2,cor,vis_dissim_z,FAM,0.0451953997391211
fam_cn_feminine,nointer,L0,target2,cor,(Intercept),SXF,-0.471644394054698
fam_cn_feminine,nointer,L0,target2,cor,sem_dissim_z,SXF,0.630939883853567
fam_cn_feminine,nointer,L0,target2,cor,vis_dissim_z,SXF,-0.0175891888694119
fam_cn_feminine,nointer,L0,target2,cor,FAM,SXF,-0.163992068267095
fam_cn_feminine,nointer,L0,target2,cor,(Intercept),VXF,-0.0405820177884171
fam_cn_feminine,nointer,L0,target2,cor,sem_dissim_z,VXF,-0.0001093866696706
fam_cn_feminine,nointer,L0,target2,cor,vis_dissim_z,VXF,0.402260911907757
fam_cn_feminine,nointer,L0,target2,cor,FAM,VXF,-0.0305128158178324
fam_cn_feminine,nointer,L0,target2,cor,SXF,VXF,-0.194740316019256
fam_cn_feminine,nointer,L0,Residual,sd,(Observation),,1.58217437470017
fam_cn_practical,selected,L1,participant,sd,(Intercept),,0.409515810287274
fam_cn_practical,selected,L1,participant,sd,sem_dissim_z,,0.133485036592777
fam_cn_practical,selected,L1,participant,sd,vis_dissim_z,,0.124545112237158
fam_cn_practical,selected,L1,participant,sd,FAM,,0.200636492140108
fam_cn_practical,selected,L1,participant,sd,SXF,,0.0842976568945072
fam_cn_practical,selected,L1,participant,sd,VXF,,0.0698092087026027
fam_cn_practical,selected,L1,participant,cor,(Intercept),sem_dissim_z,0.119006961799975
fam_cn_practical,selected,L1,participant,cor,(Intercept),vis_dissim_z,0.458066500839614
fam_cn_practical,selected,L1,participant,cor,sem_dissim_z,vis_dissim_z,0.0815709839556578
fam_cn_practical,selected,L1,participant,cor,(Intercept),FAM,-0.186093702199399
fam_cn_practical,selected,L1,participant,cor,sem_dissim_z,FAM,0.236745796378141
fam_cn_practical,selected,L1,participant,cor,vis_dissim_z,FAM,0.0672729539429411
fam_cn_practical,selected,L1,participant,cor,(Intercept),SXF,-0.158913986350896
fam_cn_practical,selected,L1,participant,cor,sem_dissim_z,SXF,-0.0307670311875435
fam_cn_practical,selected,L1,participant,cor,vis_dissim_z,SXF,-0.143629741246073
fam_cn_practical,selected,L1,participant,cor,FAM,SXF,0.150309289651295
fam_cn_practical,selected,L1,participant,cor,(Intercept),VXF,0.108124579148692
fam_cn_practical,selected,L1,participant,cor,sem_dissim_z,VXF,0.0229180085714622
fam_cn_practical,selected,L1,participant,cor,vis_dissim_z,VXF,0.0796890751721211
fam_cn_practical,selected,L1,participant,cor,FAM,VXF,0.152721682858486
fam_cn_practical,selected,L1,participant,cor,SXF,VXF,-0.364426911574619
fam_cn_practical,selected,L1,target1,sd,(Intercept),,0.115737438446282
fam_cn_practical,selected,L1,target1,sd,sem_dissim_z,,0.124410386613639
fam_cn_practical,selected,L1,target1,sd,vis_dissim_z,,0.0410678974267152
fam_cn_practical,selected,L1,target1,sd,FAM,,0.0828216752517784
fam_cn_practical,selected,L1,target1,cor,(Intercept),sem_dissim_z,0.316020714598958
fam_cn_practical,selected,L1,target1,cor,(Intercept),vis_dissim_z,0.0638035433153661
fam_cn_practical,selected,L1,target1,cor,sem_dissim_z,vis_dissim_z,-0.109173212574736
fam_cn_practical,selected,L1,target1,cor,(Intercept),FAM,0.551873290223131
fam_cn_practical,selected,L1,target1,cor,sem_dissim_z,FAM,0.587675346190446
fam_cn_practical,selected,L1,target1,cor,vis_dissim_z,FAM,-0.208568894042528
fam_cn_practical,selected,L1,target2,sd,(Intercept),,0.144794617315165
fam_cn_practical,selected,L1,target2,sd,sem_dissim_z,,0.0954293178231353
fam_cn_practical,selected,L1,target2,sd,vis_dissim_z,,0.055524240118944
fam_cn_practical,selected,L1,target2,sd,FAM,,0.0990662121903361
fam_cn_practical,selected,L1,target2,cor,(Intercept),sem_dissim_z,0.522345850372366
fam_cn_practical,selected,L1,target2,cor,(Intercept),vis_dissim_z,-0.252930630607641
fam_cn_practical,selected,L1,target2,cor,sem_dissim_z,vis_dissim_z,-0.482431894988816
fam_cn_practical,selected,L1,target2,cor,(Intercept),FAM,0.782888243094145
fam_cn_practical,selected,L1,target2,cor,sem_dissim_z,FAM,0.73067144357861
fam_cn_practical,selected,L1,target2,cor,vis_dissim_z,FAM,-0.512898540448751
fam_cn_practical,selected,L1,Residual,sd,(Observation),,1.18241434591283
fam_cn_practical,nointer,L1,participant,sd,(Intercept),,0.410570504179095
fam_cn_practical,nointer,L1,participant,sd,sem_dissim_z,,0.134009061127646
fam_cn_practical,nointer,L1,participant,sd,vis_dissim_z,,0.124619315325809
fam_cn_practical,nointer,L1,participant,sd,FAM,,0.201472916475189
fam_cn_practical,nointer,L1,participant,sd,SXF,,0.0930722710848519
fam_cn_practical,nointer,L1,participant,sd,VXF,,0.0697231954659213
fam_cn_practical,nointer,L1,participant,cor,(Intercept),sem_dissim_z,0.113294838115637
fam_cn_practical,nointer,L1,participant,cor,(Intercept),vis_dissim_z,0.458635352589936
fam_cn_practical,nointer,L1,participant,cor,sem_dissim_z,vis_dissim_z,0.0821438038112693
fam_cn_practical,nointer,L1,participant,cor,(Intercept),FAM,-0.190404598191765
fam_cn_practical,nointer,L1,participant,cor,sem_dissim_z,FAM,0.241464283062623
fam_cn_practical,nointer,L1,participant,cor,vis_dissim_z,FAM,0.0638917599239321
fam_cn_practical,nointer,L1,participant,cor,(Intercept),SXF,-0.14479206775211
fam_cn_practical,nointer,L1,participant,cor,sem_dissim_z,SXF,-0.0359238854710972
fam_cn_practical,nointer,L1,participant,cor,vis_dissim_z,SXF,-0.144050282893223
fam_cn_practical,nointer,L1,participant,cor,FAM,SXF,0.161318950065748
fam_cn_practical,nointer,L1,participant,cor,(Intercept),VXF,0.109762108742056
fam_cn_practical,nointer,L1,participant,cor,sem_dissim_z,VXF,0.0166156791058844
fam_cn_practical,nointer,L1,participant,cor,vis_dissim_z,VXF,0.0813053423497171
fam_cn_practical,nointer,L1,participant,cor,FAM,VXF,0.148295561551016
fam_cn_practical,nointer,L1,participant,cor,SXF,VXF,-0.340455056736376
fam_cn_practical,nointer,L1,target1,sd,(Intercept),,0.115051947732039
fam_cn_practical,nointer,L1,target1,sd,sem_dissim_z,,0.123777621819388
fam_cn_practical,nointer,L1,target1,sd,vis_dissim_z,,0.0412730652979515
fam_cn_practical,nointer,L1,target1,sd,FAM,,0.0788558864699869
fam_cn_practical,nointer,L1,target1,cor,(Intercept),sem_dissim_z,0.328993425234374
fam_cn_practical,nointer,L1,target1,cor,(Intercept),vis_dissim_z,0.0645268174957733
fam_cn_practical,nointer,L1,target1,cor,sem_dissim_z,vis_dissim_z,-0.110510965040477
fam_cn_practical,nointer,L1,target1,cor,(Intercept),FAM,0.540897121369483
fam_cn_practical,nointer,L1,target1,cor,sem_dissim_z,FAM,0.602366561247009
fam_cn_practical,nointer,L1,target1,cor,vis_dissim_z,FAM,-0.200496125253
fam_cn_practical,nointer,L1,target2,sd,(Intercept),,0.144484843540287
fam_cn_practical,nointer,L1,target2,sd,sem_dissim_z,,0.094735309545727
fam_cn_practical,nointer,L1,target2,sd,vis_dissim_z,,0.0554545705793452
fam_cn_practical,nointer,L1,target2,sd,FAM,,0.0963355546748831
fam_cn_practical,nointer,L1,target2,cor,(Intercept),sem_dissim_z,0.529218742935214
fam_cn_practical,nointer,L1,target2,cor,(Intercept),vis_dissim_z,-0.253048462505809
fam_cn_practical,nointer,L1,target2,cor,sem_dissim_z,vis_dissim_z,-0.481176089069511
fam_cn_practical,nointer,L1,target2,cor,(Intercept),FAM,0.777015739492478
fam_cn_practical,nointer,L1,target2,cor,sem_dissim_z,FAM,0.739188636084788
fam_cn_practical,nointer,L1,target2,cor,vis_dissim_z,FAM,-0.503072711076725
fam_cn_practical,nointer,L1,Residual,sd,(Observation),,1.18244234528865
fam_cn_practical,L0,L0,participant,sd,(Intercept),,0.409312369957599
fam_cn_practical,L0,L0,participant,sd,sem_dissim_z,,0.133788106770493
fam_cn_practical,L0,L0,participant,sd,vis_dissim_z,,0.124533807382218
fam_cn_practical,L0,L0,participant,sd,FAM,,0.200536603830002
fam_cn_practical,L0,L0,participant,sd,SXF,,0.0844327832909182
fam_cn_practical,L0,L0,participant,sd,VXF,,0.0699025718435394
fam_cn_practical,L0,L0,participant,cor,(Intercept),sem_dissim_z,0.125743235914223
fam_cn_practical,L0,L0,participant,cor,(Intercept),vis_dissim_z,0.458107091346885
fam_cn_practical,L0,L0,participant,cor,sem_dissim_z,vis_dissim_z,0.0864641482053091
fam_cn_practical,L0,L0,participant,cor,(Intercept),FAM,-0.18516747957495
fam_cn_practical,L0,L0,participant,cor,sem_dissim_z,FAM,0.232251901957426
fam_cn_practical,L0,L0,participant,cor,vis_dissim_z,FAM,0.0673757566311388
fam_cn_practical,L0,L0,participant,cor,(Intercept),SXF,-0.167285593170736
fam_cn_practical,L0,L0,participant,cor,sem_dissim_z,SXF,-0.0309899002714028
fam_cn_practical,L0,L0,participant,cor,vis_dissim_z,SXF,-0.150333958697329
fam_cn_practical,L0,L0,participant,cor,FAM,SXF,0.158645249366475
fam_cn_practical,L0,L0,participant,cor,(Intercept),VXF,0.107124276491004
fam_cn_practical,L0,L0,participant,cor,sem_dissim_z,VXF,0.0251169511593263
fam_cn_practical,L0,L0,participant,cor,vis_dissim_z,VXF,0.0772053995820323
fam_cn_practical,L0,L0,participant,cor,FAM,VXF,0.152129183049155
fam_cn_practical,L0,L0,participant,cor,SXF,VXF,-0.366578717284886
fam_cn_practical,L0,L0,target1,sd,(Intercept),,0.115528076690244
fam_cn_practical,L0,L0,target1,sd,sem_dissim_z,,0.125887048530522
fam_cn_practical,L0,L0,target1,sd,vis_dissim_z,,0.0408252235205596
fam_cn_practical,L0,L0,target1,sd,FAM,,0.0869216748272028
fam_cn_practical,L0,L0,target1,sd,SXF,,0.0187182604526723
fam_cn_practical,L0,L0,target1,sd,VXF,,0.0189331859812545
fam_cn_practical,L0,L0,target1,cor,(Intercept),sem_dissim_z,0.308916883512024
fam_cn_practical,L0,L0,target1,cor,(Intercept),vis_dissim_z,0.0728395529434138
fam_cn_practical,L0,L0,target1,cor,sem_dissim_z,vis_dissim_z,-0.134292889425961
fam_cn_practical,L0,L0,target1,cor,(Intercept),FAM,0.573621216251061
fam_cn_practical,L0,L0,target1,cor,sem_dissim_z,FAM,0.548185797610008
fam_cn_practical,L0,L0,target1,cor,vis_dissim_z,FAM,-0.23868208333729
fam_cn_practical,L0,L0,target1,cor,(Intercept),SXF,0.603331301105662
fam_cn_practical,L0,L0,target1,cor,sem_dissim_z,SXF,0.668167338517788
fam_cn_practical,L0,L0,target1,cor,vis_dissim_z,SXF,-0.209560300469773
fam_cn_practical,L0,L0,target1,cor,FAM,SXF,0.940894882448081
fam_cn_practical,L0,L0,target1,cor,(Intercept),VXF,-0.307063237635655
fam_cn_practical,L0,L0,target1,cor,sem_dissim_z,VXF,0.505522854523477
fam_cn_practical,L0,L0,target1,cor,vis_dissim_z,VXF,-0.257992149620227
fam_cn_practical,L0,L0,target1,cor,FAM,VXF,0.378919150993919
fam_cn_practical,L0,L0,target1,cor,SXF,VXF,0.526740627474343
fam_cn_practical,L0,L0,target2,sd,(Intercept),,0.145705052781688
fam_cn_practical,L0,L0,target2,sd,sem_dissim_z,,0.0956503449095019
fam_cn_practical,L0,L0,target2,sd,vis_dissim_z,,0.0550907223704397
fam_cn_practical,L0,L0,target2,sd,FAM,,0.104056199388206
fam_cn_practical,L0,L0,target2,sd,SXF,,0.0206332209429915
fam_cn_practical,L0,L0,target2,sd,VXF,,0.0114922376447398
fam_cn_practical,L0,L0,target2,cor,(Intercept),sem_dissim_z,0.55113314684828
fam_cn_practical,L0,L0,target2,cor,(Intercept),vis_dissim_z,-0.237622062098727
fam_cn_practical,L0,L0,target2,cor,sem_dissim_z,vis_dissim_z,-0.468884274463642
fam_cn_practical,L0,L0,target2,cor,(Intercept),FAM,0.805718161032878
fam_cn_practical,L0,L0,target2,cor,sem_dissim_z,FAM,0.715744149487013
fam_cn_practical,L0,L0,target2,cor,vis_dissim_z,FAM,-0.491162503244226
fam_cn_practical,L0,L0,target2,cor,(Intercept),SXF,0.630930025775227
fam_cn_practical,L0,L0,target2,cor,sem_dissim_z,SXF,0.868730605524588
fam_cn_practical,L0,L0,target2,cor,vis_dissim_z,SXF,-0.278439822714706
fam_cn_practical,L0,L0,target2,cor,FAM,SXF,0.747237891853481
fam_cn_practical,L0,L0,target2,cor,(Intercept),VXF,-0.391206803445149
fam_cn_practical,L0,L0,target2,cor,sem_dissim_z,VXF,-0.0618615583133069
fam_cn_practical,L0,L0,target2,cor,vis_dissim_z,VXF,-0.16597143202859
fam_cn_practical,L0,L0,target2,cor,FAM,VXF,-0.137329779164317
fam_cn_practical,L0,L0,target2,cor,SXF,VXF,0.220544652071254
fam_cn_practical,L0,L0,Residual,sd,(Observation),,1.18207700895356
fam_cn_strong,selected,L0,participant,sd,(Intercept),,0.379057387145752
fam_cn_strong,selected,L0,participant,sd,sem_dissim_z,,0.120851740442398
fam_cn_strong,selected,L0,participant,sd,vis_dissim_z,,0.182092734566801
fam_cn_strong,selected,L0,participant,sd,FAM,,0.162878397002422
fam_cn_strong,selected,L0,participant,sd,SXF,,0.0836751311304681
fam_cn_strong,selected,L0,participant,sd,VXF,,0.0839043305353287
fam_cn_strong,selected,L0,participant,cor,(Intercept),sem_dissim_z,-0.0542033656924835
fam_cn_strong,selected,L0,participant,cor,(Intercept),vis_dissim_z,0.587813692665572
fam_cn_strong,selected,L0,participant,cor,sem_dissim_z,vis_dissim_z,-0.339889231687852
fam_cn_strong,selected,L0,participant,cor,(Intercept),FAM,-0.0287716559597939
fam_cn_strong,selected,L0,participant,cor,sem_dissim_z,FAM,0.0535583858210744
fam_cn_strong,selected,L0,participant,cor,vis_dissim_z,FAM,0.102190650052309
fam_cn_strong,selected,L0,participant,cor,(Intercept),SXF,-0.178630788237066
fam_cn_strong,selected,L0,participant,cor,sem_dissim_z,SXF,-0.0022681226010096
fam_cn_strong,selected,L0,participant,cor,vis_dissim_z,SXF,-0.293936659137657
fam_cn_strong,selected,L0,participant,cor,FAM,SXF,0.156403526042374
fam_cn_strong,selected,L0,participant,cor,(Intercept),VXF,0.0740650624798803
fam_cn_strong,selected,L0,participant,cor,sem_dissim_z,VXF,-0.130991782768715
fam_cn_strong,selected,L0,participant,cor,vis_dissim_z,VXF,0.286991876351986
fam_cn_strong,selected,L0,participant,cor,FAM,VXF,0.41308492932956
fam_cn_strong,selected,L0,participant,cor,SXF,VXF,-0.468864119554363
fam_cn_strong,selected,L0,target1,sd,(Intercept),,0.236456616757185
fam_cn_strong,selected,L0,target1,sd,sem_dissim_z,,0.189565395114046
fam_cn_strong,selected,L0,target1,sd,vis_dissim_z,,0.181134337804966
fam_cn_strong,selected,L0,target1,sd,FAM,,0.0809996622511713
fam_cn_strong,selected,L0,target1,sd,SXF,,0.0379500745940901
fam_cn_strong,selected,L0,target1,sd,VXF,,0.0376383144935727
fam_cn_strong,selected,L0,target1,cor,(Intercept),sem_dissim_z,0.0270564554793849
fam_cn_strong,selected,L0,target1,cor,(Intercept),vis_dissim_z,0.364747121072199
fam_cn_strong,selected,L0,target1,cor,sem_dissim_z,vis_dissim_z,0.0114485855068144
fam_cn_strong,selected,L0,target1,cor,(Intercept),FAM,0.29092651350559
fam_cn_strong,selected,L0,target1,cor,sem_dissim_z,FAM,-0.222744464281274
fam_cn_strong,selected,L0,target1,cor,vis_dissim_z,FAM,0.109657492831461
fam_cn_strong,selected,L0,target1,cor,(Intercept),SXF,-0.426849257539265
fam_cn_strong,selected,L0,target1,cor,sem_dissim_z,SXF,0.534250638654719
fam_cn_strong,selected,L0,target1,cor,vis_dissim_z,SXF,-0.211584803991082
fam_cn_strong,selected,L0,target1,cor,FAM,SXF,-0.380241270291776
fam_cn_strong,selected,L0,target1,cor,(Intercept),VXF,-0.0363623656725849
fam_cn_strong,selected,L0,target1,cor,sem_dissim_z,VXF,-0.435506891755248
fam_cn_strong,selected,L0,target1,cor,vis_dissim_z,VXF,0.120559375836441
fam_cn_strong,selected,L0,target1,cor,FAM,VXF,0.788711039061105
fam_cn_strong,selected,L0,target1,cor,SXF,VXF,-0.525828401936733
fam_cn_strong,selected,L0,target2,sd,(Intercept),,0.225975380029641
fam_cn_strong,selected,L0,target2,sd,sem_dissim_z,,0.147555411244434
fam_cn_strong,selected,L0,target2,sd,vis_dissim_z,,0.181508902669989
fam_cn_strong,selected,L0,target2,sd,FAM,,0.0808837600742157
fam_cn_strong,selected,L0,target2,sd,SXF,,0.0542883372448998
fam_cn_strong,selected,L0,target2,sd,VXF,,0.0522482784727882
fam_cn_strong,selected,L0,target2,cor,(Intercept),sem_dissim_z,0.322363257458417
fam_cn_strong,selected,L0,target2,cor,(Intercept),vis_dissim_z,0.595625801119669
fam_cn_strong,selected,L0,target2,cor,sem_dissim_z,vis_dissim_z,0.209621856940781
fam_cn_strong,selected,L0,target2,cor,(Intercept),FAM,-0.114249812721133
fam_cn_strong,selected,L0,target2,cor,sem_dissim_z,FAM,0.305747146315394
fam_cn_strong,selected,L0,target2,cor,vis_dissim_z,FAM,0.0318593747155145
fam_cn_strong,selected,L0,target2,cor,(Intercept),SXF,-0.264227889314468
fam_cn_strong,selected,L0,target2,cor,sem_dissim_z,SXF,0.302808219711264
fam_cn_strong,selected,L0,target2,cor,vis_dissim_z,SXF,-0.284160308680233
fam_cn_strong,selected,L0,target2,cor,FAM,SXF,0.351598326859975
fam_cn_strong,selected,L0,target2,cor,(Intercept),VXF,0.19878384843434
fam_cn_strong,selected,L0,target2,cor,sem_dissim_z,VXF,0.33618390054392
fam_cn_strong,selected,L0,target2,cor,vis_dissim_z,VXF,0.634564377498405
fam_cn_strong,selected,L0,target2,cor,FAM,VXF,0.513425712512574
fam_cn_strong,selected,L0,target2,cor,SXF,VXF,0.0436455029557017
fam_cn_strong,selected,L0,Residual,sd,(Observation),,1.18170757127113
fam_cn_strong,nointer,L0,participant,sd,(Intercept),,0.379096155232033
fam_cn_strong,nointer,L0,participant,sd,sem_dissim_z,,0.120960032163891
fam_cn_strong,nointer,L0,participant,sd,vis_dissim_z,,0.182121890431818
fam_cn_strong,nointer,L0,participant,sd,FAM,,0.162882919308973
fam_cn_strong,nointer,L0,participant,sd,SXF,,0.0837969096226227
fam_cn_strong,nointer,L0,participant,sd,VXF,,0.0839272765396765
fam_cn_strong,nointer,L0,participant,cor,(Intercept),sem_dissim_z,-0.0550074529999191
fam_cn_strong,nointer,L0,participant,cor,(Intercept),vis_dissim_z,0.587838215940354
fam_cn_strong,nointer,L0,participant,cor,sem_dissim_z,vis_dissim_z,-0.340278145612074
fam_cn_strong,nointer,L0,participant,cor,(Intercept),FAM,-0.0289187325950068
fam_cn_strong,nointer,L0,participant,cor,sem_dissim_z,FAM,0.0538219598358011
fam_cn_strong,nointer,L0,participant,cor,vis_dissim_z,FAM,0.10196000876377
fam_cn_strong,nointer,L0,participant,cor,(Intercept),SXF,-0.1762312727968
fam_cn_strong,nointer,L0,participant,cor,sem_dissim_z,SXF,-0.0031418274747678
fam_cn_strong,nointer,L0,participant,cor,vis_dissim_z,SXF,-0.292930235780763
fam_cn_strong,nointer,L0,participant,cor,FAM,SXF,0.156352656576257
fam_cn_strong,nointer,L0,participant,cor,(Intercept),VXF,0.0735121361190574
fam_cn_strong,nointer,L0,participant,cor,sem_dissim_z,VXF,-0.130021688624276
fam_cn_strong,nointer,L0,participant,cor,vis_dissim_z,VXF,0.28668079770881
fam_cn_strong,nointer,L0,participant,cor,FAM,VXF,0.412987537598054
fam_cn_strong,nointer,L0,participant,cor,SXF,VXF,-0.469275901925909
fam_cn_strong,nointer,L0,target1,sd,(Intercept),,0.236821559879778
fam_cn_strong,nointer,L0,target1,sd,sem_dissim_z,,0.189747838575789
fam_cn_strong,nointer,L0,target1,sd,vis_dissim_z,,0.181209438200116
fam_cn_strong,nointer,L0,target1,sd,FAM,,0.0806788953948186
fam_cn_strong,nointer,L0,target1,sd,SXF,,0.0389951832388591
fam_cn_strong,nointer,L0,target1,sd,VXF,,0.0377546743955028
fam_cn_strong,nointer,L0,target1,cor,(Intercept),sem_dissim_z,0.0231786071320902
fam_cn_strong,nointer,L0,target1,cor,(Intercept),vis_dissim_z,0.365745413667814
fam_cn_strong,nointer,L0,target1,cor,sem_dissim_z,vis_dissim_z,0.009734223810681
fam_cn_strong,nointer,L0,target1,cor,(Intercept),FAM,0.296393502931929
fam_cn_strong,nointer,L0,target1,cor,sem_dissim_z,FAM,-0.22408084024033
fam_cn_strong,nointer,L0,target1,cor,vis_dissim_z,FAM,0.110829662110106
fam_cn_strong,nointer,L0,target1,cor,(Intercept),SXF,-0.428898959878217
fam_cn_strong,nointer,L0,target1,cor,sem_dissim_z,SXF,0.538603630160552
fam_cn_strong,nointer,L0,target1,cor,vis_dissim_z,SXF,-0.210325651117401
fam_cn_strong,nointer,L0,target1,cor,FAM,SXF,-0.383391859144029
fam_cn_strong,nointer,L0,target1,cor,(Intercept),VXF,-0.0320173363246596
fam_cn_strong,nointer,L0,target1,cor,sem_dissim_z,VXF,-0.439851816671455
fam_cn_strong,nointer,L0,target1,cor,vis_dissim_z,VXF,0.120911647881242
fam_cn_strong,nointer,L0,target1,cor,FAM,VXF,0.788727197846292
fam_cn_strong,nointer,L0,target1,cor,SXF,VXF,-0.521937460900738
fam_cn_strong,nointer,L0,target2,sd,(Intercept),,0.22651072540605
fam_cn_strong,nointer,L0,target2,sd,sem_dissim_z,,0.147657776096832
fam_cn_strong,nointer,L0,target2,sd,vis_dissim_z,,0.182047868839363
fam_cn_strong,nointer,L0,target2,sd,FAM,,0.080893316671555
fam_cn_strong,nointer,L0,target2,sd,SXF,,0.0579037869149461
fam_cn_strong,nointer,L0,target2,sd,VXF,,0.0527570838831142
fam_cn_strong,nointer,L0,target2,cor,(Intercept),sem_dissim_z,0.320628661027357
fam_cn_strong,nointer,L0,target2,cor,(Intercept),vis_dissim_z,0.598006601138885
fam_cn_strong,nointer,L0,target2,cor,sem_dissim_z,vis_dissim_z,0.206216192140107
fam_cn_strong,nointer,L0,target2,cor,(Intercept),FAM,-0.118341421196338
fam_cn_strong,nointer,L0,target2,cor,sem_dissim_z,FAM,0.310194137444025
fam_cn_strong,nointer,L0,target2,cor,vis_dissim_z,FAM,0.024809601239587
fam_cn_strong,nointer,L0,target2,cor,(Intercept),SXF,-0.286443847377092
fam_cn_strong,nointer,L0,target2,cor,sem_dissim_z,SXF,0.277385767437271
fam_cn_strong,nointer,L0,target2,cor,vis_dissim_z,SXF,-0.310767935752091
fam_cn_strong,nointer,L0,target2,cor,FAM,SXF,0.352089241609209
fam_cn_strong,nointer,L0,target2,cor,(Intercept),VXF,0.204453697147501
fam_cn_strong,nointer,L0,target2,cor,sem_dissim_z,VXF,0.340473424415263
fam_cn_strong,nointer,L0,target2,cor,vis_dissim_z,VXF,0.634478066611496
fam_cn_strong,nointer,L0,target2,cor,FAM,VXF,0.51185545252877
fam_cn_strong,nointer,L0,target2,cor,SXF,VXF,0.019285284591238
fam_cn_strong,nointer,L0,Residual,sd,(Observation),,1.18170043060097
fam_cn_traitspace,selected,L0,participant,sd,(Intercept),,0.92568843362993
fam_cn_traitspace,selected,L0,participant,sd,sem_dissim_z,,0.20331389710881
fam_cn_traitspace,selected,L0,participant,sd,vis_dissim_z,,0.203006078872557
fam_cn_traitspace,selected,L0,participant,sd,FAM,,0.297872481162576
fam_cn_traitspace,selected,L0,participant,sd,SXF,,0.157648545126399
fam_cn_traitspace,selected,L0,participant,sd,VXF,,0.0916876171130597
fam_cn_traitspace,selected,L0,participant,cor,(Intercept),sem_dissim_z,0.155387929757395
fam_cn_traitspace,selected,L0,participant,cor,(Intercept),vis_dissim_z,0.109805809169707
fam_cn_traitspace,selected,L0,participant,cor,sem_dissim_z,vis_dissim_z,0.0568716574741394
fam_cn_traitspace,selected,L0,participant,cor,(Intercept),FAM,-0.145091219407263
fam_cn_traitspace,selected,L0,participant,cor,sem_dissim_z,FAM,0.149224081717376
fam_cn_traitspace,selected,L0,participant,cor,vis_dissim_z,FAM,0.102276822458194
fam_cn_traitspace,selected,L0,participant,cor,(Intercept),SXF,0.106458635468704
fam_cn_traitspace,selected,L0,participant,cor,sem_dissim_z,SXF,-0.1659572359904
fam_cn_traitspace,selected,L0,participant,cor,vis_dissim_z,SXF,-0.124667451075376
fam_cn_traitspace,selected,L0,participant,cor,FAM,SXF,0.073244576719123
fam_cn_traitspace,selected,L0,participant,cor,(Intercept),VXF,0.056374873177814
fam_cn_traitspace,selected,L0,participant,cor,sem_dissim_z,VXF,-0.026801175654078
fam_cn_traitspace,selected,L0,participant,cor,vis_dissim_z,VXF,0.106727893128234
fam_cn_traitspace,selected,L0,participant,cor,FAM,VXF,0.0368739620513794
fam_cn_traitspace,selected,L0,participant,cor,SXF,VXF,-0.454475608905393
fam_cn_traitspace,selected,L0,target1,sd,(Intercept),,0.474676365652304
fam_cn_traitspace,selected,L0,target1,sd,sem_dissim_z,,0.297125014407279
fam_cn_traitspace,selected,L0,target1,sd,vis_dissim_z,,0.243040979190843
fam_cn_traitspace,selected,L0,target1,sd,FAM,,0.142097704767252
fam_cn_traitspace,selected,L0,target1,sd,SXF,,0.0816665052698667
fam_cn_traitspace,selected,L0,target1,sd,VXF,,0.05902849610825
fam_cn_traitspace,selected,L0,target1,cor,(Intercept),sem_dissim_z,0.192771616776238
fam_cn_traitspace,selected,L0,target1,cor,(Intercept),vis_dissim_z,-0.0433409117681693
fam_cn_traitspace,selected,L0,target1,cor,sem_dissim_z,vis_dissim_z,-0.518979878085134
fam_cn_traitspace,selected,L0,target1,cor,(Intercept),FAM,0.449050399136761
fam_cn_traitspace,selected,L0,target1,cor,sem_dissim_z,FAM,0.137508345377579
fam_cn_traitspace,selected,L0,target1,cor,vis_dissim_z,FAM,-0.0713095719772335
fam_cn_traitspace,selected,L0,target1,cor,(Intercept),SXF,0.200566542984536
fam_cn_traitspace,selected,L0,target1,cor,sem_dissim_z,SXF,0.459290885334692
fam_cn_traitspace,selected,L0,target1,cor,vis_dissim_z,SXF,-0.334938847306135
fam_cn_traitspace,selected,L0,target1,cor,FAM,SXF,0.0732520509989488
fam_cn_traitspace,selected,L0,target1,cor,(Intercept),VXF,0.158882539797652
fam_cn_traitspace,selected,L0,target1,cor,sem_dissim_z,VXF,-0.522516135116581
fam_cn_traitspace,selected,L0,target1,cor,vis_dissim_z,VXF,0.703970027056505
fam_cn_traitspace,selected,L0,target1,cor,FAM,VXF,0.219043757296748
fam_cn_traitspace,selected,L0,target1,cor,SXF,VXF,-0.544263761486818
fam_cn_traitspace,selected,L0,target2,sd,(Intercept),,0.346899311216819
fam_cn_traitspace,selected,L0,target2,sd,sem_dissim_z,,0.413914350602912
fam_cn_traitspace,selected,L0,target2,sd,vis_dissim_z,,0.319616860832575
fam_cn_traitspace,selected,L0,target2,sd,FAM,,0.146295220409589
fam_cn_traitspace,selected,L0,target2,sd,SXF,,0.0705188487935414
fam_cn_traitspace,selected,L0,target2,sd,VXF,,0.0689650281672501
fam_cn_traitspace,selected,L0,target2,cor,(Intercept),sem_dissim_z,-0.177375473505555
fam_cn_traitspace,selected,L0,target2,cor,(Intercept),vis_dissim_z,0.253248435472174
fam_cn_traitspace,selected,L0,target2,cor,sem_dissim_z,vis_dissim_z,0.0534989940208817
fam_cn_traitspace,selected,L0,target2,cor,(Intercept),FAM,0.294763969677738
fam_cn_traitspace,selected,L0,target2,cor,sem_dissim_z,FAM,-0.203341131138334
fam_cn_traitspace,selected,L0,target2,cor,vis_dissim_z,FAM,-0.0056067280697866
fam_cn_traitspace,selected,L0,target2,cor,(Intercept),SXF,-0.14486186134664
fam_cn_traitspace,selected,L0,target2,cor,sem_dissim_z,SXF,0.270472192589021
fam_cn_traitspace,selected,L0,target2,cor,vis_dissim_z,SXF,-0.0190143383913426
fam_cn_traitspace,selected,L0,target2,cor,FAM,SXF,-0.051168877611516
fam_cn_traitspace,selected,L0,target2,cor,(Intercept),VXF,-0.0994133840306537
fam_cn_traitspace,selected,L0,target2,cor,sem_dissim_z,VXF,0.0615272046670459
fam_cn_traitspace,selected,L0,target2,cor,vis_dissim_z,VXF,0.361989550939936
fam_cn_traitspace,selected,L0,target2,cor,FAM,VXF,0.081569411499051
fam_cn_traitspace,selected,L0,target2,cor,SXF,VXF,-0.342141723474663
fam_cn_traitspace,selected,L0,Residual,sd,(Observation),,1.71964701801567
fam_cn_traitspace,nointer,L0,participant,sd,(Intercept),,0.925969892312723
fam_cn_traitspace,nointer,L0,participant,sd,sem_dissim_z,,0.203374090452297
fam_cn_traitspace,nointer,L0,participant,sd,vis_dissim_z,,0.203074386201029
fam_cn_traitspace,nointer,L0,participant,sd,FAM,,0.298040246725933
fam_cn_traitspace,nointer,L0,participant,sd,SXF,,0.157981044762135
fam_cn_traitspace,nointer,L0,participant,sd,VXF,,0.0918629527792729
fam_cn_traitspace,nointer,L0,participant,cor,(Intercept),sem_dissim_z,0.153693518605375
fam_cn_traitspace,nointer,L0,participant,cor,(Intercept),vis_dissim_z,0.108878504364373
fam_cn_traitspace,nointer,L0,participant,cor,sem_dissim_z,vis_dissim_z,0.0576500151358344
fam_cn_traitspace,nointer,L0,participant,cor,(Intercept),FAM,-0.145315745694861
fam_cn_traitspace,nointer,L0,participant,cor,sem_dissim_z,FAM,0.150795379293489
fam_cn_traitspace,nointer,L0,participant,cor,vis_dissim_z,FAM,0.103305289128034
fam_cn_traitspace,nointer,L0,participant,cor,(Intercept),SXF,0.11066415166665
fam_cn_traitspace,nointer,L0,participant,cor,sem_dissim_z,SXF,-0.166101918554388
fam_cn_traitspace,nointer,L0,participant,cor,vis_dissim_z,SXF,-0.124318028353378
fam_cn_traitspace,nointer,L0,participant,cor,FAM,SXF,0.0721708847760955
fam_cn_traitspace,nointer,L0,participant,cor,(Intercept),VXF,0.0610723597553671
fam_cn_traitspace,nointer,L0,participant,cor,sem_dissim_z,VXF,-0.0267805309369218
fam_cn_traitspace,nointer,L0,participant,cor,vis_dissim_z,VXF,0.106948657390048
fam_cn_traitspace,nointer,L0,participant,cor,FAM,VXF,0.0355952152672762
fam_cn_traitspace,nointer,L0,participant,cor,SXF,VXF,-0.450319591824193
fam_cn_traitspace,nointer,L0,target1,sd,(Intercept),,0.479183442572645
fam_cn_traitspace,nointer,L0,target1,sd,sem_dissim_z,,0.297221942422996
fam_cn_traitspace,nointer,L0,target1,sd,vis_dissim_z,,0.243657305348849
fam_cn_traitspace,nointer,L0,target1,sd,FAM,,0.142484062894826
fam_cn_traitspace,nointer,L0,target1,sd,SXF,,0.0878452783691808
fam_cn_traitspace,nointer,L0,target1,sd,VXF,,0.0589947359605387
fam_cn_traitspace,nointer,L0,target1,cor,(Intercept),sem_dissim_z,0.195969593701224
fam_cn_traitspace,nointer,L0,target1,cor,(Intercept),vis_dissim_z,-0.033364426365632
fam_cn_traitspace,nointer,L0,target1,cor,sem_dissim_z,vis_dissim_z,-0.515150575104315
fam_cn_traitspace,nointer,L0,target1,cor,(Intercept),FAM,0.453746654717331
fam_cn_traitspace,nointer,L0,target1,cor,sem_dissim_z,FAM,0.140563186553895
fam_cn_traitspace,nointer,L0,target1,cor,vis_dissim_z,FAM,-0.0655825602596045
fam_cn_traitspace,nointer,L0,target1,cor,(Intercept),SXF,0.234917231728584
fam_cn_traitspace,nointer,L0,target1,cor,sem_dissim_z,SXF,0.457980771485328
fam_cn_traitspace,nointer,L0,target1,cor,vis_dissim_z,SXF,-0.304948830049863
fam_cn_traitspace,nointer,L0,target1,cor,FAM,SXF,0.0861497856981765
fam_cn_traitspace,nointer,L0,target1,cor,(Intercept),VXF,0.182971926016332
fam_cn_traitspace,nointer,L0,target1,cor,sem_dissim_z,VXF,-0.496169648845711
fam_cn_traitspace,nointer,L0,target1,cor,vis_dissim_z,VXF,0.701181420736954
fam_cn_traitspace,nointer,L0,target1,cor,FAM,VXF,0.228456706817728
fam_cn_traitspace,nointer,L0,target1,cor,SXF,VXF,-0.467977810965936
fam_cn_traitspace,nointer,L0,target2,sd,(Intercept),,0.346237601981404
fam_cn_traitspace,nointer,L0,target2,sd,sem_dissim_z,,0.414157700702415
fam_cn_traitspace,nointer,L0,target2,sd,vis_dissim_z,,0.324672200588635
fam_cn_traitspace,nointer,L0,target2,sd,FAM,,0.14611336696976
fam_cn_traitspace,nointer,L0,target2,sd,SXF,,0.0738531606235402
fam_cn_traitspace,nointer,L0,target2,sd,VXF,,0.0708565784007393
fam_cn_traitspace,nointer,L0,target2,cor,(Intercept),sem_dissim_z,-0.17678841698539
fam_cn_traitspace,nointer,L0,target2,cor,(Intercept),vis_dissim_z,0.235693361232145
fam_cn_traitspace,nointer,L0,target2,cor,sem_dissim_z,vis_dissim_z,0.067077915456737
fam_cn_traitspace,nointer,L0,target2,cor,(Intercept),FAM,0.286447026834286
fam_cn_traitspace,nointer,L0,target2,cor,sem_dissim_z,FAM,-0.19467935330327
fam_cn_traitspace,nointer,L0,target2,cor,vis_dissim_z,FAM,-0.0159113284989885
fam_cn_traitspace,nointer,L0,target2,cor,(Intercept),SXF,-0.157594199081412
fam_cn_traitspace,nointer,L0,target2,cor,sem_dissim_z,SXF,0.278652507318143
fam_cn_traitspace,nointer,L0,target2,cor,vis_dissim_z,SXF,0.0483051096134344
fam_cn_traitspace,nointer,L0,target2,cor,FAM,SXF,-0.0257124916718998
fam_cn_traitspace,nointer,L0,target2,cor,(Intercept),VXF,-0.110075478849448
fam_cn_traitspace,nointer,L0,target2,cor,sem_dissim_z,VXF,0.0586544985598334
fam_cn_traitspace,nointer,L0,target2,cor,vis_dissim_z,VXF,0.401827400207851
fam_cn_traitspace,nointer,L0,target2,cor,FAM,VXF,0.0792462920816552
fam_cn_traitspace,nointer,L0,target2,cor,SXF,VXF,-0.232287492624473
fam_cn_traitspace,nointer,L0,Residual,sd,(Observation),,1.71963681742356
fam_cn_trustworthy,selected,L0,participant,sd,(Intercept),,0.411921632656983
fam_cn_trustworthy,selected,L0,participant,sd,sem_dissim_z,,0.120797121435205
fam_cn_trustworthy,selected,L0,participant,sd,vis_dissim_z,,0.0899618212722403
fam_cn_trustworthy,selected,L0,participant,sd,FAM,,0.212654408515624
fam_cn_trustworthy,selected,L0,participant,sd,SXF,,0.099179038488583
fam_cn_trustworthy,selected,L0,participant,sd,VXF,,0.0567441342441169
fam_cn_trustworthy,selected,L0,participant,cor,(Intercept),sem_dissim_z,0.15923712818479
fam_cn_trustworthy,selected,L0,participant,cor,(Intercept),vis_dissim_z,0.286836205150429
fam_cn_trustworthy,selected,L0,participant,cor,sem_dissim_z,vis_dissim_z,-0.0728603290547629
fam_cn_trustworthy,selected,L0,participant,cor,(Intercept),FAM,-0.126643105096326
fam_cn_trustworthy,selected,L0,participant,cor,sem_dissim_z,FAM,0.218168552675464
fam_cn_trustworthy,selected,L0,participant,cor,vis_dissim_z,FAM,0.074361103676724
fam_cn_trustworthy,selected,L0,participant,cor,(Intercept),SXF,0.0011707931079534
fam_cn_trustworthy,selected,L0,participant,cor,sem_dissim_z,SXF,-0.0103339656718245
fam_cn_trustworthy,selected,L0,participant,cor,vis_dissim_z,SXF,-0.191845872103161
fam_cn_trustworthy,selected,L0,participant,cor,FAM,SXF,0.171140364631222
fam_cn_trustworthy,selected,L0,participant,cor,(Intercept),VXF,0.0500031114888072
fam_cn_trustworthy,selected,L0,participant,cor,sem_dissim_z,VXF,-0.056650485053718
fam_cn_trustworthy,selected,L0,participant,cor,vis_dissim_z,VXF,0.208136631533621
fam_cn_trustworthy,selected,L0,participant,cor,FAM,VXF,0.154444310569622
fam_cn_trustworthy,selected,L0,participant,cor,SXF,VXF,-0.426437971217408
fam_cn_trustworthy,selected,L0,target1,sd,(Intercept),,0.0800316546727996
fam_cn_trustworthy,selected,L0,target1,sd,sem_dissim_z,,0.0734155839193948
fam_cn_trustworthy,selected,L0,target1,sd,vis_dissim_z,,0.0229254153065029
fam_cn_trustworthy,selected,L0,target1,sd,FAM,,0.0687751094904223
fam_cn_trustworthy,selected,L0,target1,sd,SXF,,0.0130147417233662
fam_cn_trustworthy,selected,L0,target1,sd,VXF,,0.0174302632283459
fam_cn_trustworthy,selected,L0,target1,cor,(Intercept),sem_dissim_z,-0.027656423025543
fam_cn_trustworthy,selected,L0,target1,cor,(Intercept),vis_dissim_z,0.0158400494572619
fam_cn_trustworthy,selected,L0,target1,cor,sem_dissim_z,vis_dissim_z,0.284501814868151
fam_cn_trustworthy,selected,L0,target1,cor,(Intercept),FAM,0.270097566560057
fam_cn_trustworthy,selected,L0,target1,cor,sem_dissim_z,FAM,0.433492273655391
fam_cn_trustworthy,selected,L0,target1,cor,vis_dissim_z,FAM,-0.0461715559259126
fam_cn_trustworthy,selected,L0,target1,cor,(Intercept),SXF,0.199291297550751
fam_cn_trustworthy,selected,L0,target1,cor,sem_dissim_z,SXF,0.8141009065778
fam_cn_trustworthy,selected,L0,target1,cor,vis_dissim_z,SXF,0.0701763624027972
fam_cn_trustworthy,selected,L0,target1,cor,FAM,SXF,0.853810957339673
fam_cn_trustworthy,selected,L0,target1,cor,(Intercept),VXF,-0.423227828113398
fam_cn_trustworthy,selected,L0,target1,cor,sem_dissim_z,VXF,0.546437084153165
fam_cn_trustworthy,selected,L0,target1,cor,vis_dissim_z,VXF,0.368331696084973
fam_cn_trustworthy,selected,L0,target1,cor,FAM,VXF,0.0465593675024613
fam_cn_trustworthy,selected,L0,target1,cor,SXF,VXF,0.194731241271356
fam_cn_trustworthy,selected,L0,target2,sd,(Intercept),,0.0861612443260842
fam_cn_trustworthy,selected,L0,target2,sd,sem_dissim_z,,0.0542818273237805
fam_cn_trustworthy,selected,L0,target2,sd,vis_dissim_z,,0.034233712192552
fam_cn_trustworthy,selected,L0,target2,sd,FAM,,0.0850147652893627
fam_cn_trustworthy,selected,L0,target2,sd,SXF,,0.0196645709697793
fam_cn_trustworthy,selected,L0,target2,sd,VXF,,0.0152560213580978
fam_cn_trustworthy,selected,L0,target2,cor,(Intercept),sem_dissim_z,-0.0619119860068745
fam_cn_trustworthy,selected,L0,target2,cor,(Intercept),vis_dissim_z,0.178493596636326
fam_cn_trustworthy,selected,L0,target2,cor,sem_dissim_z,vis_dissim_z,-0.583217868549918
fam_cn_trustworthy,selected,L0,target2,cor,(Intercept),FAM,0.494951783921512
fam_cn_trustworthy,selected,L0,target2,cor,sem_dissim_z,FAM,0.575764111735425
fam_cn_trustworthy,selected,L0,target2,cor,vis_dissim_z,FAM,-0.487277109532884
fam_cn_trustworthy,selected,L0,target2,cor,(Intercept),SXF,0.363045973880502
fam_cn_trustworthy,selected,L0,target2,cor,sem_dissim_z,SXF,0.669972388877219
fam_cn_trustworthy,selected,L0,target2,cor,vis_dissim_z,SXF,-0.201458643034361
fam_cn_trustworthy,selected,L0,target2,cor,FAM,SXF,0.596612516928389
fam_cn_trustworthy,selected,L0,target2,cor,(Intercept),VXF,-0.13683858397481
fam_cn_trustworthy,selected,L0,target2,cor,sem_dissim_z,VXF,-0.0794195290866375
fam_cn_trustworthy,selected,L0,target2,cor,vis_dissim_z,VXF,0.338540003022698
fam_cn_trustworthy,selected,L0,target2,cor,FAM,VXF,0.0461482330560048
fam_cn_trustworthy,selected,L0,target2,cor,SXF,VXF,-0.114071517466412
fam_cn_trustworthy,selected,L0,Residual,sd,(Observation),,1.20000368026857
fam_cn_trustworthy,nointer,L0,participant,sd,(Intercept),,0.412036240514552
fam_cn_trustworthy,nointer,L0,participant,sd,sem_dissim_z,,0.120989829760194
fam_cn_trustworthy,nointer,L0,participant,sd,vis_dissim_z,,0.0899904455448377
fam_cn_trustworthy,nointer,L0,participant,sd,FAM,,0.212875013153811
fam_cn_trustworthy,nointer,L0,participant,sd,SXF,,0.0998755296916055
fam_cn_trustworthy,nointer,L0,participant,sd,VXF,,0.0568005376118037
fam_cn_trustworthy,nointer,L0,participant,cor,(Intercept),sem_dissim_z,0.156727664963649
fam_cn_trustworthy,nointer,L0,participant,cor,(Intercept),vis_dissim_z,0.287063622167798
fam_cn_trustworthy,nointer,L0,participant,cor,sem_dissim_z,vis_dissim_z,-0.0741721828980804
fam_cn_trustworthy,nointer,L0,participant,cor,(Intercept),FAM,-0.127198151193032
fam_cn_trustworthy,nointer,L0,participant,cor,sem_dissim_z,FAM,0.221320517697157
fam_cn_trustworthy,nointer,L0,participant,cor,vis_dissim_z,FAM,0.0728319085340733
fam_cn_trustworthy,nointer,L0,participant,cor,(Intercept),SXF,0.0046849485878956
fam_cn_trustworthy,nointer,L0,participant,cor,sem_dissim_z,SXF,-0.0102520171380376
fam_cn_trustworthy,nointer,L0,participant,cor,vis_dissim_z,SXF,-0.193413828174282
fam_cn_trustworthy,nointer,L0,participant,cor,FAM,SXF,0.170221510573696
fam_cn_trustworthy,nointer,L0,participant,cor,(Intercept),VXF,0.0488310249043983
fam_cn_trustworthy,nointer,L0,participant,cor,sem_dissim_z,VXF,-0.0578171400513455
fam_cn_trustworthy,nointer,L0,participant,cor,vis_dissim_z,VXF,0.209151910658809
fam_cn_trustworthy,nointer,L0,participant,cor,FAM,VXF,0.154124576708744
fam_cn_trustworthy,nointer,L0,participant,cor,SXF,VXF,-0.428450244108407
fam_cn_trustworthy,nointer,L0,target1,sd,(Intercept),,0.0799535483324399
fam_cn_trustworthy,nointer,L0,target1,sd,sem_dissim_z,,0.0733081752439144
fam_cn_trustworthy,nointer,L0,target1,sd,vis_dissim_z,,0.0229263834321179
fam_cn_trustworthy,nointer,L0,target1,sd,FAM,,0.0680542266143449
fam_cn_trustworthy,nointer,L0,target1,sd,SXF,,0.0139236097558781
fam_cn_trustworthy,nointer,L0,target1,sd,VXF,,0.0175639748218751
fam_cn_trustworthy,nointer,L0,target1,cor,(Intercept),sem_dissim_z,-0.0220963111224012
fam_cn_trustworthy,nointer,L0,target1,cor,(Intercept),vis_dissim_z,0.0154883061285392
fam_cn_trustworthy,nointer,L0,target1,cor,sem_dissim_z,vis_dissim_z,0.286938756098457
fam_cn_trustworthy,nointer,L0,target1,cor,(Intercept),FAM,0.267401679546686
fam_cn_trustworthy,nointer,L0,target1,cor,sem_dissim_z,FAM,0.439517986309985
fam_cn_trustworthy,nointer,L0,target1,cor,vis_dissim_z,FAM,-0.0395037349214058
fam_cn_trustworthy,nointer,L0,target1,cor,(Intercept),SXF,0.130790910195411
fam_cn_trustworthy,nointer,L0,target1,cor,sem_dissim_z,SXF,0.817622471191888
fam_cn_trustworthy,nointer,L0,target1,cor,vis_dissim_z,SXF,0.0301353287241711
fam_cn_trustworthy,nointer,L0,target1,cor,FAM,SXF,0.841973130093146
fam_cn_trustworthy,nointer,L0,target1,cor,(Intercept),VXF,-0.405650673327827
fam_cn_trustworthy,nointer,L0,target1,cor,sem_dissim_z,VXF,0.555745285014518
fam_cn_trustworthy,nointer,L0,target1,cor,vis_dissim_z,VXF,0.379224807019274
fam_cn_trustworthy,nointer,L0,target1,cor,FAM,VXF,0.0479526021864294
fam_cn_trustworthy,nointer,L0,target1,cor,SXF,VXF,0.19879784494731
fam_cn_trustworthy,nointer,L0,target2,sd,(Intercept),,0.0861327935765687
fam_cn_trustworthy,nointer,L0,target2,sd,sem_dissim_z,,0.0545560510094938
fam_cn_trustworthy,nointer,L0,target2,sd,vis_dissim_z,,0.0342207840537671
fam_cn_trustworthy,nointer,L0,target2,sd,FAM,,0.0845429611065809
fam_cn_trustworthy,nointer,L0,target2,sd,SXF,,0.0206065375030184
fam_cn_trustworthy,nointer,L0,target2,sd,VXF,,0.0157508913053428
fam_cn_trustworthy,nointer,L0,target2,cor,(Intercept),sem_dissim_z,-0.053953758749873
fam_cn_trustworthy,nointer,L0,target2,cor,(Intercept),vis_dissim_z,0.176978940628831
fam_cn_trustworthy,nointer,L0,target2,cor,sem_dissim_z,vis_dissim_z,-0.580972534195682
fam_cn_trustworthy,nointer,L0,target2,cor,(Intercept),FAM,0.496168904127872
fam_cn_trustworthy,nointer,L0,target2,cor,sem_dissim_z,FAM,0.580299663841861
fam_cn_trustworthy,nointer,L0,target2,cor,vis_dissim_z,FAM,-0.484160908812669
fam_cn_trustworthy,nointer,L0,target2,cor,(Intercept),SXF,0.360470142129897
fam_cn_trustworthy,nointer,L0,target2,cor,sem_dissim_z,SXF,0.684319176689169
fam_cn_trustworthy,nointer,L0,target2,cor,vis_dissim_z,SXF,-0.218243946599135
fam_cn_trustworthy,nointer,L0,target2,cor,FAM,SXF,0.614914683391992
fam_cn_trustworthy,nointer,L0,target2,cor,(Intercept),VXF,-0.142090015788199
fam_cn_trustworthy,nointer,L0,target2,cor,sem_dissim_z,VXF,-0.0741679310341848
fam_cn_trustworthy,nointer,L0,target2,cor,vis_dissim_z,VXF,0.341375239870834
fam_cn_trustworthy,nointer,L0,target2,cor,FAM,VXF,0.0408770293541264
fam_cn_trustworthy,nointer,L0,target2,cor,SXF,VXF,-0.133656979118766
fam_cn_trustworthy,nointer,L0,Residual,sd,(Observation),,1.20000721743328
fam_cn_warm,selected,L1,participant,sd,(Intercept),,0.405201163818189
fam_cn_warm,selected,L1,participant,sd,sem_dissim_z,,0.117704278578914
fam_cn_warm,selected,L1,participant,sd,vis_dissim_z,,0.0663004776761646
fam_cn_warm,selected,L1,participant,sd,FAM,,0.193736498495806
fam_cn_warm,selected,L1,participant,sd,SXF,,0.0923392249741935
fam_cn_warm,selected,L1,participant,sd,VXF,,0.0507833917776789
fam_cn_warm,selected,L1,participant,cor,(Intercept),sem_dissim_z,0.113050768360283
fam_cn_warm,selected,L1,participant,cor,(Intercept),vis_dissim_z,0.0600477850402935
fam_cn_warm,selected,L1,participant,cor,sem_dissim_z,vis_dissim_z,-0.335769634743309
fam_cn_warm,selected,L1,participant,cor,(Intercept),FAM,-0.126969679457321
fam_cn_warm,selected,L1,participant,cor,sem_dissim_z,FAM,0.0390648863143271
fam_cn_warm,selected,L1,participant,cor,vis_dissim_z,FAM,0.042347166649085
fam_cn_warm,selected,L1,participant,cor,(Intercept),SXF,0.013569431031893
fam_cn_warm,selected,L1,participant,cor,sem_dissim_z,SXF,0.13714159276825
fam_cn_warm,selected,L1,participant,cor,vis_dissim_z,SXF,-0.23218597294325
fam_cn_warm,selected,L1,participant,cor,FAM,SXF,0.269300937730053
fam_cn_warm,selected,L1,participant,cor,(Intercept),VXF,-0.0479334625817773
fam_cn_warm,selected,L1,participant,cor,sem_dissim_z,VXF,-0.298912832602799
fam_cn_warm,selected,L1,participant,cor,vis_dissim_z,VXF,0.111457491320412
fam_cn_warm,selected,L1,participant,cor,FAM,VXF,0.1441993240836
fam_cn_warm,selected,L1,participant,cor,SXF,VXF,-0.456573228144638
fam_cn_warm,selected,L1,target1,sd,(Intercept),,0.0876302439964806
fam_cn_warm,selected,L1,target1,sd,sem_dissim_z,,0.0366949945588447
fam_cn_warm,selected,L1,target1,sd,vis_dissim_z,,0.0380009337133746
fam_cn_warm,selected,L1,target1,sd,FAM,,0.0560908007645588
fam_cn_warm,selected,L1,target1,cor,(Intercept),sem_dissim_z,-0.309915409585452
fam_cn_warm,selected,L1,target1,cor,(Intercept),vis_dissim_z,-0.0402507881577752
fam_cn_warm,selected,L1,target1,cor,sem_dissim_z,vis_dissim_z,-0.519768530732739
fam_cn_warm,selected,L1,target1,cor,(Intercept),FAM,-0.146728246414704
fam_cn_warm,selected,L1,target1,cor,sem_dissim_z,FAM,0.061567164343988
fam_cn_warm,selected,L1,target1,cor,vis_dissim_z,FAM,0.165581524122882
fam_cn_warm,selected,L1,target2,sd,(Intercept),,0.0946609781935589
fam_cn_warm,selected,L1,target2,sd,sem_dissim_z,,0.0455307939777045
fam_cn_warm,selected,L1,target2,sd,vis_dissim_z,,0.0235806559901986
fam_cn_warm,selected,L1,target2,sd,FAM,,0.0651337602168021
fam_cn_warm,selected,L1,target2,cor,(Intercept),sem_dissim_z,-0.44206880006354
fam_cn_warm,selected,L1,target2,cor,(Intercept),vis_dissim_z,0.172241653555678
fam_cn_warm,selected,L1,target2,cor,sem_dissim_z,vis_dissim_z,-0.196380753766836
fam_cn_warm,selected,L1,target2,cor,(Intercept),FAM,0.147984739557165
fam_cn_warm,selected,L1,target2,cor,sem_dissim_z,FAM,-0.0543639247813317
fam_cn_warm,selected,L1,target2,cor,vis_dissim_z,FAM,-0.532874363182715
fam_cn_warm,selected,L1,Residual,sd,(Observation),,1.2676669271512
fam_cn_warm,nointer,L1,participant,sd,(Intercept),,0.405175750590482
fam_cn_warm,nointer,L1,participant,sd,sem_dissim_z,,0.117656850513728
fam_cn_warm,nointer,L1,participant,sd,vis_dissim_z,,0.0663896580721706
fam_cn_warm,nointer,L1,participant,sd,FAM,,0.19367154500467
fam_cn_warm,nointer,L1,participant,sd,SXF,,0.0926205989553174
fam_cn_warm,nointer,L1,participant,sd,VXF,,0.0510917593047139
fam_cn_warm,nointer,L1,participant,cor,(Intercept),sem_dissim_z,0.114479712424992
fam_cn_warm,nointer,L1,participant,cor,(Intercept),vis_dissim_z,0.0568478395713855
fam_cn_warm,nointer,L1,participant,cor,sem_dissim_z,vis_dissim_z,-0.334926183871621
fam_cn_warm,nointer,L1,participant,cor,(Intercept),FAM,-0.126527943138522
fam_cn_warm,nointer,L1,participant,cor,sem_dissim_z,FAM,0.0372579277928447
fam_cn_warm,nointer,L1,participant,cor,vis_dissim_z,FAM,0.0465874351731016
fam_cn_warm,nointer,L1,participant,cor,(Intercept),SXF,0.010377930197111
fam_cn_warm,nointer,L1,participant,cor,sem_dissim_z,SXF,0.138434743868179
fam_cn_warm,nointer,L1,participant,cor,vis_dissim_z,SXF,-0.232477097917325
fam_cn_warm,nointer,L1,participant,cor,FAM,SXF,0.270482014806006
fam_cn_warm,nointer,L1,participant,cor,(Intercept),VXF,-0.0410457876006484
fam_cn_warm,nointer,L1,participant,cor,sem_dissim_z,VXF,-0.300583889058991
fam_cn_warm,nointer,L1,participant,cor,vis_dissim_z,VXF,0.113384914114048
fam_cn_warm,nointer,L1,participant,cor,FAM,VXF,0.139117656044171
fam_cn_warm,nointer,L1,participant,cor,SXF,VXF,-0.46116005946323
fam_cn_warm,nointer,L1,target1,sd,(Intercept),,0.0876623247430365
fam_cn_warm,nointer,L1,target1,sd,sem_dissim_z,,0.0366989734395634
fam_cn_warm,nointer,L1,target1,sd,vis_dissim_z,,0.0381223716861418
fam_cn_warm,nointer,L1,target1,sd,FAM,,0.055966215712276
fam_cn_warm,nointer,L1,target1,cor,(Intercept),sem_dissim_z,-0.318231652102305
fam_cn_warm,nointer,L1,target1,cor,(Intercept),vis_dissim_z,-0.0300395930915472
fam_cn_warm,nointer,L1,target1,cor,sem_dissim_z,vis_dissim_z,-0.520887038088473
fam_cn_warm,nointer,L1,target1,cor,(Intercept),FAM,-0.141523005255392
fam_cn_warm,nointer,L1,target1,cor,sem_dissim_z,FAM,0.0581900916248695
fam_cn_warm,nointer,L1,target1,cor,vis_dissim_z,FAM,0.166352081506847
fam_cn_warm,nointer,L1,target2,sd,(Intercept),,0.0947263129718172
fam_cn_warm,nointer,L1,target2,sd,sem_dissim_z,,0.0456174314492692
fam_cn_warm,nointer,L1,target2,sd,vis_dissim_z,,0.0238491529257788
fam_cn_warm,nointer,L1,target2,sd,FAM,,0.0651519400542761
fam_cn_warm,nointer,L1,target2,cor,(Intercept),sem_dissim_z,-0.442499929200415
fam_cn_warm,nointer,L1,target2,cor,(Intercept),vis_dissim_z,0.174638188198584
fam_cn_warm,nointer,L1,target2,cor,sem_dissim_z,vis_dissim_z,-0.201863942530958
fam_cn_warm,nointer,L1,target2,cor,(Intercept),FAM,0.147624254566727
fam_cn_warm,nointer,L1,target2,cor,sem_dissim_z,FAM,-0.050189354713462
fam_cn_warm,nointer,L1,target2,cor,vis_dissim_z,FAM,-0.528054341135203
fam_cn_warm,nointer,L1,Residual,sd,(Observation),,1.26766251691608
fam_cn_warm,L0,L0,participant,sd,(Intercept),,0.405215850246528
fam_cn_warm,L0,L0,participant,sd,sem_dissim_z,,0.117743043218517
fam_cn_warm,L0,L0,participant,sd,vis_dissim_z,,0.0662979962152274
fam_cn_warm,L0,L0,participant,sd,FAM,,0.19375274897572
fam_cn_warm,L0,L0,participant,sd,SXF,,0.0926646570277222
fam_cn_warm,L0,L0,participant,sd,VXF,,0.0511140815673231
fam_cn_warm,L0,L0,participant,cor,(Intercept),sem_dissim_z,0.113919900630119
fam_cn_warm,L0,L0,participant,cor,(Intercept),vis_dissim_z,0.0594939234373247
fam_cn_warm,L0,L0,participant,cor,sem_dissim_z,vis_dissim_z,-0.336959653583682
fam_cn_warm,L0,L0,participant,cor,(Intercept),FAM,-0.127023635306774
fam_cn_warm,L0,L0,participant,cor,sem_dissim_z,FAM,0.0382432350476175
fam_cn_warm,L0,L0,participant,cor,vis_dissim_z,FAM,0.0410074127562741
fam_cn_warm,L0,L0,participant,cor,(Intercept),SXF,0.0120385492708187
fam_cn_warm,L0,L0,participant,cor,sem_dissim_z,SXF,0.13579396912488
fam_cn_warm,L0,L0,participant,cor,vis_dissim_z,SXF,-0.229430033035033
fam_cn_warm,L0,L0,participant,cor,FAM,SXF,0.269173664273351
fam_cn_warm,L0,L0,participant,cor,(Intercept),VXF,-0.0481781975116182
fam_cn_warm,L0,L0,participant,cor,sem_dissim_z,VXF,-0.294780048249319
fam_cn_warm,L0,L0,participant,cor,vis_dissim_z,VXF,0.110900882896011
fam_cn_warm,L0,L0,participant,cor,FAM,VXF,0.148521174482186
fam_cn_warm,L0,L0,participant,cor,SXF,VXF,-0.460723990884451
fam_cn_warm,L0,L0,target1,sd,(Intercept),,0.0878213560754663
fam_cn_warm,L0,L0,target1,sd,sem_dissim_z,,0.0366217332938251
fam_cn_warm,L0,L0,target1,sd,vis_dissim_z,,0.0366730963544791
fam_cn_warm,L0,L0,target1,sd,FAM,,0.0545784013200351
fam_cn_warm,L0,L0,target1,sd,SXF,,0.0103864700543391
fam_cn_warm,L0,L0,target1,sd,VXF,,0.0166403329358443
fam_cn_warm,L0,L0,target1,cor,(Intercept),sem_dissim_z,-0.310545551860132
fam_cn_warm,L0,L0,target1,cor,(Intercept),vis_dissim_z,-0.0369373535886375
fam_cn_warm,L0,L0,target1,cor,sem_dissim_z,vis_dissim_z,-0.524629558129833
fam_cn_warm,L0,L0,target1,cor,(Intercept),FAM,-0.14839458832888
fam_cn_warm,L0,L0,target1,cor,sem_dissim_z,FAM,0.0341236710867323
fam_cn_warm,L0,L0,target1,cor,vis_dissim_z,FAM,0.218500926371008
fam_cn_warm,L0,L0,target1,cor,(Intercept),SXF,0.0106714559647355
fam_cn_warm,L0,L0,target1,cor,sem_dissim_z,SXF,0.318000627573795
fam_cn_warm,L0,L0,target1,cor,vis_dissim_z,SXF,0.11898130793239
fam_cn_warm,L0,L0,target1,cor,FAM,SXF,0.389543663638506
fam_cn_warm,L0,L0,target1,cor,(Intercept),VXF,-0.552217504920071
fam_cn_warm,L0,L0,target1,cor,sem_dissim_z,VXF,-0.0254899878832935
fam_cn_warm,L0,L0,target1,cor,vis_dissim_z,VXF,0.311556013923153
fam_cn_warm,L0,L0,target1,cor,FAM,VXF,0.0942761298292703
fam_cn_warm,L0,L0,target1,cor,SXF,VXF,-0.635563548087409
fam_cn_warm,L0,L0,target2,sd,(Intercept),,0.0944207286383204
fam_cn_warm,L0,L0,target2,sd,sem_dissim_z,,0.0450490865584869
fam_cn_warm,L0,L0,target2,sd,vis_dissim_z,,0.0226809348631192
fam_cn_warm,L0,L0,target2,sd,FAM,,0.06521172474691
fam_cn_warm,L0,L0,target2,sd,SXF,,0.014703736172826
fam_cn_warm,L0,L0,target2,sd,VXF,,0.0111399898972016
fam_cn_warm,L0,L0,target2,cor,(Intercept),sem_dissim_z,-0.406664296420238
fam_cn_warm,L0,L0,target2,cor,(Intercept),vis_dissim_z,0.15303572773448
fam_cn_warm,L0,L0,target2,cor,sem_dissim_z,vis_dissim_z,-0.17483441651327
fam_cn_warm,L0,L0,target2,cor,(Intercept),FAM,0.142855700474692
fam_cn_warm,L0,L0,target2,cor,sem_dissim_z,FAM,-0.0515239027963274
fam_cn_warm,L0,L0,target2,cor,vis_dissim_z,FAM,-0.585382253556925
fam_cn_warm,L0,L0,target2,cor,(Intercept),SXF,0.1814299823816
fam_cn_warm,L0,L0,target2,cor,sem_dissim_z,SXF,0.412390567360074
fam_cn_warm,L0,L0,target2,cor,vis_dissim_z,SXF,0.0304255009216624
fam_cn_warm,L0,L0,target2,cor,FAM,SXF,0.0257882474703124
fam_cn_warm,L0,L0,target2,cor,(Intercept),VXF,-0.595130321388507
fam_cn_warm,L0,L0,target2,cor,sem_dissim_z,VXF,-0.0209386370985129
fam_cn_warm,L0,L0,target2,cor,vis_dissim_z,VXF,0.150107479895097
fam_cn_warm,L0,L0,target2,cor,FAM,VXF,0.0674073308163507
fam_cn_warm,L0,L0,target2,cor,SXF,VXF,-0.101695322064602
fam_cn_warm,L0,L0,Residual,sd,(Observation),,1.26750978415529
fam_cn_young,selected,L0,participant,sd,(Intercept),,0.317118266975314
fam_cn_young,selected,L0,participant,sd,sem_dissim_z,,0.13566384641248
fam_cn_young,selected,L0,participant,sd,vis_dissim_z,,0.103281339551879
fam_cn_young,selected,L0,participant,sd,FAM,,0.115543060229564
fam_cn_young,selected,L0,participant,sd,SXF,,0.0817686527493336
fam_cn_young,selected,L0,participant,sd,VXF,,0.0436895028657979
fam_cn_young,selected,L0,participant,cor,(Intercept),sem_dissim_z,0.251617247186247
fam_cn_young,selected,L0,participant,cor,(Intercept),vis_dissim_z,0.699261843364902
fam_cn_young,selected,L0,participant,cor,sem_dissim_z,vis_dissim_z,0.108998908421605
fam_cn_young,selected,L0,participant,cor,(Intercept),FAM,0.0711237165734538
fam_cn_young,selected,L0,participant,cor,sem_dissim_z,FAM,-0.101900458569342
fam_cn_young,selected,L0,participant,cor,vis_dissim_z,FAM,0.0438539061804112
fam_cn_young,selected,L0,participant,cor,(Intercept),SXF,0.0777256877848518
fam_cn_young,selected,L0,participant,cor,sem_dissim_z,SXF,-0.136791728267073
fam_cn_young,selected,L0,participant,cor,vis_dissim_z,SXF,-0.107072389235218
fam_cn_young,selected,L0,participant,cor,FAM,SXF,0.190738915068647
fam_cn_young,selected,L0,participant,cor,(Intercept),VXF,-0.0136473787579741
fam_cn_young,selected,L0,participant,cor,sem_dissim_z,VXF,-0.230186376226333
fam_cn_young,selected,L0,participant,cor,vis_dissim_z,VXF,0.0812013794341165
fam_cn_young,selected,L0,participant,cor,FAM,VXF,0.673872163342922
fam_cn_young,selected,L0,participant,cor,SXF,VXF,-0.195168860033155
fam_cn_young,selected,L0,target1,sd,(Intercept),,0.449060720624562
fam_cn_young,selected,L0,target1,sd,sem_dissim_z,,0.380416916638665
fam_cn_young,selected,L0,target1,sd,vis_dissim_z,,0.283200552613622
fam_cn_young,selected,L0,target1,sd,FAM,,0.076211308369288
fam_cn_young,selected,L0,target1,sd,SXF,,0.0531295681650616
fam_cn_young,selected,L0,target1,sd,VXF,,0.0445226091223721
fam_cn_young,selected,L0,target1,cor,(Intercept),sem_dissim_z,0.25622492232355
fam_cn_young,selected,L0,target1,cor,(Intercept),vis_dissim_z,0.623381217831128
fam_cn_young,selected,L0,target1,cor,sem_dissim_z,vis_dissim_z,-0.122261138520013
fam_cn_young,selected,L0,target1,cor,(Intercept),FAM,-0.0301837553947192
fam_cn_young,selected,L0,target1,cor,sem_dissim_z,FAM,0.142390968193643
fam_cn_young,selected,L0,target1,cor,vis_dissim_z,FAM,-0.465954299041086
fam_cn_young,selected,L0,target1,cor,(Intercept),SXF,0.272862694471332
fam_cn_young,selected,L0,target1,cor,sem_dissim_z,SXF,-0.185200462651925
fam_cn_young,selected,L0,target1,cor,vis_dissim_z,SXF,0.38141802795584
fam_cn_young,selected,L0,target1,cor,FAM,SXF,-0.0894512241359287
fam_cn_young,selected,L0,target1,cor,(Intercept),VXF,0.0647977768033006
fam_cn_young,selected,L0,target1,cor,sem_dissim_z,VXF,-0.0810859003160599
fam_cn_young,selected,L0,target1,cor,vis_dissim_z,VXF,0.207019930663212
fam_cn_young,selected,L0,target1,cor,FAM,VXF,0.0110552816389783
fam_cn_young,selected,L0,target1,cor,SXF,VXF,-0.295850499943983
fam_cn_young,selected,L0,target2,sd,(Intercept),,0.324912751900736
fam_cn_young,selected,L0,target2,sd,sem_dissim_z,,0.43005251666231
fam_cn_young,selected,L0,target2,sd,vis_dissim_z,,0.297458912522467
fam_cn_young,selected,L0,target2,sd,FAM,,0.0416772203982796
fam_cn_young,selected,L0,target2,sd,SXF,,0.0824037810567182
fam_cn_young,selected,L0,target2,sd,VXF,,0.0493899875997245
fam_cn_young,selected,L0,target2,cor,(Intercept),sem_dissim_z,0.405133327874691
fam_cn_young,selected,L0,target2,cor,(Intercept),vis_dissim_z,0.429511194576173
fam_cn_young,selected,L0,target2,cor,sem_dissim_z,vis_dissim_z,0.0931274495832198
fam_cn_young,selected,L0,target2,cor,(Intercept),FAM,-0.152490072426973
fam_cn_young,selected,L0,target2,cor,sem_dissim_z,FAM,-0.0741244835257436
fam_cn_young,selected,L0,target2,cor,vis_dissim_z,FAM,0.0833700505116261
fam_cn_young,selected,L0,target2,cor,(Intercept),SXF,0.201442066410093
fam_cn_young,selected,L0,target2,cor,sem_dissim_z,SXF,0.0781622766653084
fam_cn_young,selected,L0,target2,cor,vis_dissim_z,SXF,0.310960916664775
fam_cn_young,selected,L0,target2,cor,FAM,SXF,0.257615612101551
fam_cn_young,selected,L0,target2,cor,(Intercept),VXF,-0.123994834758398
fam_cn_young,selected,L0,target2,cor,sem_dissim_z,VXF,-0.0789589497366101
fam_cn_young,selected,L0,target2,cor,vis_dissim_z,VXF,-0.129334844235392
fam_cn_young,selected,L0,target2,cor,FAM,VXF,0.348914849854143
fam_cn_young,selected,L0,target2,cor,SXF,VXF,-0.300330909031262
fam_cn_young,selected,L0,Residual,sd,(Observation),,1.16634068771937
fam_cn_young,nointer,L0,participant,sd,(Intercept),,0.317149561210163
fam_cn_young,nointer,L0,participant,sd,sem_dissim_z,,0.135604324643219
fam_cn_young,nointer,L0,participant,sd,vis_dissim_z,,0.103288252575134
fam_cn_young,nointer,L0,participant,sd,FAM,,0.115552511505837
fam_cn_young,nointer,L0,participant,sd,SXF,,0.0818572277825863
fam_cn_young,nointer,L0,participant,sd,VXF,,0.0436851673312982
fam_cn_young,nointer,L0,participant,cor,(Intercept),sem_dissim_z,0.251555328943476
fam_cn_young,nointer,L0,participant,cor,(Intercept),vis_dissim_z,0.69915828287965
fam_cn_young,nointer,L0,participant,cor,sem_dissim_z,vis_dissim_z,0.109268613472
fam_cn_young,nointer,L0,participant,cor,(Intercept),FAM,0.0709873151005159
fam_cn_young,nointer,L0,participant,cor,sem_dissim_z,FAM,-0.102378093486705
fam_cn_young,nointer,L0,participant,cor,vis_dissim_z,FAM,0.0436467775093197
fam_cn_young,nointer,L0,participant,cor,(Intercept),SXF,0.0792231139826368
fam_cn_young,nointer,L0,participant,cor,sem_dissim_z,SXF,-0.13634640399823
fam_cn_young,nointer,L0,participant,cor,vis_dissim_z,SXF,-0.10610219659866
fam_cn_young,nointer,L0,participant,cor,FAM,SXF,0.191420338409588
fam_cn_young,nointer,L0,participant,cor,(Intercept),VXF,-0.0137444978579777
fam_cn_young,nointer,L0,participant,cor,sem_dissim_z,VXF,-0.23050200012435
fam_cn_young,nointer,L0,participant,cor,vis_dissim_z,VXF,0.081066146119845
fam_cn_young,nointer,L0,participant,cor,FAM,VXF,0.67400914697353
fam_cn_young,nointer,L0,participant,cor,SXF,VXF,-0.194381982220591
fam_cn_young,nointer,L0,target1,sd,(Intercept),,0.449696555335771
fam_cn_young,nointer,L0,target1,sd,sem_dissim_z,,0.380545911543513
fam_cn_young,nointer,L0,target1,sd,vis_dissim_z,,0.283749504704084
fam_cn_young,nointer,L0,target1,sd,FAM,,0.0757317417732072
fam_cn_young,nointer,L0,target1,sd,SXF,,0.0544798569748436
fam_cn_young,nointer,L0,target1,sd,VXF,,0.0443054330381031
fam_cn_young,nointer,L0,target1,cor,(Intercept),sem_dissim_z,0.255187196292089
fam_cn_young,nointer,L0,target1,cor,(Intercept),vis_dissim_z,0.625399658831425
fam_cn_young,nointer,L0,target1,cor,sem_dissim_z,vis_dissim_z,-0.123458351781428
fam_cn_young,nointer,L0,target1,cor,(Intercept),FAM,-0.030124244421718
fam_cn_young,nointer,L0,target1,cor,sem_dissim_z,FAM,0.139427425426815
fam_cn_young,nointer,L0,target1,cor,vis_dissim_z,FAM,-0.463209769771038
fam_cn_young,nointer,L0,target1,cor,(Intercept),SXF,0.280525734583124
fam_cn_young,nointer,L0,target1,cor,sem_dissim_z,SXF,-0.159590013503018
fam_cn_young,nointer,L0,target1,cor,vis_dissim_z,SXF,0.389041604027695
fam_cn_young,nointer,L0,target1,cor,FAM,SXF,-0.0780769557799328
fam_cn_young,nointer,L0,target1,cor,(Intercept),VXF,0.0718532060953217
fam_cn_young,nointer,L0,target1,cor,sem_dissim_z,VXF,-0.0721042849141259
fam_cn_young,nointer,L0,target1,cor,vis_dissim_z,VXF,0.209994726223092
fam_cn_young,nointer,L0,target1,cor,FAM,VXF,0.0159632442320754
fam_cn_young,nointer,L0,target1,cor,SXF,VXF,-0.295572213036117
fam_cn_young,nointer,L0,target2,sd,(Intercept),,0.32492864593928
fam_cn_young,nointer,L0,target2,sd,sem_dissim_z,,0.430428647495197
fam_cn_young,nointer,L0,target2,sd,vis_dissim_z,,0.297637725118005
fam_cn_young,nointer,L0,target2,sd,FAM,,0.0416712323302521
fam_cn_young,nointer,L0,target2,sd,SXF,,0.0845156765101532
fam_cn_young,nointer,L0,target2,sd,VXF,,0.0494903347292138
fam_cn_young,nointer,L0,target2,cor,(Intercept),sem_dissim_z,0.403527401450504
fam_cn_young,nointer,L0,target2,cor,(Intercept),vis_dissim_z,0.432037182422034
fam_cn_young,nointer,L0,target2,cor,sem_dissim_z,vis_dissim_z,0.094802108914106
fam_cn_young,nointer,L0,target2,cor,(Intercept),FAM,-0.146120547142184
fam_cn_young,nointer,L0,target2,cor,sem_dissim_z,FAM,-0.0637495633390479
fam_cn_young,nointer,L0,target2,cor,vis_dissim_z,FAM,0.0958816501768881
fam_cn_young,nointer,L0,target2,cor,(Intercept),SXF,0.208078255847561
fam_cn_young,nointer,L0,target2,cor,sem_dissim_z,SXF,0.0644692516251211
fam_cn_young,nointer,L0,target2,cor,vis_dissim_z,SXF,0.310004483454774
fam_cn_young,nointer,L0,target2,cor,FAM,SXF,0.273646211954904
fam_cn_young,nointer,L0,target2,cor,(Intercept),VXF,-0.127624691007516
fam_cn_young,nointer,L0,target2,cor,sem_dissim_z,VXF,-0.0800906145392454
fam_cn_young,nointer,L0,target2,cor,vis_dissim_z,VXF,-0.128196276165459
fam_cn_young,nointer,L0,target2,cor,FAM,VXF,0.337040981803602
fam_cn_young,nointer,L0,target2,cor,SXF,VXF,-0.296358914972183
fam_cn_young,nointer,L0,Residual,sd,(Observation),,1.16634159757432
fam_us_charismatic,selected,L0,participant,sd,(Intercept),,0.471437300931166
fam_us_charismatic,selected,L0,participant,sd,sem_dissim_z,,0.0828206920961325
fam_us_charismatic,selected,L0,participant,sd,vis_dissim_z,,0.0522619487637116
fam_us_charismatic,selected,L0,participant,sd,FAM,,0.152264712762659
fam_us_charismatic,selected,L0,participant,sd,SXF,,0.0561364284889816
fam_us_charismatic,selected,L0,participant,sd,VXF,,0.0337056877159115
fam_us_charismatic,selected,L0,participant,cor,(Intercept),sem_dissim_z,0.139658586833288
fam_us_charismatic,selected,L0,participant,cor,(Intercept),vis_dissim_z,0.0444343121899991
fam_us_charismatic,selected,L0,participant,cor,sem_dissim_z,vis_dissim_z,0.190390128120091
fam_us_charismatic,selected,L0,participant,cor,(Intercept),FAM,0.0206444380219904
fam_us_charismatic,selected,L0,participant,cor,sem_dissim_z,FAM,-0.0293325524892336
fam_us_charismatic,selected,L0,participant,cor,vis_dissim_z,FAM,0.0031806431661864
fam_us_charismatic,selected,L0,participant,cor,(Intercept),SXF,0.0530921497683091
fam_us_charismatic,selected,L0,participant,cor,sem_dissim_z,SXF,-0.161918787725099
fam_us_charismatic,selected,L0,participant,cor,vis_dissim_z,SXF,-0.0386684722663504
fam_us_charismatic,selected,L0,participant,cor,FAM,SXF,0.233493992435885
fam_us_charismatic,selected,L0,participant,cor,(Intercept),VXF,-0.14538589259889
fam_us_charismatic,selected,L0,participant,cor,sem_dissim_z,VXF,-0.119116681850483
fam_us_charismatic,selected,L0,participant,cor,vis_dissim_z,VXF,-0.286638967436468
fam_us_charismatic,selected,L0,participant,cor,FAM,VXF,0.197317156174094
fam_us_charismatic,selected,L0,participant,cor,SXF,VXF,0.0116709349215641
fam_us_charismatic,selected,L0,target1,sd,(Intercept),,0.109865031466541
fam_us_charismatic,selected,L0,target1,sd,sem_dissim_z,,0.0509339087750879
fam_us_charismatic,selected,L0,target1,sd,vis_dissim_z,,0.0512265651025091
fam_us_charismatic,selected,L0,target1,sd,FAM,,0.0350503495760392
fam_us_charismatic,selected,L0,target1,sd,SXF,,0.0146712621077639
fam_us_charismatic,selected,L0,target1,sd,VXF,,0.0123944239935184
fam_us_charismatic,selected,L0,target1,cor,(Intercept),sem_dissim_z,-0.224411606088946
fam_us_charismatic,selected,L0,target1,cor,(Intercept),vis_dissim_z,-0.0344081302234663
fam_us_charismatic,selected,L0,target1,cor,sem_dissim_z,vis_dissim_z,0.14092900808687
fam_us_charismatic,selected,L0,target1,cor,(Intercept),FAM,0.387160419970267
fam_us_charismatic,selected,L0,target1,cor,sem_dissim_z,FAM,-0.326650487694185
fam_us_charismatic,selected,L0,target1,cor,vis_dissim_z,FAM,0.0194301097870638
fam_us_charismatic,selected,L0,target1,cor,(Intercept),SXF,-0.0937828753796567
fam_us_charismatic,selected,L0,target1,cor,sem_dissim_z,SXF,-0.200826219463562
fam_us_charismatic,selected,L0,target1,cor,vis_dissim_z,SXF,-0.256321701369836
fam_us_charismatic,selected,L0,target1,cor,FAM,SXF,-0.392257397965396
fam_us_charismatic,selected,L0,target1,cor,(Intercept),VXF,-0.142722855527994
fam_us_charismatic,selected,L0,target1,cor,sem_dissim_z,VXF,-0.249335012133897
fam_us_charismatic,selected,L0,target1,cor,vis_dissim_z,VXF,-0.654031649262089
fam_us_charismatic,selected,L0,target1,cor,FAM,VXF,-0.522516819275875
fam_us_charismatic,selected,L0,target1,cor,SXF,VXF,0.824169236673669
fam_us_charismatic,selected,L0,target2,sd,(Intercept),,0.112126649209577
fam_us_charismatic,selected,L0,target2,sd,sem_dissim_z,,0.0567953697687476
fam_us_charismatic,selected,L0,target2,sd,vis_dissim_z,,0.0358520742714883
fam_us_charismatic,selected,L0,target2,sd,FAM,,0.046581014177103
fam_us_charismatic,selected,L0,target2,sd,SXF,,0.0212671879433367
fam_us_charismatic,selected,L0,target2,sd,VXF,,0.0115722318029652
fam_us_charismatic,selected,L0,target2,cor,(Intercept),sem_dissim_z,-0.572682052143468
fam_us_charismatic,selected,L0,target2,cor,(Intercept),vis_dissim_z,0.18193177595135
fam_us_charismatic,selected,L0,target2,cor,sem_dissim_z,vis_dissim_z,-0.426815567065501
fam_us_charismatic,selected,L0,target2,cor,(Intercept),FAM,0.477809134420567
fam_us_charismatic,selected,L0,target2,cor,sem_dissim_z,FAM,-0.52314254380199
fam_us_charismatic,selected,L0,target2,cor,vis_dissim_z,FAM,0.0430035394474206
fam_us_charismatic,selected,L0,target2,cor,(Intercept),SXF,-0.253579780863893
fam_us_charismatic,selected,L0,target2,cor,sem_dissim_z,SXF,0.710016265751174
fam_us_charismatic,selected,L0,target2,cor,vis_dissim_z,SXF,-0.327536375131875
fam_us_charismatic,selected,L0,target2,cor,FAM,SXF,-0.406438661820288
fam_us_charismatic,selected,L0,target2,cor,(Intercept),VXF,-0.145139233183924
fam_us_charismatic,selected,L0,target2,cor,sem_dissim_z,VXF,-0.149156138866535
fam_us_charismatic,selected,L0,target2,cor,vis_dissim_z,VXF,0.381021397646503
fam_us_charismatic,selected,L0,target2,cor,FAM,VXF,-0.278764148284774
fam_us_charismatic,selected,L0,target2,cor,SXF,VXF,0.117779242174248
fam_us_charismatic,selected,L0,Residual,sd,(Observation),,1.45349980912519
fam_us_charismatic,nointer,L0,participant,sd,(Intercept),,0.471447258528533
fam_us_charismatic,nointer,L0,participant,sd,sem_dissim_z,,0.0828121026802845
fam_us_charismatic,nointer,L0,participant,sd,vis_dissim_z,,0.0521646766052459
fam_us_charismatic,nointer,L0,participant,sd,FAM,,0.152279009266952
fam_us_charismatic,nointer,L0,participant,sd,SXF,,0.0561497557125414
fam_us_charismatic,nointer,L0,participant,sd,VXF,,0.0339090175187444
fam_us_charismatic,nointer,L0,participant,cor,(Intercept),sem_dissim_z,0.139709977679021
fam_us_charismatic,nointer,L0,participant,cor,(Intercept),vis_dissim_z,0.0448825753644754
fam_us_charismatic,nointer,L0,participant,cor,sem_dissim_z,vis_dissim_z,0.19204819568667
fam_us_charismatic,nointer,L0,participant,cor,(Intercept),FAM,0.0205683520432397
fam_us_charismatic,nointer,L0,participant,cor,sem_dissim_z,FAM,-0.0292067652171623
fam_us_charismatic,nointer,L0,participant,cor,vis_dissim_z,FAM,0.0021905680884002
fam_us_charismatic,nointer,L0,participant,cor,(Intercept),SXF,0.053163808072754
fam_us_charismatic,nointer,L0,participant,cor,sem_dissim_z,SXF,-0.161845446092557
fam_us_charismatic,nointer,L0,participant,cor,vis_dissim_z,SXF,-0.0379183327865831
fam_us_charismatic,nointer,L0,participant,cor,FAM,SXF,0.233588560234304
fam_us_charismatic,nointer,L0,participant,cor,(Intercept),VXF,-0.145085376063679
fam_us_charismatic,nointer,L0,participant,cor,sem_dissim_z,VXF,-0.119276202185871
fam_us_charismatic,nointer,L0,participant,cor,vis_dissim_z,VXF,-0.28897445582385
fam_us_charismatic,nointer,L0,participant,cor,FAM,VXF,0.195208957675959
fam_us_charismatic,nointer,L0,participant,cor,SXF,VXF,0.010178644618889
fam_us_charismatic,nointer,L0,target1,sd,(Intercept),,0.109774316545266
fam_us_charismatic,nointer,L0,target1,sd,sem_dissim_z,,0.0508958523832439
fam_us_charismatic,nointer,L0,target1,sd,vis_dissim_z,,0.0517987645086699
fam_us_charismatic,nointer,L0,target1,sd,FAM,,0.0353337947869065
fam_us_charismatic,nointer,L0,target1,sd,SXF,,0.0147013492799693
fam_us_charismatic,nointer,L0,target1,sd,VXF,,0.0124134022898735
fam_us_charismatic,nointer,L0,target1,cor,(Intercept),sem_dissim_z,-0.222508655198738
fam_us_charismatic,nointer,L0,target1,cor,(Intercept),vis_dissim_z,-0.0406629473711133
fam_us_charismatic,nointer,L0,target1,cor,sem_dissim_z,vis_dissim_z,0.141186379250179
fam_us_charismatic,nointer,L0,target1,cor,(Intercept),FAM,0.382968778911237
fam_us_charismatic,nointer,L0,target1,cor,sem_dissim_z,FAM,-0.317835804329407
fam_us_charismatic,nointer,L0,target1,cor,vis_dissim_z,FAM,0.0208895786689446
fam_us_charismatic,nointer,L0,target1,cor,(Intercept),SXF,-0.0713291561783495
fam_us_charismatic,nointer,L0,target1,cor,sem_dissim_z,SXF,-0.220317998637904
fam_us_charismatic,nointer,L0,target1,cor,vis_dissim_z,SXF,-0.255650239130128
fam_us_charismatic,nointer,L0,target1,cor,FAM,SXF,-0.362812058199377
fam_us_charismatic,nointer,L0,target1,cor,(Intercept),VXF,-0.168179144407721
fam_us_charismatic,nointer,L0,target1,cor,sem_dissim_z,VXF,-0.230784789322155
fam_us_charismatic,nointer,L0,target1,cor,vis_dissim_z,VXF,-0.628457587741224
fam_us_charismatic,nointer,L0,target1,cor,FAM,VXF,-0.559182239251297
fam_us_charismatic,nointer,L0,target1,cor,SXF,VXF,0.825987390287512
fam_us_charismatic,nointer,L0,target2,sd,(Intercept),,0.112009794043461
fam_us_charismatic,nointer,L0,target2,sd,sem_dissim_z,,0.0567412370029707
fam_us_charismatic,nointer,L0,target2,sd,vis_dissim_z,,0.0362306454846021
fam_us_charismatic,nointer,L0,target2,sd,FAM,,0.0467017984658639
fam_us_charismatic,nointer,L0,target2,sd,SXF,,0.0214986188280633
fam_us_charismatic,nointer,L0,target2,sd,VXF,,0.0126743825029084
fam_us_charismatic,nointer,L0,target2,cor,(Intercept),sem_dissim_z,-0.571116836233627
fam_us_charismatic,nointer,L0,target2,cor,(Intercept),vis_dissim_z,0.169668612543423
fam_us_charismatic,nointer,L0,target2,cor,sem_dissim_z,vis_dissim_z,-0.425636440933687
fam_us_charismatic,nointer,L0,target2,cor,(Intercept),FAM,0.471485161657257
fam_us_charismatic,nointer,L0,target2,cor,sem_dissim_z,FAM,-0.521631323176513
fam_us_charismatic,nointer,L0,target2,cor,vis_dissim_z,FAM,0.0458990594248668
fam_us_charismatic,nointer,L0,target2,cor,(Intercept),SXF,-0.250272514998243
fam_us_charismatic,nointer,L0,target2,cor,sem_dissim_z,SXF,0.716001551848275
fam_us_charismatic,nointer,L0,target2,cor,vis_dissim_z,SXF,-0.343641101460624
fam_us_charismatic,nointer,L0,target2,cor,FAM,SXF,-0.402298465157623
fam_us_charismatic,nointer,L0,target2,cor,(Intercept),VXF,-0.129556353493685
fam_us_charismatic,nointer,L0,target2,cor,sem_dissim_z,VXF,-0.16368255962788
fam_us_charismatic,nointer,L0,target2,cor,vis_dissim_z,VXF,0.371767137438235
fam_us_charismatic,nointer,L0,target2,cor,FAM,VXF,-0.229185225293428
fam_us_charismatic,nointer,L0,target2,cor,SXF,VXF,0.0712047453424325
fam_us_charismatic,nointer,L0,Residual,sd,(Observation),,1.45349628540211
fam_us_competent,selected,L1,participant,sd,(Intercept),,0.477957629894939
fam_us_competent,selected,L1,participant,sd,sem_dissim_z,,0.0754503790832505
fam_us_competent,selected,L1,participant,sd,vis_dissim_z,,0.0446390246421504
fam_us_competent,selected,L1,participant,sd,FAM,,0.187569378062306
fam_us_competent,selected,L1,participant,sd,SXF,,0.0542055861453086
fam_us_competent,selected,L1,participant,sd,VXF,,0.0313117751349032
fam_us_competent,selected,L1,participant,cor,(Intercept),sem_dissim_z,0.132875831918241
fam_us_competent,selected,L1,participant,cor,(Intercept),vis_dissim_z,0.214311961460315
fam_us_competent,selected,L1,participant,cor,sem_dissim_z,vis_dissim_z,-0.150694229456299
fam_us_competent,selected,L1,participant,cor,(Intercept),FAM,-0.143931034905732
fam_us_competent,selected,L1,participant,cor,sem_dissim_z,FAM,-0.0526526333569918
fam_us_competent,selected,L1,participant,cor,vis_dissim_z,FAM,0.0041076073575539
fam_us_competent,selected,L1,participant,cor,(Intercept),SXF,-0.0784856698838457
fam_us_competent,selected,L1,participant,cor,sem_dissim_z,SXF,-0.045794394505108
fam_us_competent,selected,L1,participant,cor,vis_dissim_z,SXF,-0.0395434116626022
fam_us_competent,selected,L1,participant,cor,FAM,SXF,0.366653956600346
fam_us_competent,selected,L1,participant,cor,(Intercept),VXF,-0.0753288481907417
fam_us_competent,selected,L1,participant,cor,sem_dissim_z,VXF,-0.0198024087993113
fam_us_competent,selected,L1,participant,cor,vis_dissim_z,VXF,-0.150197515843875
fam_us_competent,selected,L1,participant,cor,FAM,VXF,-0.0276171052656998
fam_us_competent,selected,L1,participant,cor,SXF,VXF,-0.0909181126018198
fam_us_competent,selected,L1,target1,sd,(Intercept),,0.114317634973221
fam_us_competent,selected,L1,target1,sd,sem_dissim_z,,0.030803566466042
fam_us_competent,selected,L1,target1,sd,vis_dissim_z,,0.0268128501562481
fam_us_competent,selected,L1,target1,sd,FAM,,0.0289522103611302
fam_us_competent,selected,L1,target1,cor,(Intercept),sem_dissim_z,-0.0081309602233188
fam_us_competent,selected,L1,target1,cor,(Intercept),vis_dissim_z,0.479064714852965
fam_us_competent,selected,L1,target1,cor,sem_dissim_z,vis_dissim_z,-0.0675190265594115
fam_us_competent,selected,L1,target1,cor,(Intercept),FAM,0.297116390846199
fam_us_competent,selected,L1,target1,cor,sem_dissim_z,FAM,0.108878810463927
fam_us_competent,selected,L1,target1,cor,vis_dissim_z,FAM,-0.107596592586952
fam_us_competent,selected,L1,target2,sd,(Intercept),,0.103723798408301
fam_us_competent,selected,L1,target2,sd,sem_dissim_z,,0.0301854046365079
fam_us_competent,selected,L1,target2,sd,vis_dissim_z,,0.0330871781972187
fam_us_competent,selected,L1,target2,sd,FAM,,0.0369754938324493
fam_us_competent,selected,L1,target2,cor,(Intercept),sem_dissim_z,-0.22812271079021
fam_us_competent,selected,L1,target2,cor,(Intercept),vis_dissim_z,0.444279602233705
fam_us_competent,selected,L1,target2,cor,sem_dissim_z,vis_dissim_z,-0.305136436757572
fam_us_competent,selected,L1,target2,cor,(Intercept),FAM,0.208722995710575
fam_us_competent,selected,L1,target2,cor,sem_dissim_z,FAM,-0.165655635977992
fam_us_competent,selected,L1,target2,cor,vis_dissim_z,FAM,-0.013079438160113
fam_us_competent,selected,L1,Residual,sd,(Observation),,1.25668334993667
fam_us_competent,nointer,L1,participant,sd,(Intercept),,0.477976214804582
fam_us_competent,nointer,L1,participant,sd,sem_dissim_z,,0.0754383618538848
fam_us_competent,nointer,L1,participant,sd,vis_dissim_z,,0.0446323136893935
fam_us_competent,nointer,L1,participant,sd,FAM,,0.187576546045027
fam_us_competent,nointer,L1,participant,sd,SXF,,0.0542030388528943
fam_us_competent,nointer,L1,participant,sd,VXF,,0.0317577144792513
fam_us_competent,nointer,L1,participant,cor,(Intercept),sem_dissim_z,0.133144541799609
fam_us_competent,nointer,L1,participant,cor,(Intercept),vis_dissim_z,0.213004710267355
fam_us_competent,nointer,L1,participant,cor,sem_dissim_z,vis_dissim_z,-0.14923888870368
fam_us_competent,nointer,L1,participant,cor,(Intercept),FAM,-0.143890219852963
fam_us_competent,nointer,L1,participant,cor,sem_dissim_z,FAM,-0.0524724177015731
fam_us_competent,nointer,L1,participant,cor,vis_dissim_z,FAM,0.0001886813167801
fam_us_competent,nointer,L1,participant,cor,(Intercept),SXF,-0.0784824668927619
fam_us_competent,nointer,L1,participant,cor,sem_dissim_z,SXF,-0.0460616551132727
fam_us_competent,nointer,L1,participant,cor,vis_dissim_z,SXF,-0.0395863293230151
fam_us_competent,nointer,L1,participant,cor,FAM,SXF,0.367033439568314
fam_us_competent,nointer,L1,participant,cor,(Intercept),VXF,-0.0781747475755235
fam_us_competent,nointer,L1,participant,cor,sem_dissim_z,VXF,-0.0169536609779942
fam_us_competent,nointer,L1,participant,cor,vis_dissim_z,VXF,-0.152475814093017
fam_us_competent,nointer,L1,participant,cor,FAM,VXF,-0.0312603144697575
fam_us_competent,nointer,L1,participant,cor,SXF,VXF,-0.0897411527897535
fam_us_competent,nointer,L1,target1,sd,(Intercept),,0.11435786767784
fam_us_competent,nointer,L1,target1,sd,sem_dissim_z,,0.0308162865674204
fam_us_competent,nointer,L1,target1,sd,vis_dissim_z,,0.0272796457400592
fam_us_competent,nointer,L1,target1,sd,FAM,,0.0290793920942346
fam_us_competent,nointer,L1,target1,cor,(Intercept),sem_dissim_z,-0.0064086635567957
fam_us_competent,nointer,L1,target1,cor,(Intercept),vis_dissim_z,0.462541017866418
fam_us_competent,nointer,L1,target1,cor,sem_dissim_z,vis_dissim_z,-0.0798438869472511
fam_us_competent,nointer,L1,target1,cor,(Intercept),FAM,0.307846832419442
fam_us_competent,nointer,L1,target1,cor,sem_dissim_z,FAM,0.112412875633539
fam_us_competent,nointer,L1,target1,cor,vis_dissim_z,FAM,-0.110861754503804
fam_us_competent,nointer,L1,target2,sd,(Intercept),,0.103738329516815
fam_us_competent,nointer,L1,target2,sd,sem_dissim_z,,0.0301786725078983
fam_us_competent,nointer,L1,target2,sd,vis_dissim_z,,0.033516404342656
fam_us_competent,nointer,L1,target2,sd,FAM,,0.0372209995731507
fam_us_competent,nointer,L1,target2,cor,(Intercept),sem_dissim_z,-0.228112603643887
fam_us_competent,nointer,L1,target2,cor,(Intercept),vis_dissim_z,0.423130848429783
fam_us_competent,nointer,L1,target2,cor,sem_dissim_z,vis_dissim_z,-0.301480055904076
fam_us_competent,nointer,L1,target2,cor,(Intercept),FAM,0.212198002020803
fam_us_competent,nointer,L1,target2,cor,sem_dissim_z,FAM,-0.168343420183275
fam_us_competent,nointer,L1,target2,cor,vis_dissim_z,FAM,-0.0056593627013442
fam_us_competent,nointer,L1,Residual,sd,(Observation),,1.25667765674047
fam_us_competent,L0,L0,participant,sd,(Intercept),,0.477960526486363
fam_us_competent,L0,L0,participant,sd,sem_dissim_z,,0.0754261313720923
fam_us_competent,L0,L0,participant,sd,vis_dissim_z,,0.0446220366656349
fam_us_competent,L0,L0,participant,sd,FAM,,0.187569954447458
fam_us_competent,L0,L0,participant,sd,SXF,,0.0541965497188283
fam_us_competent,L0,L0,participant,sd,VXF,,0.0313178515492898
fam_us_competent,L0,L0,participant,cor,(Intercept),sem_dissim_z,0.133289025268077
fam_us_competent,L0,L0,participant,cor,(Intercept),vis_dissim_z,0.213997439851027
fam_us_competent,L0,L0,participant,cor,sem_dissim_z,vis_dissim_z,-0.148470261126049
fam_us_competent,L0,L0,participant,cor,(Intercept),FAM,-0.143957338191353
fam_us_competent,L0,L0,participant,cor,sem_dissim_z,FAM,-0.052698845814646
fam_us_competent,L0,L0,participant,cor,vis_dissim_z,FAM,0.0050156042937904
fam_us_competent,L0,L0,participant,cor,(Intercept),SXF,-0.0790481758902187
fam_us_competent,L0,L0,participant,cor,sem_dissim_z,SXF,-0.0464369343225866
fam_us_competent,L0,L0,participant,cor,vis_dissim_z,SXF,-0.039424413234296
fam_us_competent,L0,L0,participant,cor,FAM,SXF,0.367604796588756
fam_us_competent,L0,L0,participant,cor,(Intercept),VXF,-0.0757937402587437
fam_us_competent,L0,L0,participant,cor,sem_dissim_z,VXF,-0.0171594414155004
fam_us_competent,L0,L0,participant,cor,vis_dissim_z,VXF,-0.14938840068299
fam_us_competent,L0,L0,participant,cor,FAM,VXF,-0.0268598158176696
fam_us_competent,L0,L0,participant,cor,SXF,VXF,-0.0900755630251263
fam_us_competent,L0,L0,target1,sd,(Intercept),,0.113821873979461
fam_us_competent,L0,L0,target1,sd,sem_dissim_z,,0.0310734430109251
fam_us_competent,L0,L0,target1,sd,vis_dissim_z,,0.026343194332082
fam_us_competent,L0,L0,target1,sd,FAM,,0.0288411055156447
fam_us_competent,L0,L0,target1,sd,SXF,,0.0054430691156727
fam_us_competent,L0,L0,target1,sd,VXF,,0.0079906242302223
fam_us_competent,L0,L0,target1,cor,(Intercept),sem_dissim_z,0.0065436396961502
fam_us_competent,L0,L0,target1,cor,(Intercept),vis_dissim_z,0.452183945225985
fam_us_competent,L0,L0,target1,cor,sem_dissim_z,vis_dissim_z,-0.0819402496598381
fam_us_competent,L0,L0,target1,cor,(Intercept),FAM,0.260908414863391
fam_us_competent,L0,L0,target1,cor,sem_dissim_z,FAM,0.12201761295722
fam_us_competent,L0,L0,target1,cor,vis_dissim_z,FAM,-0.10638796127087
fam_us_competent,L0,L0,target1,cor,(Intercept),SXF,0.202427691656683
fam_us_competent,L0,L0,target1,cor,sem_dissim_z,SXF,-0.436437737070102
fam_us_competent,L0,L0,target1,cor,vis_dissim_z,SXF,-0.427924459586452
fam_us_competent,L0,L0,target1,cor,FAM,SXF,0.687337713517798
fam_us_competent,L0,L0,target1,cor,(Intercept),VXF,-0.500552404541401
fam_us_competent,L0,L0,target1,cor,sem_dissim_z,VXF,0.277846342736817
fam_us_competent,L0,L0,target1,cor,vis_dissim_z,VXF,-0.4448930633966
fam_us_competent,L0,L0,target1,cor,FAM,VXF,-0.458428571551008
fam_us_competent,L0,L0,target1,cor,SXF,VXF,-0.215697056294829
fam_us_competent,L0,L0,target2,sd,(Intercept),,0.103574604705313
fam_us_competent,L0,L0,target2,sd,sem_dissim_z,,0.0298637321355446
fam_us_competent,L0,L0,target2,sd,vis_dissim_z,,0.0336073466110606
fam_us_competent,L0,L0,target2,sd,FAM,,0.0369163879058537
fam_us_competent,L0,L0,target2,sd,SXF,,0.0124842916711467
fam_us_competent,L0,L0,target2,sd,VXF,,0.0097111976406456
fam_us_competent,L0,L0,target2,cor,(Intercept),sem_dissim_z,-0.211795898218742
fam_us_competent,L0,L0,target2,cor,(Intercept),vis_dissim_z,0.460014305253776
fam_us_competent,L0,L0,target2,cor,sem_dissim_z,vis_dissim_z,-0.321385236733532
fam_us_competent,L0,L0,target2,cor,(Intercept),FAM,0.150466401760255
fam_us_competent,L0,L0,target2,cor,sem_dissim_z,FAM,-0.0950707851501409
fam_us_competent,L0,L0,target2,cor,vis_dissim_z,FAM,-0.0319350849754766
fam_us_competent,L0,L0,target2,cor,(Intercept),SXF,0.358938443761713
fam_us_competent,L0,L0,target2,cor,sem_dissim_z,SXF,0.650388633796508
fam_us_competent,L0,L0,target2,cor,vis_dissim_z,SXF,-0.257398126387098
fam_us_competent,L0,L0,target2,cor,FAM,SXF,0.512115627347808
fam_us_competent,L0,L0,target2,cor,(Intercept),VXF,0.0618248462130167
fam_us_competent,L0,L0,target2,cor,sem_dissim_z,VXF,-0.8378300932845
fam_us_competent,L0,L0,target2,cor,vis_dissim_z,VXF,0.379931381061782
fam_us_competent,L0,L0,target2,cor,FAM,VXF,0.490336387426015
fam_us_competent,L0,L0,target2,cor,SXF,VXF,-0.451022752337203
fam_us_competent,L0,L0,Residual,sd,(Observation),,1.25661692209736
fam_us_critical,selected,L1,participant,sd,(Intercept),,0.483630507225066
fam_us_critical,selected,L1,participant,sd,sem_dissim_z,,0.0794404820201645
fam_us_critical,selected,L1,participant,sd,vis_dissim_z,,0.0503939178201384
fam_us_critical,selected,L1,participant,sd,FAM,,0.135616006259821
fam_us_critical,selected,L1,participant,sd,SXF,,0.0533715750472789
fam_us_critical,selected,L1,participant,sd,VXF,,0.020091732071148
fam_us_critical,selected,L1,participant,cor,(Intercept),sem_dissim_z,0.0708022113452038
fam_us_critical,selected,L1,participant,cor,(Intercept),vis_dissim_z,0.0833861313215075
fam_us_critical,selected,L1,participant,cor,sem_dissim_z,vis_dissim_z,-0.0713458625971174
fam_us_critical,selected,L1,participant,cor,(Intercept),FAM,-0.0779635445883681
fam_us_critical,selected,L1,participant,cor,sem_dissim_z,FAM,-0.0092099591590266
fam_us_critical,selected,L1,participant,cor,vis_dissim_z,FAM,0.023332796910953
fam_us_critical,selected,L1,participant,cor,(Intercept),SXF,-0.0118940754461895
fam_us_critical,selected,L1,participant,cor,sem_dissim_z,SXF,0.0009814979675595
fam_us_critical,selected,L1,participant,cor,vis_dissim_z,SXF,-0.0587342100696152
fam_us_critical,selected,L1,participant,cor,FAM,SXF,0.0499464120013304
fam_us_critical,selected,L1,participant,cor,(Intercept),VXF,-0.195520940418828
fam_us_critical,selected,L1,participant,cor,sem_dissim_z,VXF,-0.107233534064711
fam_us_critical,selected,L1,participant,cor,vis_dissim_z,VXF,-0.0355696343557602
fam_us_critical,selected,L1,participant,cor,FAM,VXF,0.0894174176768335
fam_us_critical,selected,L1,participant,cor,SXF,VXF,0.0753044133170261
fam_us_critical,selected,L1,target1,sd,(Intercept),,0.0752427664608194
fam_us_critical,selected,L1,target1,sd,sem_dissim_z,,0.0384160511949088
fam_us_critical,selected,L1,target1,sd,vis_dissim_z,,0.0571599961264086
fam_us_critical,selected,L1,target1,sd,FAM,,0.0198460971016051
fam_us_critical,selected,L1,target1,cor,(Intercept),sem_dissim_z,-0.181327370676627
fam_us_critical,selected,L1,target1,cor,(Intercept),vis_dissim_z,0.0849926285530924
fam_us_critical,selected,L1,target1,cor,sem_dissim_z,vis_dissim_z,0.0789050439401599
fam_us_critical,selected,L1,target1,cor,(Intercept),FAM,-0.402277289726109
fam_us_critical,selected,L1,target1,cor,sem_dissim_z,FAM,0.12156664627989
fam_us_critical,selected,L1,target1,cor,vis_dissim_z,FAM,-0.211852459777732
fam_us_critical,selected,L1,target2,sd,(Intercept),,0.0718883930197741
fam_us_critical,selected,L1,target2,sd,sem_dissim_z,,0.0514952804864613
fam_us_critical,selected,L1,target2,sd,vis_dissim_z,,0.0373394406030576
fam_us_critical,selected,L1,target2,sd,FAM,,0.0230634646026708
fam_us_critical,selected,L1,target2,cor,(Intercept),sem_dissim_z,-0.299728624916121
fam_us_critical,selected,L1,target2,cor,(Intercept),vis_dissim_z,0.454071013940489
fam_us_critical,selected,L1,target2,cor,sem_dissim_z,vis_dissim_z,0.0239517751870185
fam_us_critical,selected,L1,target2,cor,(Intercept),FAM,0.0118480424220835
fam_us_critical,selected,L1,target2,cor,sem_dissim_z,FAM,0.234905667631133
fam_us_critical,selected,L1,target2,cor,vis_dissim_z,FAM,0.347955879351523
fam_us_critical,selected,L1,Residual,sd,(Observation),,1.53482730472547
fam_us_critical,nointer,L1,participant,sd,(Intercept),,0.483645400108177
fam_us_critical,nointer,L1,participant,sd,sem_dissim_z,,0.0794267225567098
fam_us_critical,nointer,L1,participant,sd,vis_dissim_z,,0.050418046597991
fam_us_critical,nointer,L1,participant,sd,FAM,,0.135607583798113
fam_us_critical,nointer,L1,participant,sd,SXF,,0.0533823046689093
fam_us_critical,nointer,L1,participant,sd,VXF,,0.0204118476173129
fam_us_critical,nointer,L1,participant,cor,(Intercept),sem_dissim_z,0.0709565789467828
fam_us_critical,nointer,L1,participant,cor,(Intercept),vis_dissim_z,0.0837982435632886
fam_us_critical,nointer,L1,participant,cor,sem_dissim_z,vis_dissim_z,-0.0717443878692935
fam_us_critical,nointer,L1,participant,cor,(Intercept),FAM,-0.0780032423053715
fam_us_critical,nointer,L1,participant,cor,sem_dissim_z,FAM,-0.009435425122585
fam_us_critical,nointer,L1,participant,cor,vis_dissim_z,FAM,0.0210507880210764
fam_us_critical,nointer,L1,participant,cor,(Intercept),SXF,-0.0118529440808834
fam_us_critical,nointer,L1,participant,cor,sem_dissim_z,SXF,0.0006706731454603
fam_us_critical,nointer,L1,participant,cor,vis_dissim_z,SXF,-0.0604480942702765
fam_us_critical,nointer,L1,participant,cor,FAM,SXF,0.0498912286877755
fam_us_critical,nointer,L1,participant,cor,(Intercept),VXF,-0.195029401725714
fam_us_critical,nointer,L1,participant,cor,sem_dissim_z,VXF,-0.109193427579577
fam_us_critical,nointer,L1,participant,cor,vis_dissim_z,VXF,-0.0346082235661706
fam_us_critical,nointer,L1,participant,cor,FAM,VXF,0.0808913517230704
fam_us_critical,nointer,L1,participant,cor,SXF,VXF,0.075681331582821
fam_us_critical,nointer,L1,target1,sd,(Intercept),,0.0751968982322942
fam_us_critical,nointer,L1,target1,sd,sem_dissim_z,,0.0384098226229468
fam_us_critical,nointer,L1,target1,sd,vis_dissim_z,,0.0573212506303897
fam_us_critical,nointer,L1,target1,sd,FAM,,0.019855506677854
fam_us_critical,nointer,L1,target1,cor,(Intercept),sem_dissim_z,-0.183378067751011
fam_us_critical,nointer,L1,target1,cor,(Intercept),vis_dissim_z,0.0829851210780521
fam_us_critical,nointer,L1,target1,cor,sem_dissim_z,vis_dissim_z,0.0837921274593376
fam_us_critical,nointer,L1,target1,cor,(Intercept),FAM,-0.40811145018444
fam_us_critical,nointer,L1,target1,cor,sem_dissim_z,FAM,0.115885247123465
fam_us_critical,nointer,L1,target1,cor,vis_dissim_z,FAM,-0.203271333727852
fam_us_critical,nointer,L1,target2,sd,(Intercept),,0.0719281278101958
fam_us_critical,nointer,L1,target2,sd,sem_dissim_z,,0.0514855711784634
fam_us_critical,nointer,L1,target2,sd,vis_dissim_z,,0.0372769645163646
fam_us_critical,nointer,L1,target2,sd,FAM,,0.02346805782812
fam_us_critical,nointer,L1,target2,cor,(Intercept),sem_dissim_z,-0.300485325869
fam_us_critical,nointer,L1,target2,cor,(Intercept),vis_dissim_z,0.450919897650607
fam_us_critical,nointer,L1,target2,cor,sem_dissim_z,vis_dissim_z,0.0206338734125789
fam_us_critical,nointer,L1,target2,cor,(Intercept),FAM,0.0023665653717579
fam_us_critical,nointer,L1,target2,cor,sem_dissim_z,FAM,0.230344396795022
fam_us_critical,nointer,L1,target2,cor,vis_dissim_z,FAM,0.356984539684578
fam_us_critical,nointer,L1,Residual,sd,(Observation),,1.53482930943194
fam_us_critical,L0,L0,participant,sd,(Intercept),,0.483665979177387
fam_us_critical,L0,L0,participant,sd,sem_dissim_z,,0.0794306099919802
fam_us_critical,L0,L0,participant,sd,vis_dissim_z,,0.0509204754709451
fam_us_critical,L0,L0,participant,sd,FAM,,0.135704855674519
fam_us_critical,L0,L0,participant,sd,SXF,,0.053087459198892
fam_us_critical,L0,L0,participant,sd,VXF,,0.0057641215170763
fam_us_critical,L0,L0,participant,cor,(Intercept),sem_dissim_z,0.06890676603211
fam_us_critical,L0,L0,participant,cor,(Intercept),vis_dissim_z,0.0845993104087704
fam_us_critical,L0,L0,participant,cor,sem_dissim_z,vis_dissim_z,-0.0717245906225189
fam_us_critical,L0,L0,participant,cor,(Intercept),FAM,-0.0779107257191607
fam_us_critical,L0,L0,participant,cor,sem_dissim_z,FAM,-0.0067934249683219
fam_us_critical,L0,L0,participant,cor,vis_dissim_z,FAM,0.0185091967423607
fam_us_critical,L0,L0,participant,cor,(Intercept),SXF,-0.014808670610553
fam_us_critical,L0,L0,participant,cor,sem_dissim_z,SXF,0.001471882304952
fam_us_critical,L0,L0,participant,cor,vis_dissim_z,SXF,-0.0624798130185102
fam_us_critical,L0,L0,participant,cor,FAM,SXF,0.0520429687160691
fam_us_critical,L0,L0,participant,cor,(Intercept),VXF,-0.662156281320535
fam_us_critical,L0,L0,participant,cor,sem_dissim_z,VXF,-0.424970698269568
fam_us_critical,L0,L0,participant,cor,vis_dissim_z,VXF,0.0703359183437593
fam_us_critical,L0,L0,participant,cor,FAM,VXF,0.280546495884735
fam_us_critical,L0,L0,participant,cor,SXF,VXF,0.585513513338393
fam_us_critical,L0,L0,target1,sd,(Intercept),,0.0748588045162797
fam_us_critical,L0,L0,target1,sd,sem_dissim_z,,0.039669974003077
fam_us_critical,L0,L0,target1,sd,vis_dissim_z,,0.0559793899085268
fam_us_critical,L0,L0,target1,sd,FAM,,0.0196339175327056
fam_us_critical,L0,L0,target1,sd,SXF,,0.0145304949968458
fam_us_critical,L0,L0,target1,sd,VXF,,0.0118740681901978
fam_us_critical,L0,L0,target1,cor,(Intercept),sem_dissim_z,-0.150223024761478
fam_us_critical,L0,L0,target1,cor,(Intercept),vis_dissim_z,0.117349900322966
fam_us_critical,L0,L0,target1,cor,sem_dissim_z,vis_dissim_z,0.0657478034404023
fam_us_critical,L0,L0,target1,cor,(Intercept),FAM,-0.397605915932592
fam_us_critical,L0,L0,target1,cor,sem_dissim_z,FAM,0.286388636104913
fam_us_critical,L0,L0,target1,cor,vis_dissim_z,FAM,-0.391476312746221
fam_us_critical,L0,L0,target1,cor,(Intercept),SXF,-0.100548176429698
fam_us_critical,L0,L0,target1,cor,sem_dissim_z,SXF,-0.405513932562694
fam_us_critical,L0,L0,target1,cor,vis_dissim_z,SXF,0.0027548112188096
fam_us_critical,L0,L0,target1,cor,FAM,SXF,-0.272782599357722
fam_us_critical,L0,L0,target1,cor,(Intercept),VXF,0.103823538735953
fam_us_critical,L0,L0,target1,cor,sem_dissim_z,VXF,-0.560153720463993
fam_us_critical,L0,L0,target1,cor,vis_dissim_z,VXF,0.16880189669656
fam_us_critical,L0,L0,target1,cor,FAM,VXF,0.337621332160112
fam_us_critical,L0,L0,target1,cor,SXF,VXF,0.368156888113337
fam_us_critical,L0,L0,target2,sd,(Intercept),,0.0714325475619635
fam_us_critical,L0,L0,target2,sd,sem_dissim_z,,0.0507151662389865
fam_us_critical,L0,L0,target2,sd,vis_dissim_z,,0.0382107345757694
fam_us_critical,L0,L0,target2,sd,FAM,,0.0272678640824774
fam_us_critical,L0,L0,target2,sd,SXF,,0.0187343902444078
fam_us_critical,L0,L0,target2,sd,VXF,,0.0085566405864854
fam_us_critical,L0,L0,target2,cor,(Intercept),sem_dissim_z,-0.320571154196141
fam_us_critical,L0,L0,target2,cor,(Intercept),vis_dissim_z,0.455250727091888
fam_us_critical,L0,L0,target2,cor,sem_dissim_z,vis_dissim_z,-0.0371279525446369
fam_us_critical,L0,L0,target2,cor,(Intercept),FAM,0.0364268566573265
fam_us_critical,L0,L0,target2,cor,sem_dissim_z,FAM,0.267911661483108
fam_us_critical,L0,L0,target2,cor,vis_dissim_z,FAM,0.419289041732875
fam_us_critical,L0,L0,target2,cor,(Intercept),SXF,-0.432273618648429
fam_us_critical,L0,L0,target2,cor,sem_dissim_z,SXF,0.792328785940481
fam_us_critical,L0,L0,target2,cor,vis_dissim_z,SXF,-0.23207081049807
fam_us_critical,L0,L0,target2,cor,FAM,SXF,0.394539977157592
fam_us_critical,L0,L0,target2,cor,(Intercept),VXF,-0.0893189908843322
fam_us_critical,L0,L0,target2,cor,sem_dissim_z,VXF,-0.207060055310681
fam_us_critical,L0,L0,target2,cor,vis_dissim_z,VXF,0.756676325132052
fam_us_critical,L0,L0,target2,cor,FAM,VXF,0.324384094777965
fam_us_critical,L0,L0,target2,cor,SXF,VXF,-0.36186588612981
fam_us_critical,L0,L0,Residual,sd,(Observation),,1.53475264017617
fam_us_feminine,selected,L0,participant,sd,(Intercept),,0.278589551363517
fam_us_feminine,selected,L0,participant,sd,sem_dissim_z,,0.182642918284053
fam_us_feminine,selected,L0,participant,sd,vis_dissim_z,,0.145085688119474
fam_us_feminine,selected,L0,participant,sd,FAM,,0.0842161078788869
fam_us_feminine,selected,L0,participant,sd,SXF,,0.0532664430411
fam_us_feminine,selected,L0,participant,sd,VXF,,0.0268664093292508
fam_us_feminine,selected,L0,participant,cor,(Intercept),sem_dissim_z,0.661315365425283
fam_us_feminine,selected,L0,participant,cor,(Intercept),vis_dissim_z,0.512995668733506
fam_us_feminine,selected,L0,participant,cor,sem_dissim_z,vis_dissim_z,0.965979816157883
fam_us_feminine,selected,L0,participant,cor,(Intercept),FAM,0.0272384132570052
fam_us_feminine,selected,L0,participant,cor,sem_dissim_z,FAM,-0.0205855281013193
fam_us_feminine,selected,L0,participant,cor,vis_dissim_z,FAM,-0.125583644402938
fam_us_feminine,selected,L0,participant,cor,(Intercept),SXF,0.125918819806626
fam_us_feminine,selected,L0,participant,cor,sem_dissim_z,SXF,0.467923214073453
fam_us_feminine,selected,L0,participant,cor,vis_dissim_z,SXF,0.472041349512973
fam_us_feminine,selected,L0,participant,cor,FAM,SXF,0.274958114813877
fam_us_feminine,selected,L0,participant,cor,(Intercept),VXF,0.123815750771416
fam_us_feminine,selected,L0,participant,cor,sem_dissim_z,VXF,-0.0252443374712092
fam_us_feminine,selected,L0,participant,cor,vis_dissim_z,VXF,-0.144778026847522
fam_us_feminine,selected,L0,participant,cor,FAM,VXF,0.580441748071049
fam_us_feminine,selected,L0,participant,cor,SXF,VXF,0.411503266652024
fam_us_feminine,selected,L0,target1,sd,(Intercept),,1.2308041754927
fam_us_feminine,selected,L0,target1,sd,sem_dissim_z,,0.956162061514762
fam_us_feminine,selected,L0,target1,sd,vis_dissim_z,,0.390837261168293
fam_us_feminine,selected,L0,target1,sd,FAM,,0.172514482846518
fam_us_feminine,selected,L0,target1,sd,SXF,,0.173173808903775
fam_us_feminine,selected,L0,target1,sd,VXF,,0.162467778818696
fam_us_feminine,selected,L0,target1,cor,(Intercept),sem_dissim_z,-0.0692069395252553
fam_us_feminine,selected,L0,target1,cor,(Intercept),vis_dissim_z,-0.0989684189634796
fam_us_feminine,selected,L0,target1,cor,sem_dissim_z,vis_dissim_z,-0.216151639792664
fam_us_feminine,selected,L0,target1,cor,(Intercept),FAM,0.496028359361536
fam_us_feminine,selected,L0,target1,cor,sem_dissim_z,FAM,-0.107980078045427
fam_us_feminine,selected,L0,target1,cor,vis_dissim_z,FAM,-0.0735542995633615
fam_us_feminine,selected,L0,target1,cor,(Intercept),SXF,-0.0327703375760215
fam_us_feminine,selected,L0,target1,cor,sem_dissim_z,SXF,0.0475048582265034
fam_us_feminine,selected,L0,target1,cor,vis_dissim_z,SXF,-0.335644735454164
fam_us_feminine,selected,L0,target1,cor,FAM,SXF,-0.477754039587361
fam_us_feminine,selected,L0,target1,cor,(Intercept),VXF,-0.150092719010047
fam_us_feminine,selected,L0,target1,cor,sem_dissim_z,VXF,0.0656669259572756
fam_us_feminine,selected,L0,target1,cor,vis_dissim_z,VXF,-0.149090679501313
fam_us_feminine,selected,L0,target1,cor,FAM,VXF,0.223726818553639
fam_us_feminine,selected,L0,target1,cor,SXF,VXF,-0.0270833707846425
fam_us_feminine,selected,L0,target2,sd,(Intercept),,0.954671628402923
fam_us_feminine,selected,L0,target2,sd,sem_dissim_z,,0.724679847035802
fam_us_feminine,selected,L0,target2,sd,vis_dissim_z,,0.393276606053818
fam_us_feminine,selected,L0,target2,sd,FAM,,0.153822244902994
fam_us_feminine,selected,L0,target2,sd,SXF,,0.1043590767687
fam_us_feminine,selected,L0,target2,sd,VXF,,0.162987268929054
fam_us_feminine,selected,L0,target2,cor,(Intercept),sem_dissim_z,0.199777460860542
fam_us_feminine,selected,L0,target2,cor,(Intercept),vis_dissim_z,0.220418135650715
fam_us_feminine,selected,L0,target2,cor,sem_dissim_z,vis_dissim_z,-0.174047661775378
fam_us_feminine,selected,L0,target2,cor,(Intercept),FAM,0.372856443806981
fam_us_feminine,selected,L0,target2,cor,sem_dissim_z,FAM,0.318338894486049
fam_us_feminine,selected,L0,target2,cor,vis_dissim_z,FAM,0.0815479015171624
fam_us_feminine,selected,L0,target2,cor,(Intercept),SXF,0.0049377566504455
fam_us_feminine,selected,L0,target2,cor,sem_dissim_z,SXF,-0.0544008661377581
fam_us_feminine,selected,L0,target2,cor,vis_dissim_z,SXF,0.139013725961528
fam_us_feminine,selected,L0,target2,cor,FAM,SXF,-0.007432421855044
fam_us_feminine,selected,L0,target2,cor,(Intercept),VXF,0.315610212970438
fam_us_feminine,selected,L0,target2,cor,sem_dissim_z,VXF,-0.257147592748884
fam_us_feminine,selected,L0,target2,cor,vis_dissim_z,VXF,-0.182246874804436
fam_us_feminine,selected,L0,target2,cor,FAM,VXF,-0.0304309181355281
fam_us_feminine,selected,L0,target2,cor,SXF,VXF,-0.306433141467267
fam_us_feminine,selected,L0,Residual,sd,(Observation),,1.77570374962212
fam_us_feminine,nointer,L0,participant,sd,(Intercept),,0.278578220717158
fam_us_feminine,nointer,L0,participant,sd,sem_dissim_z,,0.182632487804011
fam_us_feminine,nointer,L0,participant,sd,vis_dissim_z,,0.145076961221653
fam_us_feminine,nointer,L0,participant,sd,FAM,,0.0842158484864354
fam_us_feminine,nointer,L0,participant,sd,SXF,,0.0532700623640628
fam_us_feminine,nointer,L0,participant,sd,VXF,,0.0268789845732929
fam_us_feminine,nointer,L0,participant,cor,(Intercept),sem_dissim_z,0.66135981040713
fam_us_feminine,nointer,L0,participant,cor,(Intercept),vis_dissim_z,0.513098569584302
fam_us_feminine,nointer,L0,participant,cor,sem_dissim_z,vis_dissim_z,0.965892903423525
fam_us_feminine,nointer,L0,participant,cor,(Intercept),FAM,0.0272231097390427
fam_us_feminine,nointer,L0,participant,cor,sem_dissim_z,FAM,-0.0205205681456314
fam_us_feminine,nointer,L0,participant,cor,vis_dissim_z,FAM,-0.125583354870896
fam_us_feminine,nointer,L0,participant,cor,(Intercept),SXF,0.125858434769805
fam_us_feminine,nointer,L0,participant,cor,sem_dissim_z,SXF,0.467818600981503
fam_us_feminine,nointer,L0,participant,cor,vis_dissim_z,SXF,0.471800787870312
fam_us_feminine,nointer,L0,participant,cor,FAM,SXF,0.275044800553479
fam_us_feminine,nointer,L0,participant,cor,(Intercept),VXF,0.12374896494992
fam_us_feminine,nointer,L0,participant,cor,sem_dissim_z,VXF,-0.0253781783835925
fam_us_feminine,nointer,L0,participant,cor,vis_dissim_z,VXF,-0.144934091972343
fam_us_feminine,nointer,L0,participant,cor,FAM,VXF,0.580540732238323
fam_us_feminine,nointer,L0,participant,cor,SXF,VXF,0.411488012877415
fam_us_feminine,nointer,L0,target1,sd,(Intercept),,1.23060114372235
fam_us_feminine,nointer,L0,target1,sd,sem_dissim_z,,0.956092120851572
fam_us_feminine,nointer,L0,target1,sd,vis_dissim_z,,0.390733719710668
fam_us_feminine,nointer,L0,target1,sd,FAM,,0.172464987082871
fam_us_feminine,nointer,L0,target1,sd,SXF,,0.174843872418736
fam_us_feminine,nointer,L0,target1,sd,VXF,,0.162900872434304
fam_us_feminine,nointer,L0,target1,cor,(Intercept),sem_dissim_z,-0.0696513384409991
fam_us_feminine,nointer,L0,target1,cor,(Intercept),vis_dissim_z,-0.0973471592971895
fam_us_feminine,nointer,L0,target1,cor,sem_dissim_z,vis_dissim_z,-0.216392667261882
fam_us_feminine,nointer,L0,target1,cor,(Intercept),FAM,0.492878930925121
fam_us_feminine,nointer,L0,target1,cor,sem_dissim_z,FAM,-0.108425034558835
fam_us_feminine,nointer,L0,target1,cor,vis_dissim_z,FAM,-0.0714494648763705
fam_us_feminine,nointer,L0,target1,cor,(Intercept),SXF,-0.0362018229018917
fam_us_feminine,nointer,L0,target1,cor,sem_dissim_z,SXF,0.0425141956123488
fam_us_feminine,nointer,L0,target1,cor,vis_dissim_z,SXF,-0.334760860668628
fam_us_feminine,nointer,L0,target1,cor,FAM,SXF,-0.479118579051528
fam_us_feminine,nointer,L0,target1,cor,(Intercept),VXF,-0.151610778690406
fam_us_feminine,nointer,L0,target1,cor,sem_dissim_z,VXF,0.0642534239041882
fam_us_feminine,nointer,L0,target1,cor,vis_dissim_z,VXF,-0.152093282781812
fam_us_feminine,nointer,L0,target1,cor,FAM,VXF,0.223650553227378
fam_us_feminine,nointer,L0,target1,cor,SXF,VXF,-0.0209970250358344
fam_us_feminine,nointer,L0,target2,sd,(Intercept),,0.9544834721942
fam_us_feminine,nointer,L0,target2,sd,sem_dissim_z,,0.724901611949604
fam_us_feminine,nointer,L0,target2,sd,vis_dissim_z,,0.393059614440947
fam_us_feminine,nointer,L0,target2,sd,FAM,,0.153912923939641
fam_us_feminine,nointer,L0,target2,sd,SXF,,0.104712990631888
fam_us_feminine,nointer,L0,target2,sd,VXF,,0.162827218161432
fam_us_feminine,nointer,L0,target2,cor,(Intercept),sem_dissim_z,0.199624015865805
fam_us_feminine,nointer,L0,target2,cor,(Intercept),vis_dissim_z,0.220464777861312
fam_us_feminine,nointer,L0,target2,cor,sem_dissim_z,vis_dissim_z,-0.174009741412708
fam_us_feminine,nointer,L0,target2,cor,(Intercept),FAM,0.371040887647643
fam_us_feminine,nointer,L0,target2,cor,sem_dissim_z,FAM,0.320020667848924
fam_us_feminine,nointer,L0,target2,cor,vis_dissim_z,FAM,0.080367048085248
fam_us_feminine,nointer,L0,target2,cor,(Intercept),SXF,0.0074513642243646
fam_us_feminine,nointer,L0,target2,cor,sem_dissim_z,SXF,-0.0563973234643998
fam_us_feminine,nointer,L0,target2,cor,vis_dissim_z,SXF,0.141077767512946
fam_us_feminine,nointer,L0,target2,cor,FAM,SXF,-0.0093913447145318
fam_us_feminine,nointer,L0,target2,cor,(Intercept),VXF,0.315411500665968
fam_us_feminine,nointer,L0,target2,cor,sem_dissim_z,VXF,-0.257972682016487
fam_us_feminine,nointer,L0,target2,cor,vis_dissim_z,VXF,-0.179943124115791
fam_us_feminine,nointer,L0,target2,cor,FAM,VXF,-0.0312251501099736
fam_us_feminine,nointer,L0,target2,cor,SXF,VXF,-0.306754669926222
fam_us_feminine,nointer,L0,Residual,sd,(Observation),,1.77569601861665
fam_us_practical,selected,L0,participant,sd,(Intercept),,0.493041854002295
fam_us_practical,selected,L0,participant,sd,sem_dissim_z,,0.087558750768849
fam_us_practical,selected,L0,participant,sd,vis_dissim_z,,0.0582890974640703
fam_us_practical,selected,L0,participant,sd,FAM,,0.130967330932023
fam_us_practical,selected,L0,participant,sd,SXF,,0.0489938341366366
fam_us_practical,selected,L0,participant,sd,VXF,,0.0313507372271191
fam_us_practical,selected,L0,participant,cor,(Intercept),sem_dissim_z,0.131769140515972
fam_us_practical,selected,L0,participant,cor,(Intercept),vis_dissim_z,0.24187118686854
fam_us_practical,selected,L0,participant,cor,sem_dissim_z,vis_dissim_z,0.0154585966768697
fam_us_practical,selected,L0,participant,cor,(Intercept),FAM,-0.0046507854862327
fam_us_practical,selected,L0,participant,cor,sem_dissim_z,FAM,0.0584044715827621
fam_us_practical,selected,L0,participant,cor,vis_dissim_z,FAM,0.0301958508612886
fam_us_practical,selected,L0,participant,cor,(Intercept),SXF,0.0295769606639222
fam_us_practical,selected,L0,participant,cor,sem_dissim_z,SXF,-0.0766583704918174
fam_us_practical,selected,L0,participant,cor,vis_dissim_z,SXF,0.0225962388525044
fam_us_practical,selected,L0,participant,cor,FAM,SXF,0.155287832429037
fam_us_practical,selected,L0,participant,cor,(Intercept),VXF,-0.350572369986781
fam_us_practical,selected,L0,participant,cor,sem_dissim_z,VXF,-0.159463023918899
fam_us_practical,selected,L0,participant,cor,vis_dissim_z,VXF,-0.181930181066436
fam_us_practical,selected,L0,participant,cor,FAM,VXF,-0.148139456841575
fam_us_practical,selected,L0,participant,cor,SXF,VXF,-0.170031336614047
fam_us_practical,selected,L0,target1,sd,(Intercept),,0.087790375676633
fam_us_practical,selected,L0,target1,sd,sem_dissim_z,,0.0455517316464879
fam_us_practical,selected,L0,target1,sd,vis_dissim_z,,0.0256594154667873
fam_us_practical,selected,L0,target1,sd,FAM,,0.0285173985959586
fam_us_practical,selected,L0,target1,sd,SXF,,0.0043129745796769
fam_us_practical,selected,L0,target1,sd,VXF,,0.0078989547062842
fam_us_practical,selected,L0,target1,cor,(Intercept),sem_dissim_z,-0.248388514372407
fam_us_practical,selected,L0,target1,cor,(Intercept),vis_dissim_z,0.287740837601601
fam_us_practical,selected,L0,target1,cor,sem_dissim_z,vis_dissim_z,-0.198860927136103
fam_us_practical,selected,L0,target1,cor,(Intercept),FAM,0.0391429929741485
fam_us_practical,selected,L0,target1,cor,sem_dissim_z,FAM,-0.197007181009335
fam_us_practical,selected,L0,target1,cor,vis_dissim_z,FAM,0.153716680055628
fam_us_practical,selected,L0,target1,cor,(Intercept),SXF,-0.122626148775234
fam_us_practical,selected,L0,target1,cor,sem_dissim_z,SXF,-0.22955522981363
fam_us_practical,selected,L0,target1,cor,vis_dissim_z,SXF,0.0078643820289865
fam_us_practical,selected,L0,target1,cor,FAM,SXF,0.975014537858069
fam_us_practical,selected,L0,target1,cor,(Intercept),VXF,-0.881781868367368
fam_us_practical,selected,L0,target1,cor,sem_dissim_z,VXF,0.467143478875473
fam_us_practical,selected,L0,target1,cor,vis_dissim_z,VXF,0.0745880237122267
fam_us_practical,selected,L0,target1,cor,FAM,VXF,0.0442864900948787
fam_us_practical,selected,L0,target1,cor,SXF,VXF,0.12008178315173
fam_us_practical,selected,L0,target2,sd,(Intercept),,0.0795587349311037
fam_us_practical,selected,L0,target2,sd,sem_dissim_z,,0.048633318633303
fam_us_practical,selected,L0,target2,sd,vis_dissim_z,,0.0342611745429905
fam_us_practical,selected,L0,target2,sd,FAM,,0.0175071989335813
fam_us_practical,selected,L0,target2,sd,SXF,,0.0077834993203893
fam_us_practical,selected,L0,target2,sd,VXF,,0.0076999275395505
fam_us_practical,selected,L0,target2,cor,(Intercept),sem_dissim_z,-0.227861673190382
fam_us_practical,selected,L0,target2,cor,(Intercept),vis_dissim_z,0.344692788922038
fam_us_practical,selected,L0,target2,cor,sem_dissim_z,vis_dissim_z,-0.640947157152179
fam_us_practical,selected,L0,target2,cor,(Intercept),FAM,-0.109629010498138
fam_us_practical,selected,L0,target2,cor,sem_dissim_z,FAM,-0.0495606859702463
fam_us_practical,selected,L0,target2,cor,vis_dissim_z,FAM,0.263571628810534
fam_us_practical,selected,L0,target2,cor,(Intercept),SXF,-0.0013950163108987
fam_us_practical,selected,L0,target2,cor,sem_dissim_z,SXF,0.42330020464124
fam_us_practical,selected,L0,target2,cor,vis_dissim_z,SXF,0.21927380749816
fam_us_practical,selected,L0,target2,cor,FAM,SXF,-0.00777052348266
fam_us_practical,selected,L0,target2,cor,(Intercept),VXF,-0.13959072166407
fam_us_practical,selected,L0,target2,cor,sem_dissim_z,VXF,-0.203078544130202
fam_us_practical,selected,L0,target2,cor,vis_dissim_z,VXF,-0.0374482127961618
fam_us_practical,selected,L0,target2,cor,FAM,VXF,0.328071635803763
fam_us_practical,selected,L0,target2,cor,SXF,VXF,0.222632436478028
fam_us_practical,selected,L0,Residual,sd,(Observation),,1.41138671687334
fam_us_practical,nointer,L0,participant,sd,(Intercept),,0.493149939888886
fam_us_practical,nointer,L0,participant,sd,sem_dissim_z,,0.0875012509548275
fam_us_practical,nointer,L0,participant,sd,vis_dissim_z,,0.0581488338037894
fam_us_practical,nointer,L0,participant,sd,FAM,,0.131002325867582
fam_us_practical,nointer,L0,participant,sd,SXF,,0.0490890372647819
fam_us_practical,nointer,L0,participant,sd,VXF,,0.0317650570649454
fam_us_practical,nointer,L0,participant,cor,(Intercept),sem_dissim_z,0.132495160435905
fam_us_practical,nointer,L0,participant,cor,(Intercept),vis_dissim_z,0.240120613436601
fam_us_practical,nointer,L0,participant,cor,sem_dissim_z,vis_dissim_z,0.0183891018247467
fam_us_practical,nointer,L0,participant,cor,(Intercept),FAM,-0.00441634017998
fam_us_practical,nointer,L0,participant,cor,sem_dissim_z,FAM,0.0580586633563333
fam_us_practical,nointer,L0,participant,cor,vis_dissim_z,FAM,0.0320529195839949
fam_us_practical,nointer,L0,participant,cor,(Intercept),SXF,0.0312802375192473
fam_us_practical,nointer,L0,participant,cor,sem_dissim_z,SXF,-0.0760984908970255
fam_us_practical,nointer,L0,participant,cor,vis_dissim_z,SXF,0.020084837887261
fam_us_practical,nointer,L0,participant,cor,FAM,SXF,0.15478856416828
fam_us_practical,nointer,L0,participant,cor,(Intercept),VXF,-0.352410563471116
fam_us_practical,nointer,L0,participant,cor,sem_dissim_z,VXF,-0.155134484065265
fam_us_practical,nointer,L0,participant,cor,vis_dissim_z,VXF,-0.184536101393812
fam_us_practical,nointer,L0,participant,cor,FAM,VXF,-0.144368069226502
fam_us_practical,nointer,L0,participant,cor,SXF,VXF,-0.17978270436139
fam_us_practical,nointer,L0,target1,sd,(Intercept),,0.0884250646820441
fam_us_practical,nointer,L0,target1,sd,sem_dissim_z,,0.0458603312915157
fam_us_practical,nointer,L0,target1,sd,vis_dissim_z,,0.0256270158701073
fam_us_practical,nointer,L0,target1,sd,FAM,,0.028882611314956
fam_us_practical,nointer,L0,target1,sd,SXF,,0.0052171135269311
fam_us_practical,nointer,L0,target1,sd,VXF,,0.0110662052159348
fam_us_practical,nointer,L0,target1,cor,(Intercept),sem_dissim_z,-0.253325648200492
fam_us_practical,nointer,L0,target1,cor,(Intercept),vis_dissim_z,0.276440298297234
fam_us_practical,nointer,L0,target1,cor,sem_dissim_z,vis_dissim_z,-0.201981562974863
fam_us_practical,nointer,L0,target1,cor,(Intercept),FAM,0.0371589332764699
fam_us_practical,nointer,L0,target1,cor,sem_dissim_z,FAM,-0.182017380224757
fam_us_practical,nointer,L0,target1,cor,vis_dissim_z,FAM,0.139752879761603
fam_us_practical,nointer,L0,target1,cor,(Intercept),SXF,-0.0002330063934736
fam_us_practical,nointer,L0,target1,cor,sem_dissim_z,SXF,-0.232749304710595
fam_us_practical,nointer,L0,target1,cor,vis_dissim_z,SXF,0.008675308170952
fam_us_practical,nointer,L0,target1,cor,FAM,SXF,0.843898231308576
fam_us_practical,nointer,L0,target1,cor,(Intercept),VXF,-0.754699790762071
fam_us_practical,nointer,L0,target1,cor,sem_dissim_z,VXF,0.384972255764506
fam_us_practical,nointer,L0,target1,cor,vis_dissim_z,VXF,0.0477235884105227
fam_us_practical,nointer,L0,target1,cor,FAM,VXF,-0.0013680574943495
fam_us_practical,nointer,L0,target1,cor,SXF,VXF,-0.311787515898635
fam_us_practical,nointer,L0,target2,sd,(Intercept),,0.0794557966333409
fam_us_practical,nointer,L0,target2,sd,sem_dissim_z,,0.0485565694757552
fam_us_practical,nointer,L0,target2,sd,vis_dissim_z,,0.0343375321058404
fam_us_practical,nointer,L0,target2,sd,FAM,,0.0179440025599133
fam_us_practical,nointer,L0,target2,sd,SXF,,0.0082630328246764
fam_us_practical,nointer,L0,target2,sd,VXF,,0.0086785454495994
fam_us_practical,nointer,L0,target2,cor,(Intercept),sem_dissim_z,-0.22424101523867
fam_us_practical,nointer,L0,target2,cor,(Intercept),vis_dissim_z,0.335802779368872
fam_us_practical,nointer,L0,target2,cor,sem_dissim_z,vis_dissim_z,-0.634631928519174
fam_us_practical,nointer,L0,target2,cor,(Intercept),FAM,-0.141010677647302
fam_us_practical,nointer,L0,target2,cor,sem_dissim_z,FAM,-0.0468067340253698
fam_us_practical,nointer,L0,target2,cor,vis_dissim_z,FAM,0.260968282988802
fam_us_practical,nointer,L0,target2,cor,(Intercept),SXF,-0.0593707088731608
fam_us_practical,nointer,L0,target2,cor,sem_dissim_z,SXF,0.524152648733792
fam_us_practical,nointer,L0,target2,cor,vis_dissim_z,SXF,0.14502913986458
fam_us_practical,nointer,L0,target2,cor,FAM,SXF,0.0241820975532576
fam_us_practical,nointer,L0,target2,cor,(Intercept),VXF,-0.0723110255732479
fam_us_practical,nointer,L0,target2,cor,sem_dissim_z,VXF,-0.230111022693088
fam_us_practical,nointer,L0,target2,cor,vis_dissim_z,VXF,-0.000779949437209
fam_us_practical,nointer,L0,target2,cor,FAM,VXF,0.351694829666094
fam_us_practical,nointer,L0,target2,cor,SXF,VXF,0.168549583264759
fam_us_practical,nointer,L0,Residual,sd,(Observation),,1.41137721156648
fam_us_strong,selected,L0,participant,sd,(Intercept),,0.428981982595416
fam_us_strong,selected,L0,participant,sd,sem_dissim_z,,0.11450293879248
fam_us_strong,selected,L0,participant,sd,vis_dissim_z,,0.0869506089560831
fam_us_strong,selected,L0,participant,sd,FAM,,0.164996490689043
fam_us_strong,selected,L0,participant,sd,SXF,,0.0635637593568901
fam_us_strong,selected,L0,participant,sd,VXF,,0.0393705484019306
fam_us_strong,selected,L0,participant,cor,(Intercept),sem_dissim_z,0.208496361277772
fam_us_strong,selected,L0,participant,cor,(Intercept),vis_dissim_z,0.228450132231519
fam_us_strong,selected,L0,participant,cor,sem_dissim_z,vis_dissim_z,0.502988850913257
fam_us_strong,selected,L0,participant,cor,(Intercept),FAM,0.0376493075401195
fam_us_strong,selected,L0,participant,cor,sem_dissim_z,FAM,0.160002230414368
fam_us_strong,selected,L0,participant,cor,vis_dissim_z,FAM,-0.0970358661765092
fam_us_strong,selected,L0,participant,cor,(Intercept),SXF,0.1008363239019
fam_us_strong,selected,L0,participant,cor,sem_dissim_z,SXF,0.206924516008461
fam_us_strong,selected,L0,participant,cor,vis_dissim_z,SXF,0.230904188320578
fam_us_strong,selected,L0,participant,cor,FAM,SXF,0.161871860835814
fam_us_strong,selected,L0,participant,cor,(Intercept),VXF,0.0581525334911735
fam_us_strong,selected,L0,participant,cor,sem_dissim_z,VXF,0.0213157342454659
fam_us_strong,selected,L0,participant,cor,vis_dissim_z,VXF,-0.258132141315414
fam_us_strong,selected,L0,participant,cor,FAM,VXF,0.419116533721333
fam_us_strong,selected,L0,participant,cor,SXF,VXF,0.151134690539714
fam_us_strong,selected,L0,target1,sd,(Intercept),,0.249493555588545
fam_us_strong,selected,L0,target1,sd,sem_dissim_z,,0.156895366073169
fam_us_strong,selected,L0,target1,sd,vis_dissim_z,,0.0886338057724897
fam_us_strong,selected,L0,target1,sd,FAM,,0.0856684836311586
fam_us_strong,selected,L0,target1,sd,SXF,,0.0367783623116082
fam_us_strong,selected,L0,target1,sd,VXF,,0.035214155518304
fam_us_strong,selected,L0,target1,cor,(Intercept),sem_dissim_z,0.144643024176184
fam_us_strong,selected,L0,target1,cor,(Intercept),vis_dissim_z,0.293086283433503
fam_us_strong,selected,L0,target1,cor,sem_dissim_z,vis_dissim_z,0.257594994270364
fam_us_strong,selected,L0,target1,cor,(Intercept),FAM,0.0638294822295238
fam_us_strong,selected,L0,target1,cor,sem_dissim_z,FAM,-0.496801672068485
fam_us_strong,selected,L0,target1,cor,vis_dissim_z,FAM,-0.271049985616245
fam_us_strong,selected,L0,target1,cor,(Intercept),SXF,-0.179091439934382
fam_us_strong,selected,L0,target1,cor,sem_dissim_z,SXF,0.555180292236534
fam_us_strong,selected,L0,target1,cor,vis_dissim_z,SXF,-0.0362390506663575
fam_us_strong,selected,L0,target1,cor,FAM,SXF,-0.173763995299015
fam_us_strong,selected,L0,target1,cor,(Intercept),VXF,-0.122407590060571
fam_us_strong,selected,L0,target1,cor,sem_dissim_z,VXF,-0.17700730357523
fam_us_strong,selected,L0,target1,cor,vis_dissim_z,VXF,0.179881122573412
fam_us_strong,selected,L0,target1,cor,FAM,VXF,0.47532491384508
fam_us_strong,selected,L0,target1,cor,SXF,VXF,0.0400747291185872
fam_us_strong,selected,L0,target2,sd,(Intercept),,0.215471747798584
fam_us_strong,selected,L0,target2,sd,sem_dissim_z,,0.146690675277011
fam_us_strong,selected,L0,target2,sd,vis_dissim_z,,0.110622523254044
fam_us_strong,selected,L0,target2,sd,FAM,,0.0566980324766426
fam_us_strong,selected,L0,target2,sd,SXF,,0.041759327496657
fam_us_strong,selected,L0,target2,sd,VXF,,0.0393770667654505
fam_us_strong,selected,L0,target2,cor,(Intercept),sem_dissim_z,0.210243639666094
fam_us_strong,selected,L0,target2,cor,(Intercept),vis_dissim_z,0.376588563420504
fam_us_strong,selected,L0,target2,cor,sem_dissim_z,vis_dissim_z,-0.249749508740923
fam_us_strong,selected,L0,target2,cor,(Intercept),FAM,0.0566174060432037
fam_us_strong,selected,L0,target2,cor,sem_dissim_z,FAM,0.206385261921785
fam_us_strong,selected,L0,target2,cor,vis_dissim_z,FAM,-0.124443997959074
fam_us_strong,selected,L0,target2,cor,(Intercept),SXF,0.040545144307642
fam_us_strong,selected,L0,target2,cor,sem_dissim_z,SXF,0.807192881512125
fam_us_strong,selected,L0,target2,cor,vis_dissim_z,SXF,-0.294248755706094
fam_us_strong,selected,L0,target2,cor,FAM,SXF,0.111796195431978
fam_us_strong,selected,L0,target2,cor,(Intercept),VXF,-0.0073561948603314
fam_us_strong,selected,L0,target2,cor,sem_dissim_z,VXF,0.0823335496790762
fam_us_strong,selected,L0,target2,cor,vis_dissim_z,VXF,0.0775919571548436
fam_us_strong,selected,L0,target2,cor,FAM,VXF,0.285486808664448
fam_us_strong,selected,L0,target2,cor,SXF,VXF,-0.26508790543461
fam_us_strong,selected,L0,Residual,sd,(Observation),,1.39418045818667
fam_us_strong,nointer,L0,participant,sd,(Intercept),,0.429003373862813
fam_us_strong,nointer,L0,participant,sd,sem_dissim_z,,0.114437959134041
fam_us_strong,nointer,L0,participant,sd,vis_dissim_z,,0.0869416858802951
fam_us_strong,nointer,L0,participant,sd,FAM,,0.164997550502078
fam_us_strong,nointer,L0,participant,sd,SXF,,0.0637995075340868
fam_us_strong,nointer,L0,participant,sd,VXF,,0.0393729928370478
fam_us_strong,nointer,L0,participant,cor,(Intercept),sem_dissim_z,0.208503827709287
fam_us_strong,nointer,L0,participant,cor,(Intercept),vis_dissim_z,0.228493524606045
fam_us_strong,nointer,L0,participant,cor,sem_dissim_z,vis_dissim_z,0.503830154962088
fam_us_strong,nointer,L0,participant,cor,(Intercept),FAM,0.0375405510323256
fam_us_strong,nointer,L0,participant,cor,sem_dissim_z,FAM,0.160064898910467
fam_us_strong,nointer,L0,participant,cor,vis_dissim_z,FAM,-0.0970567322066873
fam_us_strong,nointer,L0,participant,cor,(Intercept),SXF,0.100998555948472
fam_us_strong,nointer,L0,participant,cor,sem_dissim_z,SXF,0.20741399400849
fam_us_strong,nointer,L0,participant,cor,vis_dissim_z,SXF,0.231170130859869
fam_us_strong,nointer,L0,participant,cor,FAM,SXF,0.161768904010685
fam_us_strong,nointer,L0,participant,cor,(Intercept),VXF,0.0582821709591217
fam_us_strong,nointer,L0,participant,cor,sem_dissim_z,VXF,0.0201559388411378
fam_us_strong,nointer,L0,participant,cor,vis_dissim_z,VXF,-0.258201863028604
fam_us_strong,nointer,L0,participant,cor,FAM,VXF,0.41883886568482
fam_us_strong,nointer,L0,participant,cor,SXF,VXF,0.148617541289191
fam_us_strong,nointer,L0,target1,sd,(Intercept),,0.249210383198661
fam_us_strong,nointer,L0,target1,sd,sem_dissim_z,,0.159259923228042
fam_us_strong,nointer,L0,target1,sd,vis_dissim_z,,0.0888599907448608
fam_us_strong,nointer,L0,target1,sd,FAM,,0.0847311200023199
fam_us_strong,nointer,L0,target1,sd,SXF,,0.0409088997833608
fam_us_strong,nointer,L0,target1,sd,VXF,,0.0356283536801534
fam_us_strong,nointer,L0,target1,cor,(Intercept),sem_dissim_z,0.139138532339998
fam_us_strong,nointer,L0,target1,cor,(Intercept),vis_dissim_z,0.296694174113481
fam_us_strong,nointer,L0,target1,cor,sem_dissim_z,vis_dissim_z,0.257213095008006
fam_us_strong,nointer,L0,target1,cor,(Intercept),FAM,0.0459146354551626
fam_us_strong,nointer,L0,target1,cor,sem_dissim_z,FAM,-0.504656892518542
fam_us_strong,nointer,L0,target1,cor,vis_dissim_z,FAM,-0.276810563957659
fam_us_strong,nointer,L0,target1,cor,(Intercept),SXF,-0.164846151912359
fam_us_strong,nointer,L0,target1,cor,sem_dissim_z,SXF,0.544541731151196
fam_us_strong,nointer,L0,target1,cor,vis_dissim_z,SXF,-0.0338626605079405
fam_us_strong,nointer,L0,target1,cor,FAM,SXF,-0.192750975609154
fam_us_strong,nointer,L0,target1,cor,(Intercept),VXF,-0.130292711429639
fam_us_strong,nointer,L0,target1,cor,sem_dissim_z,VXF,-0.183782707710309
fam_us_strong,nointer,L0,target1,cor,vis_dissim_z,VXF,0.176551243799676
fam_us_strong,nointer,L0,target1,cor,FAM,VXF,0.478076587912936
fam_us_strong,nointer,L0,target1,cor,SXF,VXF,0.0019047862986162
fam_us_strong,nointer,L0,target2,sd,(Intercept),,0.21545932536875
fam_us_strong,nointer,L0,target2,sd,sem_dissim_z,,0.149579018782815
fam_us_strong,nointer,L0,target2,sd,vis_dissim_z,,0.111143148158895
fam_us_strong,nointer,L0,target2,sd,FAM,,0.0563084442114749
fam_us_strong,nointer,L0,target2,sd,SXF,,0.0438226759493575
fam_us_strong,nointer,L0,target2,sd,VXF,,0.0405143781632125
fam_us_strong,nointer,L0,target2,cor,(Intercept),sem_dissim_z,0.207450027972285
fam_us_strong,nointer,L0,target2,cor,(Intercept),vis_dissim_z,0.376338006793204
fam_us_strong,nointer,L0,target2,cor,sem_dissim_z,vis_dissim_z,-0.263620030990146
fam_us_strong,nointer,L0,target2,cor,(Intercept),FAM,0.0380816093605947
fam_us_strong,nointer,L0,target2,cor,sem_dissim_z,FAM,0.211977232743356
fam_us_strong,nointer,L0,target2,cor,vis_dissim_z,FAM,-0.140282691665086
fam_us_strong,nointer,L0,target2,cor,(Intercept),SXF,0.0504909158050821
fam_us_strong,nointer,L0,target2,cor,sem_dissim_z,SXF,0.801972866585767
fam_us_strong,nointer,L0,target2,cor,vis_dissim_z,SXF,-0.303490853523333
fam_us_strong,nointer,L0,target2,cor,FAM,SXF,0.116018653146965
fam_us_strong,nointer,L0,target2,cor,(Intercept),VXF,-0.0041438850356126
fam_us_strong,nointer,L0,target2,cor,sem_dissim_z,VXF,0.0598442898823719
fam_us_strong,nointer,L0,target2,cor,vis_dissim_z,VXF,0.0839993087168293
fam_us_strong,nointer,L0,target2,cor,FAM,VXF,0.282907863393295
fam_us_strong,nointer,L0,target2,cor,SXF,VXF,-0.297422991713319
fam_us_strong,nointer,L0,Residual,sd,(Observation),,1.39417113240959
fam_us_traitspace,selected,L0,participant,sd,(Intercept),,1.05817957315574
fam_us_traitspace,selected,L0,participant,sd,sem_dissim_z,,0.168718904564559
fam_us_traitspace,selected,L0,participant,sd,vis_dissim_z,,0.119827448679226
fam_us_traitspace,selected,L0,participant,sd,FAM,,0.200948525985064
fam_us_traitspace,selected,L0,participant,sd,SXF,,0.0740312241062221
fam_us_traitspace,selected,L0,participant,sd,VXF,,0.0436884498880098
fam_us_traitspace,selected,L0,participant,cor,(Intercept),sem_dissim_z,0.115884928719437
fam_us_traitspace,selected,L0,participant,cor,(Intercept),vis_dissim_z,0.0043704024457566
fam_us_traitspace,selected,L0,participant,cor,sem_dissim_z,vis_dissim_z,0.678399428755222
fam_us_traitspace,selected,L0,participant,cor,(Intercept),FAM,0.0429333958223484
fam_us_traitspace,selected,L0,participant,cor,sem_dissim_z,FAM,-0.0311196277241575
fam_us_traitspace,selected,L0,participant,cor,vis_dissim_z,FAM,-0.032217127373621
fam_us_traitspace,selected,L0,participant,cor,(Intercept),SXF,-0.0601828875294716
fam_us_traitspace,selected,L0,participant,cor,sem_dissim_z,SXF,0.0822619486369331
fam_us_traitspace,selected,L0,participant,cor,vis_dissim_z,SXF,0.169508202040063
fam_us_traitspace,selected,L0,participant,cor,FAM,SXF,0.0982756726592491
fam_us_traitspace,selected,L0,participant,cor,(Intercept),VXF,-0.0086025532059645
fam_us_traitspace,selected,L0,participant,cor,sem_dissim_z,VXF,-0.103862339894015
fam_us_traitspace,selected,L0,participant,cor,vis_dissim_z,VXF,-0.238467544214088
fam_us_traitspace,selected,L0,participant,cor,FAM,VXF,-0.130195296179535
fam_us_traitspace,selected,L0,participant,cor,SXF,VXF,-0.0500538286482293
fam_us_traitspace,selected,L0,target1,sd,(Intercept),,0.642845478763608
fam_us_traitspace,selected,L0,target1,sd,sem_dissim_z,,0.520248140384912
fam_us_traitspace,selected,L0,target1,sd,vis_dissim_z,,0.332846786510391
fam_us_traitspace,selected,L0,target1,sd,FAM,,0.108257898773306
fam_us_traitspace,selected,L0,target1,sd,SXF,,0.0986548490136842
fam_us_traitspace,selected,L0,target1,sd,VXF,,0.0856060578056542
fam_us_traitspace,selected,L0,target1,cor,(Intercept),sem_dissim_z,-0.254597737815343
fam_us_traitspace,selected,L0,target1,cor,(Intercept),vis_dissim_z,0.0548489046008346
fam_us_traitspace,selected,L0,target1,cor,sem_dissim_z,vis_dissim_z,0.0026898817043955
fam_us_traitspace,selected,L0,target1,cor,(Intercept),FAM,0.279637374927405
fam_us_traitspace,selected,L0,target1,cor,sem_dissim_z,FAM,-0.0122062993333204
fam_us_traitspace,selected,L0,target1,cor,vis_dissim_z,FAM,-0.100882652431231
fam_us_traitspace,selected,L0,target1,cor,(Intercept),SXF,-0.0418153790873088
fam_us_traitspace,selected,L0,target1,cor,sem_dissim_z,SXF,-0.0187255502842373
fam_us_traitspace,selected,L0,target1,cor,vis_dissim_z,SXF,-0.0125968083021788
fam_us_traitspace,selected,L0,target1,cor,FAM,SXF,-0.630633797564061
fam_us_traitspace,selected,L0,target1,cor,(Intercept),VXF,0.0078638799007496
fam_us_traitspace,selected,L0,target1,cor,sem_dissim_z,VXF,0.235618595539938
fam_us_traitspace,selected,L0,target1,cor,vis_dissim_z,VXF,-0.0907321909866586
fam_us_traitspace,selected,L0,target1,cor,FAM,VXF,0.525557894651012
fam_us_traitspace,selected,L0,target1,cor,SXF,VXF,-0.428327938436246
fam_us_traitspace,selected,L0,target2,sd,(Intercept),,0.541472028276518
fam_us_traitspace,selected,L0,target2,sd,sem_dissim_z,,0.392759357853046
fam_us_traitspace,selected,L0,target2,sd,vis_dissim_z,,0.241540317458684
fam_us_traitspace,selected,L0,target2,sd,FAM,,0.0838882858938055
fam_us_traitspace,selected,L0,target2,sd,SXF,,0.0518719663689546
fam_us_traitspace,selected,L0,target2,sd,VXF,,0.0653132330269318
fam_us_traitspace,selected,L0,target2,cor,(Intercept),sem_dissim_z,-0.151230186776823
fam_us_traitspace,selected,L0,target2,cor,(Intercept),vis_dissim_z,0.313143092800756
fam_us_traitspace,selected,L0,target2,cor,sem_dissim_z,vis_dissim_z,-0.372955131015088
fam_us_traitspace,selected,L0,target2,cor,(Intercept),FAM,0.363206502749767
fam_us_traitspace,selected,L0,target2,cor,sem_dissim_z,FAM,-0.110252318232538
fam_us_traitspace,selected,L0,target2,cor,vis_dissim_z,FAM,0.0771432027666938
fam_us_traitspace,selected,L0,target2,cor,(Intercept),SXF,0.162589372089398
fam_us_traitspace,selected,L0,target2,cor,sem_dissim_z,SXF,0.359450836002188
fam_us_traitspace,selected,L0,target2,cor,vis_dissim_z,SXF,-0.0479196051145951
fam_us_traitspace,selected,L0,target2,cor,FAM,SXF,-0.165556665296271
fam_us_traitspace,selected,L0,target2,cor,(Intercept),VXF,0.341624150841774
fam_us_traitspace,selected,L0,target2,cor,sem_dissim_z,VXF,-0.0983869609484126
fam_us_traitspace,selected,L0,target2,cor,vis_dissim_z,VXF,0.0638755201564783
fam_us_traitspace,selected,L0,target2,cor,FAM,VXF,0.337513150221474
fam_us_traitspace,selected,L0,target2,cor,SXF,VXF,-0.0278115667297659
fam_us_traitspace,selected,L0,Residual,sd,(Observation),,1.82355083627568
fam_us_traitspace,nointer,L0,participant,sd,(Intercept),,1.05816751620388
fam_us_traitspace,nointer,L0,participant,sd,sem_dissim_z,,0.168689135937924
fam_us_traitspace,nointer,L0,participant,sd,vis_dissim_z,,0.119827378071799
fam_us_traitspace,nointer,L0,participant,sd,FAM,,0.200949705952018
fam_us_traitspace,nointer,L0,participant,sd,SXF,,0.0740454572149039
fam_us_traitspace,nointer,L0,participant,sd,VXF,,0.0436952417877898
fam_us_traitspace,nointer,L0,participant,cor,(Intercept),sem_dissim_z,0.115862184207251
fam_us_traitspace,nointer,L0,participant,cor,(Intercept),vis_dissim_z,0.004382675054076
fam_us_traitspace,nointer,L0,participant,cor,sem_dissim_z,vis_dissim_z,0.678431505797292
fam_us_traitspace,nointer,L0,participant,cor,(Intercept),FAM,0.0428906968260892
fam_us_traitspace,nointer,L0,participant,cor,sem_dissim_z,FAM,-0.0310764162002064
fam_us_traitspace,nointer,L0,participant,cor,vis_dissim_z,FAM,-0.0321888102637828
fam_us_traitspace,nointer,L0,participant,cor,(Intercept),SXF,-0.0601162758304389
fam_us_traitspace,nointer,L0,participant,cor,sem_dissim_z,SXF,0.0821860775211446
fam_us_traitspace,nointer,L0,participant,cor,vis_dissim_z,SXF,0.169467233378606
fam_us_traitspace,nointer,L0,participant,cor,FAM,SXF,0.0984232067339269
fam_us_traitspace,nointer,L0,participant,cor,(Intercept),VXF,-0.0085591286793849
fam_us_traitspace,nointer,L0,participant,cor,sem_dissim_z,VXF,-0.103780064460187
fam_us_traitspace,nointer,L0,participant,cor,vis_dissim_z,VXF,-0.238602217461461
fam_us_traitspace,nointer,L0,participant,cor,FAM,VXF,-0.130183754526766
fam_us_traitspace,nointer,L0,participant,cor,SXF,VXF,-0.0499671274302609
fam_us_traitspace,nointer,L0,target1,sd,(Intercept),,0.642837342320615
fam_us_traitspace,nointer,L0,target1,sd,sem_dissim_z,,0.520071816435153
fam_us_traitspace,nointer,L0,target1,sd,vis_dissim_z,,0.332737841946208
fam_us_traitspace,nointer,L0,target1,sd,FAM,,0.108264420297855
fam_us_traitspace,nointer,L0,target1,sd,SXF,,0.0994243983013569
fam_us_traitspace,nointer,L0,target1,sd,VXF,,0.0857606300731153
fam_us_traitspace,nointer,L0,target1,cor,(Intercept),sem_dissim_z,-0.25448099291517
fam_us_traitspace,nointer,L0,target1,cor,(Intercept),vis_dissim_z,0.0555299817280702
fam_us_traitspace,nointer,L0,target1,cor,sem_dissim_z,vis_dissim_z,0.0025789654897129
fam_us_traitspace,nointer,L0,target1,cor,(Intercept),FAM,0.274716569496506
fam_us_traitspace,nointer,L0,target1,cor,sem_dissim_z,FAM,-0.0119193126580905
fam_us_traitspace,nointer,L0,target1,cor,vis_dissim_z,FAM,-0.101325512590459
fam_us_traitspace,nointer,L0,target1,cor,(Intercept),SXF,-0.0429254428779638
fam_us_traitspace,nointer,L0,target1,cor,sem_dissim_z,SXF,-0.0246428708161813
fam_us_traitspace,nointer,L0,target1,cor,vis_dissim_z,SXF,-0.0111401858741877
fam_us_traitspace,nointer,L0,target1,cor,FAM,SXF,-0.631798362158829
fam_us_traitspace,nointer,L0,target1,cor,(Intercept),VXF,0.0092081351893781
fam_us_traitspace,nointer,L0,target1,cor,sem_dissim_z,VXF,0.235990989147398
fam_us_traitspace,nointer,L0,target1,cor,vis_dissim_z,VXF,-0.0931517324057986
fam_us_traitspace,nointer,L0,target1,cor,FAM,VXF,0.526887425632881
fam_us_traitspace,nointer,L0,target1,cor,SXF,VXF,-0.428210795853247
fam_us_traitspace,nointer,L0,target2,sd,(Intercept),,0.541283436135716
fam_us_traitspace,nointer,L0,target2,sd,sem_dissim_z,,0.39262658210549
fam_us_traitspace,nointer,L0,target2,sd,vis_dissim_z,,0.241517502273858
fam_us_traitspace,nointer,L0,target2,sd,FAM,,0.0837733289265742
fam_us_traitspace,nointer,L0,target2,sd,SXF,,0.0520261066748111
fam_us_traitspace,nointer,L0,target2,sd,VXF,,0.0654160931734197
fam_us_traitspace,nointer,L0,target2,cor,(Intercept),sem_dissim_z,-0.150565529121225
fam_us_traitspace,nointer,L0,target2,cor,(Intercept),vis_dissim_z,0.313033904363365
fam_us_traitspace,nointer,L0,target2,cor,sem_dissim_z,vis_dissim_z,-0.372870849644471
fam_us_traitspace,nointer,L0,target2,cor,(Intercept),FAM,0.359158573727022
fam_us_traitspace,nointer,L0,target2,cor,sem_dissim_z,FAM,-0.107833447139826
fam_us_traitspace,nointer,L0,target2,cor,vis_dissim_z,FAM,0.075061298185986
fam_us_traitspace,nointer,L0,target2,cor,(Intercept),SXF,0.168463536668352
fam_us_traitspace,nointer,L0,target2,cor,sem_dissim_z,SXF,0.356698304858617
fam_us_traitspace,nointer,L0,target2,cor,vis_dissim_z,SXF,-0.0453966809342306
fam_us_traitspace,nointer,L0,target2,cor,FAM,SXF,-0.166571988122394
fam_us_traitspace,nointer,L0,target2,cor,(Intercept),VXF,0.339911831196261
fam_us_traitspace,nointer,L0,target2,cor,sem_dissim_z,VXF,-0.0982119693116552
fam_us_traitspace,nointer,L0,target2,cor,vis_dissim_z,VXF,0.0623936316725745
fam_us_traitspace,nointer,L0,target2,cor,FAM,VXF,0.337894189473294
fam_us_traitspace,nointer,L0,target2,cor,SXF,VXF,-0.0323599286731219
fam_us_traitspace,nointer,L0,Residual,sd,(Observation),,1.82355367454035
fam_us_warm,selected,L0,participant,sd,(Intercept),,0.450061935890711
fam_us_warm,selected,L0,participant,sd,sem_dissim_z,,0.0966523740256324
fam_us_warm,selected,L0,participant,sd,vis_dissim_z,,0.061063842145417
fam_us_warm,selected,L0,participant,sd,FAM,,0.158399610962683
fam_us_warm,selected,L0,participant,sd,SXF,,0.0657883691570639
fam_us_warm,selected,L0,participant,sd,VXF,,0.0303391475301777
fam_us_warm,selected,L0,participant,cor,(Intercept),sem_dissim_z,0.183918278332957
fam_us_warm,selected,L0,participant,cor,(Intercept),vis_dissim_z,0.159851662302943
fam_us_warm,selected,L0,participant,cor,sem_dissim_z,vis_dissim_z,0.438217652758364
fam_us_warm,selected,L0,participant,cor,(Intercept),FAM,0.034689537975701
fam_us_warm,selected,L0,participant,cor,sem_dissim_z,FAM,0.0243980822889419
fam_us_warm,selected,L0,participant,cor,vis_dissim_z,FAM,-0.0354317940147424
fam_us_warm,selected,L0,participant,cor,(Intercept),SXF,0.0350066693991533
fam_us_warm,selected,L0,participant,cor,sem_dissim_z,SXF,0.101854777341084
fam_us_warm,selected,L0,participant,cor,vis_dissim_z,SXF,0.077232006450421
fam_us_warm,selected,L0,participant,cor,FAM,SXF,0.276365796664381
fam_us_warm,selected,L0,participant,cor,(Intercept),VXF,-0.0550833032390822
fam_us_warm,selected,L0,participant,cor,sem_dissim_z,VXF,-0.146231696699225
fam_us_warm,selected,L0,participant,cor,vis_dissim_z,VXF,-0.28711029406159
fam_us_warm,selected,L0,participant,cor,FAM,VXF,0.161995603732793
fam_us_warm,selected,L0,participant,cor,SXF,VXF,0.0730753538619155
fam_us_warm,selected,L0,target1,sd,(Intercept),,0.155744270509902
fam_us_warm,selected,L0,target1,sd,sem_dissim_z,,0.125100222439681
fam_us_warm,selected,L0,target1,sd,vis_dissim_z,,0.0771805578614096
fam_us_warm,selected,L0,target1,sd,FAM,,0.0480811879542044
fam_us_warm,selected,L0,target1,sd,SXF,,0.0254210368947368
fam_us_warm,selected,L0,target1,sd,VXF,,0.0211685281839814
fam_us_warm,selected,L0,target1,cor,(Intercept),sem_dissim_z,-0.0490088264910594
fam_us_warm,selected,L0,target1,cor,(Intercept),vis_dissim_z,0.111804390931737
fam_us_warm,selected,L0,target1,cor,sem_dissim_z,vis_dissim_z,0.0863651662780251
fam_us_warm,selected,L0,target1,cor,(Intercept),FAM,0.332487876382425
fam_us_warm,selected,L0,target1,cor,sem_dissim_z,FAM,-0.114184042958827
fam_us_warm,selected,L0,target1,cor,vis_dissim_z,FAM,-0.128812816080669
fam_us_warm,selected,L0,target1,cor,(Intercept),SXF,-0.0164479982354691
fam_us_warm,selected,L0,target1,cor,sem_dissim_z,SXF,-0.33082576751912
fam_us_warm,selected,L0,target1,cor,vis_dissim_z,SXF,-0.192488574246209
fam_us_warm,selected,L0,target1,cor,FAM,SXF,-0.370368987585628
fam_us_warm,selected,L0,target1,cor,(Intercept),VXF,0.240833858600291
fam_us_warm,selected,L0,target1,cor,sem_dissim_z,VXF,-0.266694885112145
fam_us_warm,selected,L0,target1,cor,vis_dissim_z,VXF,-0.0528896177122862
fam_us_warm,selected,L0,target1,cor,FAM,VXF,0.622963836554777
fam_us_warm,selected,L0,target1,cor,SXF,VXF,-0.0628174587403888
fam_us_warm,selected,L0,target2,sd,(Intercept),,0.120477421907239
fam_us_warm,selected,L0,target2,sd,sem_dissim_z,,0.102225965633113
fam_us_warm,selected,L0,target2,sd,vis_dissim_z,,0.0630680126039304
fam_us_warm,selected,L0,target2,sd,FAM,,0.0582161351134562
fam_us_warm,selected,L0,target2,sd,SXF,,0.0339327381274435
fam_us_warm,selected,L0,target2,sd,VXF,,0.0157098881651079
fam_us_warm,selected,L0,target2,cor,(Intercept),sem_dissim_z,-0.250421173200626
fam_us_warm,selected,L0,target2,cor,(Intercept),vis_dissim_z,0.151882721488051
fam_us_warm,selected,L0,target2,cor,sem_dissim_z,vis_dissim_z,-0.424760327458637
fam_us_warm,selected,L0,target2,cor,(Intercept),FAM,0.609277462471752
fam_us_warm,selected,L0,target2,cor,sem_dissim_z,FAM,-0.325512386108854
fam_us_warm,selected,L0,target2,cor,vis_dissim_z,FAM,0.195461294014444
fam_us_warm,selected,L0,target2,cor,(Intercept),SXF,0.131291287418792
fam_us_warm,selected,L0,target2,cor,sem_dissim_z,SXF,0.783352525689834
fam_us_warm,selected,L0,target2,cor,vis_dissim_z,SXF,-0.5763745550066
fam_us_warm,selected,L0,target2,cor,FAM,SXF,0.119213708480566
fam_us_warm,selected,L0,target2,cor,(Intercept),VXF,0.323783267045756
fam_us_warm,selected,L0,target2,cor,sem_dissim_z,VXF,-0.403406258766463
fam_us_warm,selected,L0,target2,cor,vis_dissim_z,VXF,0.514659728149825
fam_us_warm,selected,L0,target2,cor,FAM,VXF,0.0528292602677635
fam_us_warm,selected,L0,target2,cor,SXF,VXF,-0.349415295722799
fam_us_warm,selected,L0,Residual,sd,(Observation),,1.40189098301785
fam_us_warm,nointer,L0,participant,sd,(Intercept),,0.45005993209147
fam_us_warm,nointer,L0,participant,sd,sem_dissim_z,,0.0966567055635746
fam_us_warm,nointer,L0,participant,sd,vis_dissim_z,,0.060959825919441
fam_us_warm,nointer,L0,participant,sd,FAM,,0.158410791472291
fam_us_warm,nointer,L0,participant,sd,SXF,,0.0658028421926902
fam_us_warm,nointer,L0,participant,sd,VXF,,0.0303676948973212
fam_us_warm,nointer,L0,participant,cor,(Intercept),sem_dissim_z,0.183969917811587
fam_us_warm,nointer,L0,participant,cor,(Intercept),vis_dissim_z,0.159753307499177
fam_us_warm,nointer,L0,participant,cor,sem_dissim_z,vis_dissim_z,0.439125881092889
fam_us_warm,nointer,L0,participant,cor,(Intercept),FAM,0.0347287961210012
fam_us_warm,nointer,L0,participant,cor,sem_dissim_z,FAM,0.0245252336454397
fam_us_warm,nointer,L0,participant,cor,vis_dissim_z,FAM,-0.0348328789664118
fam_us_warm,nointer,L0,participant,cor,(Intercept),SXF,0.0350569514971538
fam_us_warm,nointer,L0,participant,cor,sem_dissim_z,SXF,0.101647820508858
fam_us_warm,nointer,L0,participant,cor,vis_dissim_z,SXF,0.0762358780758407
fam_us_warm,nointer,L0,participant,cor,FAM,SXF,0.276529459138105
fam_us_warm,nointer,L0,participant,cor,(Intercept),VXF,-0.0563583507895235
fam_us_warm,nointer,L0,participant,cor,sem_dissim_z,VXF,-0.146690503466841
fam_us_warm,nointer,L0,participant,cor,vis_dissim_z,VXF,-0.291543133379891
fam_us_warm,nointer,L0,participant,cor,FAM,VXF,0.162684735527429
fam_us_warm,nointer,L0,participant,cor,SXF,VXF,0.0730523147343434
fam_us_warm,nointer,L0,target1,sd,(Intercept),,0.155891322842992
fam_us_warm,nointer,L0,target1,sd,sem_dissim_z,,0.12525917094841
fam_us_warm,nointer,L0,target1,sd,vis_dissim_z,,0.0774093611937791
fam_us_warm,nointer,L0,target1,sd,FAM,,0.0480573628358081
fam_us_warm,nointer,L0,target1,sd,SXF,,0.0253293227723287
fam_us_warm,nointer,L0,target1,sd,VXF,,0.0212447617309346
fam_us_warm,nointer,L0,target1,cor,(Intercept),sem_dissim_z,-0.0522650224886826
fam_us_warm,nointer,L0,target1,cor,(Intercept),vis_dissim_z,0.109204548639885
fam_us_warm,nointer,L0,target1,cor,sem_dissim_z,vis_dissim_z,0.0868325373568843
fam_us_warm,nointer,L0,target1,cor,(Intercept),FAM,0.340879292347687
fam_us_warm,nointer,L0,target1,cor,sem_dissim_z,FAM,-0.121364993319152
fam_us_warm,nointer,L0,target1,cor,vis_dissim_z,FAM,-0.132482255278452
fam_us_warm,nointer,L0,target1,cor,(Intercept),SXF,-0.0151427676397098
fam_us_warm,nointer,L0,target1,cor,sem_dissim_z,SXF,-0.326627598172923
fam_us_warm,nointer,L0,target1,cor,vis_dissim_z,SXF,-0.186171965150348
fam_us_warm,nointer,L0,target1,cor,FAM,SXF,-0.369481329030657
fam_us_warm,nointer,L0,target1,cor,(Intercept),VXF,0.252553442433506
fam_us_warm,nointer,L0,target1,cor,sem_dissim_z,VXF,-0.25382527114982
fam_us_warm,nointer,L0,target1,cor,vis_dissim_z,VXF,-0.0254661222005637
fam_us_warm,nointer,L0,target1,cor,FAM,VXF,0.602184838213043
fam_us_warm,nointer,L0,target1,cor,SXF,VXF,-0.0574585201402852
fam_us_warm,nointer,L0,target2,sd,(Intercept),,0.120445361315989
fam_us_warm,nointer,L0,target2,sd,sem_dissim_z,,0.102145607848841
fam_us_warm,nointer,L0,target2,sd,vis_dissim_z,,0.0631252757382307
fam_us_warm,nointer,L0,target2,sd,FAM,,0.058297992715727
fam_us_warm,nointer,L0,target2,sd,SXF,,0.0340671320727891
fam_us_warm,nointer,L0,target2,sd,VXF,,0.016302916732223
fam_us_warm,nointer,L0,target2,cor,(Intercept),sem_dissim_z,-0.249792928535974
fam_us_warm,nointer,L0,target2,cor,(Intercept),vis_dissim_z,0.148326123547055
fam_us_warm,nointer,L0,target2,cor,sem_dissim_z,vis_dissim_z,-0.423750187354374
fam_us_warm,nointer,L0,target2,cor,(Intercept),FAM,0.604893169470285
fam_us_warm,nointer,L0,target2,cor,sem_dissim_z,FAM,-0.32707126915526
fam_us_warm,nointer,L0,target2,cor,vis_dissim_z,FAM,0.192007401875986
fam_us_warm,nointer,L0,target2,cor,(Intercept),SXF,0.13504876838453
fam_us_warm,nointer,L0,target2,cor,sem_dissim_z,SXF,0.78467793095628
fam_us_warm,nointer,L0,target2,cor,vis_dissim_z,SXF,-0.582663998790991
fam_us_warm,nointer,L0,target2,cor,FAM,SXF,0.120877577030551
fam_us_warm,nointer,L0,target2,cor,(Intercept),VXF,0.324595367959209
fam_us_warm,nointer,L0,target2,cor,sem_dissim_z,VXF,-0.379154123898229
fam_us_warm,nointer,L0,target2,cor,vis_dissim_z,VXF,0.468677786322427
fam_us_warm,nointer,L0,target2,cor,FAM,VXF,0.066537700055982
fam_us_warm,nointer,L0,target2,cor,SXF,VXF,-0.319285938216095
fam_us_warm,nointer,L0,Residual,sd,(Observation),,1.40189223622444
fam_us_youthful,selected,L0,participant,sd,(Intercept),,0.337019502704851
fam_us_youthful,selected,L0,participant,sd,sem_dissim_z,,0.0786551194137563
fam_us_youthful,selected,L0,participant,sd,vis_dissim_z,,0.0682546517402548
fam_us_youthful,selected,L0,participant,sd,FAM,,0.122215140138477
fam_us_youthful,selected,L0,participant,sd,SXF,,0.043055165341337
fam_us_youthful,selected,L0,participant,sd,VXF,,0.0197430325382862
fam_us_youthful,selected,L0,participant,cor,(Intercept),sem_dissim_z,0.124076844842
fam_us_youthful,selected,L0,participant,cor,(Intercept),vis_dissim_z,0.335716186187382
fam_us_youthful,selected,L0,participant,cor,sem_dissim_z,vis_dissim_z,0.0164770776830543
fam_us_youthful,selected,L0,participant,cor,(Intercept),FAM,0.172645221768988
fam_us_youthful,selected,L0,participant,cor,sem_dissim_z,FAM,0.166133979680094
fam_us_youthful,selected,L0,participant,cor,vis_dissim_z,FAM,0.037382612342127
fam_us_youthful,selected,L0,participant,cor,(Intercept),SXF,-0.0927681852057015
fam_us_youthful,selected,L0,participant,cor,sem_dissim_z,SXF,-0.184786317105913
fam_us_youthful,selected,L0,participant,cor,vis_dissim_z,SXF,0.0702254063901782
fam_us_youthful,selected,L0,participant,cor,FAM,SXF,0.202745758309809
fam_us_youthful,selected,L0,participant,cor,(Intercept),VXF,0.328022219480553
fam_us_youthful,selected,L0,participant,cor,sem_dissim_z,VXF,-0.220763413161736
fam_us_youthful,selected,L0,participant,cor,vis_dissim_z,VXF,-0.337770927730807
fam_us_youthful,selected,L0,participant,cor,FAM,VXF,0.642630744127132
fam_us_youthful,selected,L0,participant,cor,SXF,VXF,0.212142771157623
fam_us_youthful,selected,L0,target1,sd,(Intercept),,0.352758139866473
fam_us_youthful,selected,L0,target1,sd,sem_dissim_z,,0.2234366733231
fam_us_youthful,selected,L0,target1,sd,vis_dissim_z,,0.376128161026875
fam_us_youthful,selected,L0,target1,sd,FAM,,0.0492191095792651
fam_us_youthful,selected,L0,target1,sd,SXF,,0.0671640940828083
fam_us_youthful,selected,L0,target1,sd,VXF,,0.0459991108892765
fam_us_youthful,selected,L0,target1,cor,(Intercept),sem_dissim_z,-0.0116082991712187
fam_us_youthful,selected,L0,target1,cor,(Intercept),vis_dissim_z,0.416932389867733
fam_us_youthful,selected,L0,target1,cor,sem_dissim_z,vis_dissim_z,0.349697097947102
fam_us_youthful,selected,L0,target1,cor,(Intercept),FAM,-0.143663282080404
fam_us_youthful,selected,L0,target1,cor,sem_dissim_z,FAM,0.349888091861738
fam_us_youthful,selected,L0,target1,cor,vis_dissim_z,FAM,0.401297051955488
fam_us_youthful,selected,L0,target1,cor,(Intercept),SXF,-0.17405051392306
fam_us_youthful,selected,L0,target1,cor,sem_dissim_z,SXF,-0.420009929931788
fam_us_youthful,selected,L0,target1,cor,vis_dissim_z,SXF,0.0682026776493649
fam_us_youthful,selected,L0,target1,cor,FAM,SXF,0.0466618359649076
fam_us_youthful,selected,L0,target1,cor,(Intercept),VXF,-0.0528331261530124
fam_us_youthful,selected,L0,target1,cor,sem_dissim_z,VXF,0.108285161530734
fam_us_youthful,selected,L0,target1,cor,vis_dissim_z,VXF,0.281643243297694
fam_us_youthful,selected,L0,target1,cor,FAM,VXF,0.468377025665949
fam_us_youthful,selected,L0,target1,cor,SXF,VXF,-0.225526529397036
fam_us_youthful,selected,L0,target2,sd,(Intercept),,0.369076449514721
fam_us_youthful,selected,L0,target2,sd,sem_dissim_z,,0.235842203653438
fam_us_youthful,selected,L0,target2,sd,vis_dissim_z,,0.280886183803611
fam_us_youthful,selected,L0,target2,sd,FAM,,0.0518552279278356
fam_us_youthful,selected,L0,target2,sd,SXF,,0.0486866706265093
fam_us_youthful,selected,L0,target2,sd,VXF,,0.0416182715940179
fam_us_youthful,selected,L0,target2,cor,(Intercept),sem_dissim_z,0.271523368046949
fam_us_youthful,selected,L0,target2,cor,(Intercept),vis_dissim_z,0.447537723841684
fam_us_youthful,selected,L0,target2,cor,sem_dissim_z,vis_dissim_z,0.205514326920637
fam_us_youthful,selected,L0,target2,cor,(Intercept),FAM,-0.0059112214898839
fam_us_youthful,selected,L0,target2,cor,sem_dissim_z,FAM,0.264151864325936
fam_us_youthful,selected,L0,target2,cor,vis_dissim_z,FAM,-0.232845487773122
fam_us_youthful,selected,L0,target2,cor,(Intercept),SXF,-0.183835362252662
fam_us_youthful,selected,L0,target2,cor,sem_dissim_z,SXF,0.315385796233572
fam_us_youthful,selected,L0,target2,cor,vis_dissim_z,SXF,0.180606028739491
fam_us_youthful,selected,L0,target2,cor,FAM,SXF,-0.024853184248092
fam_us_youthful,selected,L0,target2,cor,(Intercept),VXF,-0.132782796251713
fam_us_youthful,selected,L0,target2,cor,sem_dissim_z,VXF,0.0631722224650712
fam_us_youthful,selected,L0,target2,cor,vis_dissim_z,VXF,-0.19864374098016
fam_us_youthful,selected,L0,target2,cor,FAM,VXF,0.288920580518828
fam_us_youthful,selected,L0,target2,cor,SXF,VXF,-0.131336186110516
fam_us_youthful,selected,L0,Residual,sd,(Observation),,1.39868635967303
fam_us_youthful,nointer,L0,participant,sd,(Intercept),,0.337007298643426
fam_us_youthful,nointer,L0,participant,sd,sem_dissim_z,,0.0786281458841534
fam_us_youthful,nointer,L0,participant,sd,vis_dissim_z,,0.0682507603825336
fam_us_youthful,nointer,L0,participant,sd,FAM,,0.12221900309945
fam_us_youthful,nointer,L0,participant,sd,SXF,,0.0430619300219969
fam_us_youthful,nointer,L0,participant,sd,VXF,,0.0197257488454661
fam_us_youthful,nointer,L0,participant,cor,(Intercept),sem_dissim_z,0.124201862379864
fam_us_youthful,nointer,L0,participant,cor,(Intercept),vis_dissim_z,0.335601663621903
fam_us_youthful,nointer,L0,participant,cor,sem_dissim_z,vis_dissim_z,0.0167513008406397
fam_us_youthful,nointer,L0,participant,cor,(Intercept),FAM,0.172724000982631
fam_us_youthful,nointer,L0,participant,cor,sem_dissim_z,FAM,0.166253348644123
fam_us_youthful,nointer,L0,participant,cor,vis_dissim_z,FAM,0.0373274936689757
fam_us_youthful,nointer,L0,participant,cor,(Intercept),SXF,-0.0929262606770169
fam_us_youthful,nointer,L0,participant,cor,sem_dissim_z,SXF,-0.185342493519816
fam_us_youthful,nointer,L0,participant,cor,vis_dissim_z,SXF,0.0703364685347948
fam_us_youthful,nointer,L0,participant,cor,FAM,SXF,0.202756108513036
fam_us_youthful,nointer,L0,participant,cor,(Intercept),VXF,0.328935119727562
fam_us_youthful,nointer,L0,participant,cor,sem_dissim_z,VXF,-0.219574508503109
fam_us_youthful,nointer,L0,participant,cor,vis_dissim_z,VXF,-0.338934102295126
fam_us_youthful,nointer,L0,participant,cor,FAM,VXF,0.643326547082025
fam_us_youthful,nointer,L0,participant,cor,SXF,VXF,0.212589981652016
fam_us_youthful,nointer,L0,target1,sd,(Intercept),,0.35273800968437
fam_us_youthful,nointer,L0,target1,sd,sem_dissim_z,,0.223700699076438
fam_us_youthful,nointer,L0,target1,sd,vis_dissim_z,,0.376139141440993
fam_us_youthful,nointer,L0,target1,sd,FAM,,0.0492904256892195
fam_us_youthful,nointer,L0,target1,sd,SXF,,0.0672907749999903
fam_us_youthful,nointer,L0,target1,sd,VXF,,0.0460142979526339
fam_us_youthful,nointer,L0,target1,cor,(Intercept),sem_dissim_z,-0.0111171889436314
fam_us_youthful,nointer,L0,target1,cor,(Intercept),vis_dissim_z,0.416993141616519
fam_us_youthful,nointer,L0,target1,cor,sem_dissim_z,vis_dissim_z,0.348233330512231
fam_us_youthful,nointer,L0,target1,cor,(Intercept),FAM,-0.138570610250107
fam_us_youthful,nointer,L0,target1,cor,sem_dissim_z,FAM,0.347605879566766
fam_us_youthful,nointer,L0,target1,cor,vis_dissim_z,FAM,0.40373849495116
fam_us_youthful,nointer,L0,target1,cor,(Intercept),SXF,-0.176982726611809
fam_us_youthful,nointer,L0,target1,cor,sem_dissim_z,SXF,-0.420700356197602
fam_us_youthful,nointer,L0,target1,cor,vis_dissim_z,SXF,0.0621497741960781
fam_us_youthful,nointer,L0,target1,cor,FAM,SXF,0.0428574652509921
fam_us_youthful,nointer,L0,target1,cor,(Intercept),VXF,-0.0533628979299596
fam_us_youthful,nointer,L0,target1,cor,sem_dissim_z,VXF,0.11066832260612
fam_us_youthful,nointer,L0,target1,cor,vis_dissim_z,VXF,0.287194327409076
fam_us_youthful,nointer,L0,target1,cor,FAM,VXF,0.475646340634631
fam_us_youthful,nointer,L0,target1,cor,SXF,VXF,-0.2315264788767
fam_us_youthful,nointer,L0,target2,sd,(Intercept),,0.369172184584681
fam_us_youthful,nointer,L0,target2,sd,sem_dissim_z,,0.236058688902228
fam_us_youthful,nointer,L0,target2,sd,vis_dissim_z,,0.280570909732343
fam_us_youthful,nointer,L0,target2,sd,FAM,,0.0519516411965272
fam_us_youthful,nointer,L0,target2,sd,SXF,,0.0488589882769058
fam_us_youthful,nointer,L0,target2,sd,VXF,,0.0417382721372215
fam_us_youthful,nointer,L0,target2,cor,(Intercept),sem_dissim_z,0.270269050501519
fam_us_youthful,nointer,L0,target2,cor,(Intercept),vis_dissim_z,0.447247786910151
fam_us_youthful,nointer,L0,target2,cor,sem_dissim_z,vis_dissim_z,0.205120845954944
fam_us_youthful,nointer,L0,target2,cor,(Intercept),FAM,0.0005980597696218
fam_us_youthful,nointer,L0,target2,cor,sem_dissim_z,FAM,0.269224952667918
fam_us_youthful,nointer,L0,target2,cor,vis_dissim_z,FAM,-0.228009739513847
fam_us_youthful,nointer,L0,target2,cor,(Intercept),SXF,-0.186460344135251
fam_us_youthful,nointer,L0,target2,cor,sem_dissim_z,SXF,0.312138044329602
fam_us_youthful,nointer,L0,target2,cor,vis_dissim_z,SXF,0.176757427620643
fam_us_youthful,nointer,L0,target2,cor,FAM,SXF,-0.0252095597111463
fam_us_youthful,nointer,L0,target2,cor,(Intercept),VXF,-0.134836899617649
fam_us_youthful,nointer,L0,target2,cor,sem_dissim_z,VXF,0.0683288944642
fam_us_youthful,nointer,L0,target2,cor,vis_dissim_z,VXF,-0.183810659459749
fam_us_youthful,nointer,L0,target2,cor,FAM,VXF,0.279294329737072
fam_us_youthful,nointer,L0,target2,cor,SXF,VXF,-0.12822919646499
fam_us_youthful,nointer,L0,Residual,sd,(Observation),,1.39868719199355
