dataset,variant,trait,participant,n_pairs_dropped,dfbeta_sem,dfbeta_vis,beta_sem_full,beta_vis_full,z_sem,z_vis
us,midpoint,warm,0,542,0.00032256607105843327,-0.00047702453009464824,0.010022645915458811,-0.02922968515782723,0.4238841522859935,-0.8792466956858452
us,midpoint,warm,1,556,0.002273752726092866,-0.00026870958119139254,0.010022645915458811,-0.02922968515782723,2.9910156241855472,-0.4951448633759578
us,midpoint,warm,2,632,6.879796977632066e-05,-0.0002847651150864709,0.010022645915458811,-0.02922968515782723,0.0900072893602328,-0.5247488837320635
us,midpoint,warm,3,444,-0.0013138749729737602,0.0010440326602824505,0.010022645915458811,-0.02922968515782723,-1.7291437475327829,1.9253568958850238
us,midpoint,warm,4,486,0.0004047884938637048,-0.00023683138970410564,0.010022645915458811,-0.02922968515782723,0.5320623056854279,-0.436366211985563
us,midpoint,warm,5,568,0.00014515095269139813,-0.0005837854741406537,0.010022645915458811,-0.02922968515782723,0.1904631554912183,-1.076098023173861
us,midpoint,warm,6,675,-0.0010523684086021137,6.933170987345055e-05,0.010022645915458811,-0.02922968515782723,-1.3850855664383996,0.1281530803290173
us,midpoint,warm,7,708,-0.0003315943451162838,-0.0001276325983529565,0.010022645915458811,-0.02922968515782723,-0.4367796841030429,-0.23501985607194792
us,midpoint,warm,8,864,-0.0005673018371147136,-0.0007168912083062237,0.010022645915458811,-0.02922968515782723,-0.7468946181665926,-1.321525231605705
us,midpoint,warm,9,577,-0.0010584512278226463,0.000113128564751281,0.010022645915458811,-0.02922968515782723,-1.3930885919913956,0.20890797716456547
us,midpoint,warm,10,606,0.0004952632092330225,0.0003624972385940124,0.010022645915458811,-0.02922968515782723,0.6510978108927097,0.6687067820413233
us,midpoint,warm,11,541,6.243099335584423e-05,0.0016593369372154762,0.010022645915458811,-0.02922968515782723,0.08163040470510535,3.059886613710723
us,midpoint,warm,12,732,0.00017901660142336483,0.0002791268643744342,0.010022645915458811,-0.02922968515782723,0.2350194117836706,0.5149841919598367
us,midpoint,warm,13,748,-0.0003825872702533893,0.0005772849109526683,0.010022645915458811,-0.02922968515782723,-0.5038699046239348,1.064743355243997
us,midpoint,warm,14,1041,0.0006119201284336996,4.497742084927023e-05,0.010022645915458811,-0.02922968515782723,0.8045806403914676,0.08324738782810792
us,midpoint,warm,15,496,0.0008044261843939225,-0.0002725432872473961,0.010022645915458811,-0.02922968515782723,1.057856437205496,-0.5022136480618439
us,midpoint,warm,16,529,0.0010296519687683255,0.0012216279072401054,0.010022645915458811,-0.02922968515782723,1.3541808292665873,2.2528161594909304
us,midpoint,warm,17,616,0.000982454717109579,0.0013049892094747877,0.010022645915458811,-0.02922968515782723,1.2920844891713372,2.406522022179402
us,midpoint,warm,18,609,0.0005584057093635086,-0.0007340756417800083,0.010022645915458811,-0.02922968515782723,0.7341729482103806,-1.3532107751504143
us,midpoint,warm,19,461,0.00013498198506229665,-0.000734497987764822,0.010022645915458811,-0.02922968515782723,0.17708407831782838,-1.353989518430672
us,midpoint,warm,20,1000,-8.04179118198238e-05,-5.418133864278432e-05,0.010022645915458811,-0.02922968515782723,-0.10631261922685216,-0.0995866402193067
us,midpoint,warm,21,758,0.0008170853633032559,0.00045338903441810574,0.010022645915458811,-0.02922968515782723,1.0745118281711459,0.8362977566774445
us,midpoint,warm,22,555,-0.0003905537533468086,0.00011259850782098513,0.010022645915458811,-0.02922968515782723,-0.514351223475058,0.20793063089524058
us,midpoint,warm,23,601,-0.0006052155744782108,-0.00019559659069321583,0.010022645915458811,-0.02922968515782723,-0.7967768517048546,-0.3603353657193728
us,midpoint,warm,24,576,3.7067195472063885e-05,-0.00011163907428287517,0.010022645915458811,-0.02922968515782723,0.04825983832369333,-0.20553017262506532
us,midpoint,warm,25,609,0.002072067873056532,-0.00024310105179176436,0.010022645915458811,-0.02922968515782723,2.7256634948548593,-0.4479265378695779
us,midpoint,warm,26,1128,0.0005071528037909369,2.559711606438947e-05,0.010022645915458811,-0.02922968515782723,0.6667406774011468,0.047512983658900276
us,midpoint,warm,27,658,0.0004888390694058175,-7.897444271557849e-05,0.010022645915458811,-0.02922968515782723,0.6426457176561401,-0.14530144250856836
us,midpoint,warm,28,825,-0.00039829160243841366,-0.0008780046570358475,0.010022645915458811,-0.02922968515782723,-0.5245317338207062,-1.61859450672313
us,midpoint,warm,29,742,0.0005970628997631136,0.0002019411154575712,0.010022645915458811,-0.02922968515782723,0.7850333258344209,0.37266513255836026
us,midpoint,warm,30,686,0.00046992565321796187,-0.00026102333173129086,0.010022645915458811,-0.02922968515782723,0.6177617703353124,-0.48097256073152767
us,midpoint,warm,31,1000,0.0006439064503025727,0.0002380961520596879,0.010022645915458811,-0.02922968515782723,0.8466643094899752,0.4393296512557365
us,midpoint,warm,32,721,0.0003343650916637301,0.00023582717435957634,0.010022645915458811,-0.02922968515782723,0.4394078527250549,0.43514599330573567
us,midpoint,warm,33,618,0.001449577347291212,7.138742713792834e-05,0.010022645915458811,-0.02922968515782723,1.9066670059601294,0.131943517703551
us,midpoint,warm,34,786,0.0005431371912848169,-0.00065428932224499,0.010022645915458811,-0.02922968515782723,0.7140845096245884,-1.2060966496975398
us,midpoint,warm,35,515,-0.0038955601787794922,0.0019382889048832307,0.010022645915458811,-0.02922968515782723,-5.125807682918511,3.574232619466618
us,midpoint,warm,36,795,-0.00045852256080802616,-6.282605096986915e-05,0.010022645915458811,-0.02922968515782723,-0.603776222508835,-0.11552620606470947
us,midpoint,warm,37,490,0.0013590468795865642,-0.00040318528231144193,0.010022645915458811,-0.02922968515782723,1.7875581486856384,-0.7430980874403327
us,midpoint,warm,38,639,-0.0006602361598020776,0.00023149333933983676,0.010022645915458811,-0.02922968515782723,-0.8691661722359243,0.42715504507674507
us,midpoint,warm,39,681,-0.00033430114286121804,-0.00014631772836697782,0.010022645915458811,-0.02922968515782723,-0.44034095573287824,-0.2694724611927986
us,midpoint,warm,40,673,0.0011517799180263393,0.00044641899923848066,0.010022645915458811,-0.02922968515782723,1.5148617673664158,0.8234460468128697
us,midpoint,warm,41,649,0.00010305594383693863,-0.0013759258625663483,0.010022645915458811,-0.02922968515782723,0.13507971907761368,-2.5366872715349036
us,midpoint,warm,42,664,-0.0009083745620037369,-7.301050360849007e-05,0.010022645915458811,-0.02922968515782723,-1.1956361693708257,-0.13430482440277355
us,midpoint,warm,43,706,0.00020517247548809334,0.00020853704567593,0.010022645915458811,-0.02922968515782723,0.26943209460586887,0.3848270484266082
us,midpoint,warm,44,777,-0.0006631336752090985,-0.0003352973104310819,0.010022645915458811,-0.02922968515782723,-0.8729783667138257,-0.617922748232399
us,midpoint,warm,45,711,-0.00057565827135817,-0.00018065305441640825,0.010022645915458811,-0.02922968515782723,-0.7578889867903662,-0.3327817038466633
us,midpoint,warm,46,1176,-0.0004713978300596479,-0.00029631262579140477,0.010022645915458811,-0.02922968515782723,-0.6207159185751939,-0.5460407787388064
us,midpoint,warm,47,801,0.00011790896631719283,0.000338305125251976,0.010022645915458811,-0.02922968515782723,0.15462149964663835,0.6241001174162123
us,midpoint,warm,48,686,0.0008924034663210859,0.00015619827326930624,0.010022645915458811,-0.02922968515782723,1.1736061265879376,0.28832212408932184
us,midpoint,warm,49,889,0.0006751978848326349,-0.0009296972188926333,0.010022645915458811,-0.02922968515782723,0.8878337312752987,-1.7139079147647422
us,midpoint,warm,50,648,0.0007009438677348812,-0.00016532295047642573,0.010022645915458811,-0.02922968515782723,0.9217071297084066,-0.3045152686059407
us,midpoint,warm,51,632,-0.00019315916045248467,-0.00045012323478457045,0.010022645915458811,-0.02922968515782723,-0.2546436908849088,-0.8296447018082529
us,midpoint,warm,52,664,0.0006742805520394482,0.00039076405493199476,0.010022645915458811,-0.02922968515782723,0.8866268175863807,0.7208265939230349
us,midpoint,warm,53,700,0.0005149245522029586,-0.00022464946737944802,0.010022645915458811,-0.02922968515782723,0.6769657883041498,-0.41390455615820926
us,midpoint,warm,54,796,-1.9204073508423403e-05,-0.0006716014605313465,0.010022645915458811,-0.02922968515782723,-0.02577497797171888,-1.2380176619532655
us,midpoint,warm,55,601,-0.0003327547923569294,3.739789657695655e-05,0.010022645915458811,-0.02922968515782723,-0.4383064578872188,0.06927187058193564
us,midpoint,warm,56,597,0.00015301395104115253,-0.0002031343938924575,0.010022645915458811,-0.02922968515782723,0.20080832184168854,-0.37423395550211885
us,midpoint,warm,57,1000,-0.00041295744680897896,0.0008509019674972744,0.010022645915458811,-0.02922968515782723,-0.5438272484494666,1.5692525770897596
us,midpoint,warm,58,507,0.0005567994776488183,-0.0002657538983431261,0.010022645915458811,-0.02922968515782723,0.7320596660314022,-0.4896950231041812
us,midpoint,warm,59,447,0.0021390182051792828,8.920494211497182e-06,0.010022645915458811,-0.02922968515782723,2.8137485092756904,0.016763769336264937
us,midpoint,warm,60,664,0.0014632221289847865,-4.768962029045795e-05,0.010022645915458811,-0.02922968515782723,1.9246191318740675,-0.08761687555721187
us,midpoint,warm,61,993,-0.00010284440842309346,0.00022585717904401517,0.010022645915458811,-0.02922968515782723,-0.13581864577031783,0.41676280242582187
us,midpoint,warm,62,1000,-0.00021519769203291218,-7.024360387604747e-05,0.010022645915458811,-0.02922968515782723,-0.28363928075766204,-0.12920307216346352
us,midpoint,warm,63,681,-9.733602267864364e-05,-3.003721351385949e-05,0.010022645915458811,-0.02922968515782723,-0.12857138914960747,-0.055068458733223795
us,midpoint,warm,64,681,0.00014692982361507595,0.00027273281966079185,0.010022645915458811,-0.02922968515782723,0.19280357511270232,0.5031945229835504
us,midpoint,warm,65,721,0.00039247186060096216,7.739243424358111e-05,0.010022645915458811,-0.02922968515782723,0.5158575941602389,0.14301585910035738
us,midpoint,warm,66,241,4.618425285109716e-05,0.0003073041612386834,0.010022645915458811,-0.02922968515782723,0.060254941338795366,0.5669389432250668
us,midpoint,warm,67,871,0.0001824705805448957,0.00016381973806897307,0.010022645915458811,-0.02922968515782723,0.239563732791242,0.30237497344002723
us,midpoint,warm,68,961,0.0005223474972480564,0.00010555411049866306,0.010022645915458811,-0.02922968515782723,0.6867319866277617,0.1949418082818459
us,midpoint,warm,69,616,-0.0003420695326643228,-0.00011750944117449105,0.010022645915458811,-0.02922968515782723,-0.45056164779126145,-0.2163542574604178
us,midpoint,warm,70,576,-0.00017190087588903578,-6.90675957102406e-05,0.010022645915458811,-0.02922968515782723,-0.2266746540935706,-0.12703468773557694
us,midpoint,warm,71,700,-0.0017545824039717928,-0.00012798706305800975,0.010022645915458811,-0.02922968515782723,-2.3089723933960284,-0.23567343635227317
us,midpoint,warm,72,507,-0.00045722255023906283,0.0005484808672264439,0.010022645915458811,-0.02922968515782723,-0.602065828458744,1.011632975833276
us,midpoint,warm,73,631,-0.00012939697907921044,-0.0006655161401517527,0.010022645915458811,-0.02922968515782723,-0.17075325318743936,-1.226797234805331
us,midpoint,warm,74,796,-6.105636608523882e-05,-4.263762127300341e-05,0.010022645915458811,-0.02922968515782723,-0.08083907815294676,-0.07830173955929927
us,midpoint,warm,75,796,-0.00016669773642921486,-0.00016270106467353163,0.010022645915458811,-0.02922968515782723,-0.21982900299938912,-0.29968090051905605
us,midpoint,warm,76,758,0.0006259934809364157,-4.5687367302232884e-05,0.010022645915458811,-0.02922968515782723,0.823096627076617,-0.08392501836897732
us,midpoint,warm,77,526,0.0016558538454936687,-0.0013082051913282308,0.010022645915458811,-0.02922968515782723,2.1780602573861,-2.4118204098681657
us,midpoint,warm,78,1225,-0.00043776493766073746,0.00022758269770357595,0.010022645915458811,-0.02922968515782723,-0.57646589444476,0.41994440260531735
us,midpoint,warm,79,632,0.00035966352573510614,0.000264995392324021,0.010022645915458811,-0.02922968515782723,0.4726924214396043,0.48892785593413707
us,midpoint,warm,80,631,8.127628951420766e-05,-0.00017934797604557753,0.010022645915458811,-0.02922968515782723,0.10642472806754594,-0.33037533312683137
us,midpoint,warm,81,664,-0.00036734066235183035,0.00019624787547328423,0.010022645915458811,-0.02922968515782723,-0.48381029275501614,0.36216764343788377
us,midpoint,warm,82,721,-0.00018916466241467554,0.00024969194268937775,0.010022645915458811,-0.02922968515782723,-0.2493882215525194,0.46071056727446236
us,midpoint,warm,83,686,-0.0008628517295634144,0.00028015174635458856,0.010022645915458811,-0.02922968515782723,-1.135742824187251,0.5168739221426739
us,midpoint,warm,84,876,-8.671096984442378e-05,0.0001116911992989876,0.010022645915458811,-0.02922968515782723,-0.11459225114610365,0.20625768871032102
us,midpoint,warm,85,889,2.852510460303083e-05,5.505096945900359e-05,0.010022645915458811,-0.02922968515782723,0.03702120554136036,0.1018215156054584
us,midpoint,warm,86,535,-0.0016296649587527832,5.171446680246605e-06,0.010022645915458811,-0.02922968515782723,-2.1446213795227047,0.00985108239876162
us,midpoint,warm,87,596,0.0003070596216736155,0.00010804620482355795,0.010022645915458811,-0.02922968515782723,0.4034826729449611,0.19953686015652314
us,midpoint,warm,88,808,0.00010974128754097714,0.00013266452115522423,0.010022645915458811,-0.02922968515782723,0.1438754722562351,0.24492937980603188
us,midpoint,warm,89,924,-0.0005065495305233668,-5.815831629885082e-05,0.010022645915458811,-0.02922968515782723,-0.6669642035961912,-0.10691959646077186
us,midpoint,warm,90,666,-0.00036945041709379733,0.0006136561509825153,0.010022645915458811,-0.02922968515782723,-0.48658604861728505,1.1318065209572505
us,midpoint,warm,91,604,-0.0010441883949155548,-0.0006816249223412126,0.010022645915458811,-0.02922968515782723,-1.3743233102897363,-1.2564994371092373
us,midpoint,warm,92,666,-0.0005833554555514237,-0.0005785283341322618,0.010022645915458811,-0.02922968515782723,-0.7680159952631462,-1.066404637650815
us,midpoint,warm,93,1128,0.00015206730336469326,3.5344797432598773e-05,0.010022645915458811,-0.02922968515782723,0.1995628392340821,0.06548626063212871
us,midpoint,warm,94,648,9.929748491817672e-05,-0.0002975564955556495,0.010022645915458811,-0.02922968515782723,0.13013480099337996,-0.5483342898771894
us,midpoint,warm,95,463,0.0001654447996728564,-4.769588708105135e-05,0.010022645915458811,-0.02922968515782723,0.21716330390479793,-0.08762843058848688
us,midpoint,warm,96,381,0.0006317162929018825,-0.00018283746407029428,0.010022645915458811,-0.02922968515782723,0.8306259993518973,-0.33680943087725046
us,midpoint,warm,97,744,0.0005038172852967759,-0.0004547746914430155,0.010022645915458811,-0.02922968515782723,0.6623522123204894,-0.8382212971741885
us,midpoint,warm,99,618,0.0011493161510831781,-4.805542907672031e-05,0.010022645915458811,-0.02922968515782723,1.5116202457811305,-0.08829137263876159
us,midpoint,warm,100,616,-6.784294626464848e-05,-0.00014863872972008946,0.010022645915458811,-0.02922968515782723,-0.08976802583725985,-0.27375204303374434
us,midpoint,warm,101,618,0.0005379898269582389,-0.0007600942042285744,0.010022645915458811,-0.02922968515782723,0.7073122405923064,-1.401185140711691
us,midpoint,warm,102,469,-0.0005593877424784101,0.00018493482647828977,0.010022645915458811,-0.02922968515782723,-0.7364822256053656,0.3413080610081708
us,midpoint,warm,103,616,-0.0005845199661381473,0.0001245088171811133,0.010022645915458811,-0.02922968515782723,-0.7695481150984399,0.22989147274882943
us,midpoint,warm,104,582,0.0011152012719232197,-0.00026560534952444273,0.010022645915458811,-0.02922968515782723,1.4667360827382903,-0.4894211211411001
us,midpoint,warm,105,625,0.0014877479762275079,0.001569916109879211,0.010022645915458811,-0.02922968515782723,1.9568872258410592,2.8950078865365314
us,midpoint,warm,106,578,-0.000393985849475368,-0.0009286780978552053,0.010022645915458811,-0.02922968515782723,-0.5188667535313324,-1.7120288069048286
us,midpoint,warm,107,600,-0.0008147449873238677,0.0012642666130056497,0.010022645915458811,-0.02922968515782723,-1.0724498882218187,2.3314356013413264
us,midpoint,warm,108,526,0.0003823460257296584,-0.00055291751243082,0.010022645915458811,-0.02922968515782723,0.5025352657657147,-1.019182085480283
us,midpoint,warm,109,345,-0.0004210571190377023,-0.00036435811389497544,0.010022645915458811,-0.02922968515782723,-0.5544838011871438,-0.671506554472166
us,midpoint,warm,110,685,-0.0005472265643460192,-0.00012928171545705663,0.010022645915458811,-0.02922968515782723,-0.7204820428250633,-0.23806058312832737
us,midpoint,warm,111,675,7.873242018759455e-06,-0.0003231247728188273,0.010022645915458811,-0.02922968515782723,0.009850024221194801,-0.5954783964211453
us,midpoint,warm,112,848,-0.000675583623900522,0.00023798320095861497,0.010022645915458811,-0.02922968515782723,-0.8893584782868642,0.43912138619789043
us,midpoint,warm,113,769,0.0006463945257942482,-0.0003717726181088378,0.010022645915458811,-0.02922968515782723,0.849937813274281,-0.6851777992350012
us,midpoint,warm,114,559,-0.0008069591690088047,0.00027427364007471394,0.010022645915458811,-0.02922968515782723,-1.062206265870508,0.506035567024623
us,midpoint,warm,115,522,-0.0015781106184699443,0.0011183205573647992,0.010022645915458811,-0.02922968515782723,-2.0767925179877946,2.0623327468165384
us,midpoint,warm,116,825,-0.00048196588890223914,3.102966429864573e-06,0.010022645915458811,-0.02922968515782723,-0.6346200708928119,0.006037111973444074
us,midpoint,warm,117,515,-0.00045727118018626216,-0.0004633801758279314,0.010022645915458811,-0.02922968515782723,-0.6021298097634593,-0.8540885325193359
us,midpoint,warm,118,616,-0.0002884818473936311,0.00029621283254298997,0.010022645915458811,-0.02922968515782723,-0.3800575609527765,0.5464881801031864
us,midpoint,warm,119,673,-0.0002772375649020848,8.096603951143061e-05,0.010022645915458811,-0.02922968515782723,-0.3652637167100952,0.14960505655622855
us,midpoint,warm,120,993,2.6246896493050537e-05,-0.00011677981531482695,0.010022645915458811,-0.02922968515782723,0.03402381945142526,-0.2150089357200764
us,midpoint,warm,121,889,-0.0005763699721696523,0.000483872329887277,0.010022645915458811,-0.02922968515782723,-0.7588253552034129,0.8925044269437731
us,midpoint,warm,122,889,-0.00047527742411620014,0.00032223653258035487,0.010022645915458811,-0.02922968515782723,-0.6258202113782799,0.5944720186153083
us,midpoint,warm,123,606,0.00029973028239281725,-0.00018966204483675947,0.010022645915458811,-0.02922968515782723,0.3938396295757275,-0.34939294440302954
us,midpoint,warm,124,555,-0.00017847034268842626,0.000292457112662816,0.010022645915458811,-0.02922968515782723,-0.2353179506899267,0.5395631903450705
us,midpoint,warm,125,578,-0.0009154144503592584,0.00022040615145589235,0.010022645915458811,-0.02922968515782723,-1.2048983888050804,0.40671191699684534
us,midpoint,warm,126,618,-0.00019313381323466522,-0.0002761066352182269,0.010022645915458811,-0.02922968515782723,-0.25461034213253725,-0.5087839325851571
us,midpoint,warm,127,616,-0.001184424391402072,0.0006119273045374803,0.010022645915458811,-0.02922968515782723,-1.5588285902663364,1.1286187848354958
us,midpoint,warm,128,830,-0.0003979901665084884,0.0005578773067143675,0.010022645915458811,-0.02922968515782723,-0.5241351414903538,1.028958614936481
us,midpoint,warm,129,744,-0.0008001760124917434,0.0006010867927487493,0.010022645915458811,-0.02922968515782723,-1.0532818226201204,1.1086304908453115
us,midpoint,warm,130,555,6.82784389746862e-05,-0.0002501148645128598,0.010022645915458811,-0.02922968515782723,0.08932375461584748,-0.4608589670199329
us,midpoint,warm,131,1038,-0.00010782634658084225,0.00048267990981253756,0.010022645915458811,-0.02922968515782723,-0.14237326739137873,0.8903057813928806
us,midpoint,warm,132,731,0.000194989833002885,-0.0006164318427726648,0.010022645915458811,-0.02922968515782723,0.25603502573835013,-1.136293079149623
us,midpoint,warm,133,732,0.0008978862842840621,0.0009554906267167165,0.010022645915458811,-0.02922968515782723,1.1808197442657422,1.7620985339283102
us,midpoint,warm,134,1000,-0.0005755975789477688,-0.0005876241036123601,0.010022645915458811,-0.02922968515782723,-0.7578091351798376,-1.083175885907207
us,midpoint,warm,135,856,0.00022505801621868111,0.00020327934188619015,0.010022645915458811,-0.02922968515782723,0.2955950438621672,0.3751326233744743
us,midpoint,warm,136,589,0.00013860728182963668,-0.0002952174117397781,0.010022645915458811,-0.02922968515782723,0.1818537980175821,-0.5440213666600472
us,midpoint,warm,137,708,0.00024389831788524177,-0.0002536212176626647,0.010022645915458811,-0.02922968515782723,0.32038279608644427,-0.4673241615566489
us,midpoint,warm,138,601,0.001526844938180635,-0.00013910508432145655,0.010022645915458811,-0.02922968515782723,2.008326200798461,-0.2561734166054112
us,midpoint,warm,139,490,-0.0001308638636383988,-0.00046945153503281586,0.010022645915458811,-0.02922968515782723,-0.1726831995141118,-0.8652832173342536
us,midpoint,warm,140,993,-0.000286836183020207,0.00015563525897199088,0.010022645915458811,-0.02922968515782723,-0.37789239813029585,0.28728400932917597
us,midpoint,warm,141,421,0.0003055258034543491,-2.58541716453356e-05,0.010022645915458811,-0.02922968515782723,0.4014646635388942,-0.04735555068323463
us,midpoint,warm,142,651,0.00027509067598919905,0.00018986941027741497,0.010022645915458811,-0.02922968515782723,0.3614218652932889,0.35040670077891
us,midpoint,warm,143,577,-0.0008659764466830439,0.0007429924477598861,0.010022645915458811,-0.02922968515782723,-1.139853942740613,1.370283446583144
us,midpoint,warm,144,801,-0.00010139792708081276,0.00013164204682371283,0.010022645915458811,-0.02922968515782723,-0.13391554348755916,0.2430440889697715
us,midpoint,warm,145,748,2.6077663127972023e-05,0.0003774796677456921,0.010022645915458811,-0.02922968515782723,0.0338011629995335,0.6963321565999481
us,midpoint,warm,146,889,-0.0008871222474707025,-0.00013772760291124245,0.010022645915458811,-0.02922968515782723,-1.1676749872113987,-0.25363354543235506
us,midpoint,warm,147,604,0.0013148071608848535,0.0002066930499837194,0.010022645915458811,-0.02922968515782723,1.7293529667805068,0.38142699419200515
us,midpoint,warm,148,666,-0.0004348163483636411,0.0003305035184828914,0.010022645915458811,-0.02922968515782723,-0.5725865032226277,0.6097151130238568
us,midpoint,warm,149,848,0.0004070556943893532,0.00014346220896755552,0.010022645915458811,-0.02922968515782723,0.5350452093494531,0.264838712742828
us,midpoint,warm,150,732,0.0007064968590540285,-0.00024361882292450385,0.010022645915458811,-0.02922968515782723,0.9290130728593535,-0.448881230952573
us,midpoint,warm,151,681,-0.00043131998602883616,-4.666765559245903e-05,0.010022645915458811,-0.02922968515782723,-0.5679864195947066,-0.08573252440947111
us,midpoint,warm,152,510,0.001204656002783227,-8.682122517220808e-05,0.010022645915458811,-0.02922968515782723,1.5844296177512058,-0.15976974416044948
us,midpoint,warm,153,616,-0.00011122374479126916,0.00041043768524352126,0.010022645915458811,-0.02922968515782723,-0.14684314619362396,0.7571018468063703
us,midpoint,warm,154,961,-0.00012634550518725307,-5.837174056410807e-05,0.010022645915458811,-0.02922968515782723,-0.16673849906665264,-0.10731311911373698
us,midpoint,warm,155,601,-0.0005440067632882656,0.0002580703015904358,0.010022645915458811,-0.02922968515782723,-0.7162458245179691,0.47615901695409046
us,midpoint,warm,156,732,-0.0006636213824921591,0.0004497963782185248,0.010022645915458811,-0.02922968515782723,-0.873620031985669,0.8296734321324049
us,midpoint,warm,157,552,-0.00029202196423630013,0.000871948339518442,0.010022645915458811,-0.02922968515782723,-0.3847152113818467,1.6080589618421102
us,midpoint,warm,158,588,0.00024562809113135194,-0.0004280856132794532,0.010022645915458811,-0.02922968515782723,0.32265861902110904,-0.789010600201851
us,midpoint,warm,159,700,-0.00013757295608971508,-1.0370604494512603e-05,0.010022645915458811,-0.02922968515782723,-0.18151019837412286,-0.018806152070049712
us,midpoint,warm,160,871,0.00019486278156367193,-0.000190944538820962,0.010022645915458811,-0.02922968515782723,0.25586786707758724,-0.3517576728675593
us,midpoint,warm,161,577,-0.0012951761949638544,7.809031255062021e-05,0.010022645915458811,-0.02922968515782723,-1.7045421947333939,0.14430264306797141
us,midpoint,warm,162,609,0.00020539469817133782,-0.0011306955472933054,0.010022645915458811,-0.02922968515782723,0.26972446788674126,-2.084518985340273
us,midpoint,warm,163,769,1.1769692585511526e-05,2.577496413485106e-05,0.010022645915458811,-0.02922968515782723,0.014976494747631228,0.04784090909150473
us,midpoint,warm,164,786,-0.0005742924146308788,-0.00024173673765247317,0.010022645915458811,-0.02922968515782723,-0.7560919604619583,-0.4454109451888462
us,midpoint,warm,165,600,0.001343960560430556,-0.0009096951976108984,0.010022645915458811,-0.02922968515782723,1.7677094250381173,-1.677027157696349
us,midpoint,warm,166,769,-0.0007151648884043005,0.00031556414656160395,0.010022645915458811,-0.02922968515782723,-0.9414346389878698,0.5821691296043457
us,midpoint,warm,167,632,-1.4487156491894623e-05,0.0012297993276161913,0.010022645915458811,-0.02922968515782723,-0.01956903857979746,2.2678830452595875
us,midpoint,warm,168,583,-0.00018201616435406,-0.00015626923751330818,0.010022645915458811,-0.02922968515782723,-0.23998310682355709,-0.2878215663217314
us,midpoint,warm,169,570,-0.0003792454601121882,-0.00013191395770571074,0.010022645915458811,-0.02922968515782723,-0.49947316176775786,-0.242914046963326
us,midpoint,warm,170,648,-0.0018118132680803728,-0.00010529652063006115,0.010022645915458811,-0.02922968515782723,-2.384269726963815,-0.19383544551884582
us,midpoint,warm,171,856,0.00020005171034771958,0.0003771819000748834,0.010022645915458811,-0.02922968515782723,0.2626948215120102,0.6957831172316147
us,midpoint,warm,172,669,-7.325739719890242e-05,3.959598796328054e-05,0.010022645915458811,-0.02922968515782723,-0.09689169458546269,0.07332482469548667
us,midpoint,warm,173,700,0.0004640266371531837,-0.00038168670365351653,0.010022645915458811,-0.02922968515782723,0.6100005703731971,-0.7034579007996593
us,midpoint,warm,174,686,0.0002199650323574491,-0.0004388678051510386,0.010022645915458811,-0.02922968515782723,0.2888943219592622,-0.808891360924962
us,midpoint,warm,175,825,-9.488533142583931e-05,-0.0005025251607572931,0.010022645915458811,-0.02922968515782723,-0.12534707094983386,-0.9262660719435157
us,midpoint,warm,176,506,-0.000839416771421719,0.00023551192596021203,0.010022645915458811,-0.02922968515782723,-1.1049099879575806,0.4345647220697245
us,midpoint,warm,177,601,-0.0005306156640196777,0.0023000337711199664,0.010022645915458811,-0.02922968515782723,-0.6986274627446224,4.241236435955823
us,midpoint,warm,178,867,-1.4867676641983768e-05,-0.00011904896767207448,0.010022645915458811,-0.02922968515782723,-0.02006968020240457,-0.2191929157119005
us,midpoint,warm,179,825,0.0002499675361141932,-0.00011849541430255031,0.010022645915458811,-0.02922968515782723,0.3283679271271712,-0.21817224549771297
us,midpoint,warm,180,856,6.327034673420974e-05,-0.00028558492724753415,0.010022645915458811,-0.02922968515782723,0.0827347226687854,-0.5262604956200829
us,midpoint,warm,181,585,6.712304125745805e-05,-0.0005410277184789945,0.010022645915458811,-0.02922968515782723,0.08780362437366675,-0.9972590709931947
us,midpoint,warm,182,529,0.0016730363085939032,-0.0011721997424941413,0.010022645915458811,-0.02922968515782723,2.2006668294818827,-2.1610465581770737
us,midpoint,warm,183,652,0.0005598089010374896,-0.0006395893122399417,0.010022645915458811,-0.02922968515782723,0.7360190952707296,-1.1789920141078254
us,midpoint,warm,184,826,8.709725590902787e-05,0.00048268870750458465,0.010022645915458811,-0.02922968515782723,0.1140832398713533,0.8903220030306133
us,midpoint,warm,185,658,0.00014700237094905297,-8.451916654372837e-05,0.010022645915458811,-0.02922968515782723,0.19289902397392444,-0.15552508989084884
us,midpoint,warm,186,632,-7.89059718422757e-05,-0.0004148946064667161,0.010022645915458811,-0.02922968515782723,-0.10432339452096755,-0.7646883424212173
us,midpoint,warm,187,786,-0.001144938806437545,-9.558067201685325e-05,0.010022645915458811,-0.02922968515782723,-1.506878312937788,-0.17592086341887483
us,midpoint,warm,188,889,0.0001531203731223122,0.000263022683663499,0.010022645915458811,-0.02922968515782723,0.20094833892982572,0.48529047409903897
us,midpoint,warm,189,618,-4.648778453367371e-05,0.00015551045742372843,0.010022645915458811,-0.02922968515782723,-0.061671529981447995,0.2870538938064298
us,midpoint,warm,190,732,6.983753843177627e-05,-0.0002760856536570058,0.010022645915458811,-0.02922968515782723,0.09137502596592074,-0.508745245701896
us,midpoint,warm,191,627,0.00030988013591919973,-0.0002557885432137724,0.010022645915458811,-0.02922968515782723,0.4071935587631364,-0.4713203880385954
us,midpoint,warm,192,769,-0.00013708449943804213,-0.0004570517530195113,0.010022645915458811,-0.02922968515782723,-0.18086754717520606,-0.8424198605918367
us,midpoint,warm,193,918,-3.3275698718866764e-07,-0.0005052829132275033,0.010022645915458811,-0.02922968515782723,-0.000946420215421197,-0.9313509579895806
us,midpoint,warm,194,582,0.0020741509915907404,-0.0010081526383018125,0.010022645915458811,-0.02922968515782723,2.728404206070296,-1.8585680580159183
us,midpoint,warm,195,686,-0.0005004247860936843,0.0008160698744687223,0.010022645915458811,-0.02922968515782723,-0.6589060180083536,1.5050273698931855
us,midpoint,warm,196,345,-2.7974682681139104e-05,-0.00024020331850612558,0.010022645915458811,-0.02922968515782723,-0.03731426703815218,-0.44258354798613897
us,midpoint,warm,197,889,0.00025542018769496473,-8.43176603038398e-05,0.010022645915458811,-0.02922968515782723,0.3355418555886973,-0.1551535423069113
us,midpoint,warm,198,796,0.0007850319794844608,-0.0007987782048195641,0.010022645915458811,-0.02922968515782723,1.0323399272052423,-1.4725126934692054
us,midpoint,warm,199,571,0.0005605827463281542,0.0004164098517086684,0.010022645915458811,-0.02922968515782723,0.7370372257478527,0.7681136349387141
us,midpoint,warm,200,649,-0.0016837010320029447,0.0007499227924523573,0.010022645915458811,-0.02922968515782723,-2.215715400128289,1.3830619730831963
us,midpoint,warm,201,856,6.348214118227953e-05,-0.00041046334933825257,0.010022645915458811,-0.02922968515782723,0.0830133757601289,-0.7565177622903139
us,midpoint,warm,202,796,0.00034513424345343664,9.055054581384031e-05,0.010022645915458811,-0.02922968515782723,0.4535765784149768,0.16727746293859977
us,midpoint,warm,203,786,-0.00015494407035875069,0.00011956514408471841,0.010022645915458811,-0.02922968515782723,-0.20436497448021393,0.2207760736636287
us,midpoint,warm,204,601,-0.0009864429297376173,0.0003371742197595673,0.010022645915458811,-0.02922968515782723,-1.2983489279131066,0.6220148956206069
us,midpoint,warm,205,786,-0.00017341953531269452,-0.00011548003252330116,0.010022645915458811,-0.02922968515782723,-0.228672719420387,-0.21261232926212234
us,midpoint,warm,206,664,0.0011335874299531895,-0.00015643973073101863,0.010022645915458811,-0.02922968515782723,1.4909263286095757,-0.2881359304980124
us,midpoint,warm,207,601,0.0004205996702648304,0.0011737002839510464,0.010022645915458811,-0.02922968515782723,0.5528647073635845,2.1644447390983643
us,midpoint,warm,208,825,0.00019832935386565956,-4.731777079408639e-05,0.010022645915458811,-0.02922968515782723,0.26042875664347587,-0.08693124030322845
us,midpoint,warm,209,777,9.852241347328705e-06,-0.00032596958927208486,0.010022645915458811,-0.02922968515782723,0.012453748188929992,-0.6007238155234921
us,midpoint,warm,210,1082,2.1990634599186945e-05,-3.893853327196009e-05,0.010022645915458811,-0.02922968515782723,0.028423953425183293,-0.0714811705768202
us,midpoint,warm,211,601,0.0003915555532198415,-0.00042871023216198983,0.010022645915458811,-0.02922968515782723,0.514652029582427,-0.790162304669249
us,midpoint,warm,212,664,-0.00034082691344474933,0.0006257268678196877,0.010022645915458811,-0.02922968515782723,-0.44892676222153727,1.1540631303790012
us,midpoint,warm,213,675,-1.0495487088301239e-05,3.100406205890083e-05,0.010022645915458811,-0.02922968515782723,-0.01431729081648454,0.05748258917509836
us,midpoint,warm,214,732,5.524868304481942e-05,-0.0002506632937151129,0.010022645915458811,-0.02922968515782723,0.07218080397479743,-0.4618701890305794
us,midpoint,warm,215,531,-0.0016397552085335668,0.0017633817964350373,0.010022645915458811,-0.02922968515782723,-2.1578968894308637,3.2517298841003934
us,midpoint,warm,216,639,0.0004717923381415655,-0.00023421813934106778,0.010022645915458811,-0.02922968515782723,0.6202177248197995,-0.43154776636746445
us,midpoint,warm,217,956,-0.0005557209575090608,0.0001923902430703249,0.010022645915458811,-0.02922968515782723,-0.7316579208310287,0.35505474212112415
us,midpoint,warm,218,961,-8.040377567011467e-06,-9.40140738309031e-05,0.010022645915458811,-0.02922968515782723,-0.011087159602332709,-0.17303228899402043
us,midpoint,warm,219,721,-0.000743872905841594,-0.000512511007410673,0.010022645915458811,-0.02922968515782723,-0.9792051182339042,-0.9446784903365427
us,midpoint,warm,220,609,0.0010661534611656285,0.00010593513927366696,0.010022645915458811,-0.02922968515782723,1.4022050045358494,0.19564436876256183
us,midpoint,warm,221,694,-0.00017957447129710556,-0.00014373293577243235,0.010022645915458811,-0.02922968515782723,-0.2367706273434144,-0.2647064874739993
us,midpoint,warm,222,1041,-1.6921712675180625e-05,0.000415181565244057,0.010022645915458811,-0.02922968515782723,-0.022772128239157016,0.7658488570908325
us,midpoint,warm,223,681,0.00039682527065606175,0.00021878172465374102,0.010022645915458811,-0.02922968515782723,0.5215852757911553,0.40371671519090396
us,midpoint,warm,224,1082,5.769794474045492e-05,0.00036985295354466374,0.010022645915458811,-0.02922968515782723,0.07540324133903463,0.6822696281326354
us,midpoint,warm,225,808,-0.0001979627705002377,-0.000268408745971848,0.010022645915458811,-0.02922968515782723,-0.2609636903070564,-0.49459016790326726
us,midpoint,warm,226,744,0.0001465110817403751,-0.000515762029208798,0.010022645915458811,-0.02922968515782723,0.19225264604480757,-0.9506728917758708
us,midpoint,warm,227,708,0.0004356537965476675,5.554641714621347e-05,0.010022645915458811,-0.02922968515782723,0.5726710755872024,0.10273504756978895
us,midpoint,warm,228,758,0.00042799339803748296,-0.0001094414565852124,0.010022645915458811,-0.02922968515782723,0.5625924651928319,-0.20147809192306576
us,midpoint,warm,229,708,6.093379104659888e-05,-9.951814934597986e-05,0.010022645915458811,-0.02922968515782723,0.0796605700109476,-0.18318098692301446
us,midpoint,warm,230,801,0.00015358932217979585,0.00021449980343212285,0.010022645915458811,-0.02922968515782723,0.2015653244350708,0.39582148829677477
us,midpoint,warm,231,758,0.00018231631816893572,0.00016997233774081535,0.010022645915458811,-0.02922968515782723,0.23936077332591607,0.31371945361231357
us,midpoint,warm,232,618,6.959299091118497e-05,-0.0004866122678879106,0.010022645915458811,-0.02922968515782723,0.09105328040925392,-0.8969250604574927
us,midpoint,warm,233,616,0.00045944433176714657,0.0007557152916510684,0.010022645915458811,-0.02922968515782723,0.6039717364120797,1.3937424814556982
us,midpoint,warm,234,625,-9.244361489879963e-06,4.790398308824467e-05,0.010022645915458811,-0.02922968515782723,-0.01267121359946414,0.08864353402057852
us,midpoint,warm,235,632,0.00012708902362062145,0.0005784910952522961,0.010022645915458811,-0.02922968515782723,0.1666994902154377,1.0669673799816821
us,midpoint,warm,236,661,0.00025383346697925406,0.00011206459417258119,0.010022645915458811,-0.02922968515782723,0.3334542435829951,0.20694617341042298
us,midpoint,warm,237,648,-0.0010574684950847221,0.00037835838621402135,0.010022645915458811,-0.02922968515782723,-1.391795633097134,0.6979523829713477
us,midpoint,warm,238,758,-0.00043773166841629477,0.0001272393814314085,0.010022645915458811,-0.02922968515782723,-0.5764221228638942,0.2349262277546516
us,midpoint,warm,239,666,-0.0004811003420426025,-0.00011908273314061371,0.010022645915458811,-0.02922968515782723,-0.6334812907673719,-0.2192551742219258
us,midpoint,warm,240,664,0.0009698104126189475,-0.0004434894992362409,0.010022645915458811,-0.02922968515782723,1.275448668136774,-0.817413078525394
us,midpoint,warm,241,1041,-8.1420255339755e-05,1.4150263601193924e-05,0.010022645915458811,-0.02922968515782723,-0.10763137957662737,0.026406687502803134
us,midpoint,warm,242,649,0.00304349189101659,0.001255385876428733,0.010022645915458811,-0.02922968515782723,4.003743765970887,2.3150608418273593
us,midpoint,warm,243,661,9.056002540094692e-05,-0.00031933471922314036,0.010022645915458811,-0.02922968515782723,0.11863912616736846,-0.5884901003899655
us,midpoint,warm,244,526,-0.0012760731802326439,-9.501020160090912e-06,0.010022645915458811,-0.02922968515782723,-1.6794087969633145,-0.017202767685213925
us,midpoint,warm,245,666,0.00031681996051800485,-0.0001966450611280389,0.010022645915458811,-0.02922968515782723,0.41632412661070145,-0.36226858950988106
us,midpoint,warm,246,681,0.0005988744168349425,-0.0003982995986855954,0.010022645915458811,-0.02922968515782723,0.7874166972432897,-0.7340896123277493
us,midpoint,warm,247,1000,-0.0004262532559512894,-0.0009531333856216753,0.010022645915458811,-0.02922968515782723,-0.561320239192063,-1.7571207260888382
us,midpoint,warm,248,578,-0.0022696587123252863,-4.997743408353614e-05,0.010022645915458811,-0.02922968515782723,-2.9866464632716028,-0.09183526446560111
us,midpoint,warm,249,526,-0.00010852862243239392,-0.0003610922859151773,0.010022645915458811,-0.02922968515782723,-0.14329723560109445,-0.6654848526324583
us,midpoint,warm,250,687,0.0004466970166764634,-9.130220141334577e-05,0.010022645915458811,-0.02922968515782723,0.5872003866967264,-0.16803199895214657
us,midpoint,warm,251,744,0.0004060171702611505,0.00043756856715882267,0.010022645915458811,-0.02922968515782723,0.5336788470042836,0.8071271642918193
us,midpoint,warm,252,889,0.00032445810293777605,2.8421311230236723e-05,0.010022645915458811,-0.02922968515782723,0.42637345517803915,0.05272038016939479
us,midpoint,warm,253,796,0.0001391308402178583,5.7961078334257954e-05,0.010022645915458811,-0.02922968515782723,0.1825426317651443,0.10718732423845082
us,midpoint,warm,254,889,-0.0013542424742058277,-5.4972411780786906e-05,0.010022645915458811,-0.02922968515782723,-1.7822543418408172,-0.10104526161636755
us,midpoint,warm,255,830,-0.00031248645987262506,3.955221296649686e-05,0.010022645915458811,-0.02922968515782723,-0.41163987831158944,0.07324411010173094
us,midpoint,warm,256,732,0.00048520367628783825,-0.0002524880515141388,0.010022645915458811,-0.02922968515782723,0.6378627144197188,-0.4652347714468567
us,midpoint,warm,257,708,-0.0005336778011095344,-4.793583427843348e-05,0.010022645915458811,-0.02922968515782723,-0.7026562461899987,-0.08807085758980064
us,midpoint,warm,258,796,0.0009295518860657024,-0.0002693258603281602,0.010022645915458811,-0.02922968515782723,1.2224814493109997,-0.49628119059055803
us,midpoint,warm,259,633,0.0011640360968125825,0.0003569842612665061,0.010022645915458811,-0.02922968515782723,1.5309869403252465,0.6585416704920727
us,midpoint,warm,260,587,0.0002212858743486628,0.00042069231104317414,0.010022645915458811,-0.02922968515782723,0.2906321234332023,0.7760098540331015
us,midpoint,warm,261,1081,0.0004842648795765781,0.00035233692732631813,0.010022645915458811,-0.02922968515782723,0.6366275611467229,0.6499726768064051
us,midpoint,warm,262,1129,0.0005516173258231279,0.0003852816800494034,0.010022645915458811,-0.02922968515782723,0.7252416278854532,0.7107179087379357
us,midpoint,warm,263,462,-0.00032885962792746776,0.00027546009438810665,0.010022645915458811,-0.02922968515782723,-0.4331816795020785,0.5082232125974703
us,midpoint,warm,264,696,-0.0005667055739586122,-6.255920658319522e-05,0.010022645915458811,-0.02922968515782723,-0.7461101284256381,-0.11503418464040609
us,midpoint,warm,265,816,-0.0005183638338486524,-0.0005933846094824495,0.010022645915458811,-0.02922968515782723,-0.6825080111589654,-1.0937974033325395
us,midpoint,warm,266,758,0.00042930836857589527,0.00024281799886629457,0.010022645915458811,-0.02922968515782723,0.5643225417311625,0.4480360356023851
us,midpoint,warm,267,808,0.00015803761091522442,0.0003534725026565627,0.010022645915458811,-0.02922968515782723,0.2074178357667524,0.6520665090895382
us,midpoint,warm,268,867,-0.00038720023551704237,-0.00011563016981253754,0.010022645915458811,-0.02922968515782723,-0.5099390770819097,-0.21288916012902528
us,midpoint,warm,269,531,6.146533132218163e-05,-0.002043031872437512,0.010022645915458811,-0.02922968515782723,0.08035990534440218,-3.7667316926650054
us,midpoint,warm,270,639,0.00012788738432467292,8.407424265246405e-05,0.010022645915458811,-0.02922968515782723,0.1677498750589432,0.15533612159955743
us,midpoint,warm,271,1176,0.00017938798508556307,-0.00037503140180075376,0.010022645915458811,-0.02922968515782723,0.2355080327389844,-0.691186512453887
us,midpoint,warm,272,721,0.0005278828532122096,-0.0005915214887091923,0.010022645915458811,-0.02922968515782723,0.6940147273471491,-1.0903620852884413
us,midpoint,warm,273,889,0.0005886898000010288,0.0005091883649992815,0.010022645915458811,-0.02922968515782723,0.7740170307705214,0.9391834364173481
us,midpoint,warm,274,633,0.0003908176181522515,0.0002789147938050997,0.010022645915458811,-0.02922968515782723,0.5136811453611042,0.5145931653211376
us,midpoint,warm,275,700,-0.001165158213386053,0.00024801804841171476,0.010022645915458811,-0.02922968515782723,-1.5334805223095735,0.4576241547892884
us,midpoint,warm,276,666,-0.0011828862386444785,0.0003498668459639802,0.010022645915458811,-0.02922968515782723,-1.5568048780077375,0.6454182135658956
us,midpoint,warm,277,606,-0.0007668009203251457,0.0005552315420159354,0.010022645915458811,-0.02922968515782723,-1.009370980334809,1.0240802177120911
us,midpoint,warm,278,708,0.0004185037837822758,0.000237525542012465,0.010022645915458811,-0.02922968515782723,0.5501071976517319,0.43827753106068257
us,midpoint,warm,279,542,0.000960529331054125,-0.002392714348769292,0.010022645915458811,-0.02922968515782723,1.2632377622673394,-4.4114942533589705
us,midpoint,warm,280,606,-0.0020058735996265845,0.00019156554970720455,0.010022645915458811,-0.02922968515782723,-2.639590448471492,0.35353413002133943
us,midpoint,warm,281,758,-0.00011313656627842325,-5.442333176185199e-05,0.010022645915458811,-0.02922968515782723,-0.1493598014952216,-0.10003283959640202
us,midpoint,warm,282,427,0.0004764632763709902,-0.00013016224541021262,0.010022645915458811,-0.02922968515782723,0.6263631709774575,-0.23968414960875323
us,midpoint,warm,283,816,-0.00041515414236481356,0.0005054767580853353,0.010022645915458811,-0.02922968515782723,-0.5467173903438951,0.9323397844184564
us,midpoint,warm,284,700,0.00015464145647462943,0.0003011752580552307,0.010022645915458811,-0.02922968515782723,0.20294959336391116,0.5556381558585904
us,midpoint,warm,285,700,0.00043416811045562595,0.00023668550255856458,0.010022645915458811,-0.02922968515782723,0.5707163925155432,0.4367286230482979
us,midpoint,warm,286,648,0.0006896846283555476,7.840405631745484e-07,0.010022645915458811,-0.02922968515782723,0.9068936070319571,0.00176135702126305
us,midpoint,warm,287,686,0.0003800464805830666,-0.0001961046391505336,0.010022645915458811,-0.02922968515782723,0.4995098070267272,-0.3612721316326467
us,midpoint,warm,288,589,-0.0003723355241839737,-0.0005769290147871128,0.010022645915458811,-0.02922968515782723,-0.49038191775767825,-1.0634557302672853
us,midpoint,warm,289,876,0.00023143637249614137,0.00038175252814290697,0.010022645915458811,-0.02922968515782723,0.30398690073378326,0.7042106766793534
us,midpoint,warm,290,721,-0.001371818237157237,0.0004999888766845165,0.010022645915458811,-0.02922968515782723,-1.805378369518432,0.9222209460314292
us,midpoint,warm,291,496,0.0011122150996814417,0.0004856526103555643,0.010022645915458811,-0.02922968515782723,1.4628072444989542,0.895786999766774
us,midpoint,warm,292,1129,0.000743312020594071,0.00048768220711950874,0.010022645915458811,-0.02922968515782723,0.9774499354161249,0.8995292748170552
us,midpoint,warm,293,315,0.0012163619674445195,-0.0005725724203452069,0.010022645915458811,-0.02922968515782723,1.5998308866218245,-1.055422817043452
us,midpoint,warm,294,664,-0.0018792324901198993,-0.00017999309282097295,0.010022645915458811,-0.02922968515782723,-2.4729716490798204,-0.33156483266485204
us,midpoint,warm,295,1129,1.9332991382205872e-05,-3.1886720917289474e-05,0.010022645915458811,-0.02922968515782723,0.024927353278913794,-0.05847867574486072
us,midpoint,warm,296,856,-0.0012964138368736153,5.609430242925484e-05,0.010022645915458811,-0.02922968515782723,-1.7061705317709046,0.10374526667417758
us,midpoint,warm,297,507,-0.00040450692430905877,0.0007106265129229808,0.010022645915458811,-0.02922968515782723,-0.5327090900674549,1.3106054688828914
us,midpoint,warm,298,604,-0.0018875587217497825,0.0002900656157534577,0.010022645915458811,-0.02922968515782723,-2.483926280818536,0.5351536251665554
us,midpoint,warm,299,636,0.0010701223350250803,0.0004298866670434526,0.010022645915458811,-0.02922968515782723,1.4074267607252482,0.7929628811932238
us,midpoint,warm,300,681,0.0008516860463363644,-0.0003817033180371146,0.010022645915458811,-0.02922968515782723,1.1200351522131229,-0.7034885352558821
us,midpoint,warm,301,686,0.0002078200047489799,0.00010677144517309486,0.010022645915458811,-0.02922968515782723,0.2729153880523777,0.19718639265490864
us,midpoint,warm,302,816,0.0006057398316151388,-0.00017695279005714923,0.010022645915458811,-0.02922968515782723,0.7964493658013756,-0.3259589658343163
us,midpoint,warm,303,463,-0.0002933733738711992,5.0413475787030454e-05,0.010022645915458811,-0.02922968515782723,-0.38649323000258007,0.09327066591316081
us,midpoint,warm,304,996,0.00027899539517388904,-2.4007873519766437e-05,0.010022645915458811,-0.02922968515782723,0.36655921465045266,-0.04395125110341536
us,midpoint,warm,305,556,-0.0004554419876955339,-0.0001407197436071074,0.010022645915458811,-0.02922968515782723,-0.5997231832118709,-0.25915060856134087
us,midpoint,warm,306,816,0.0006052046064087442,0.00014637598856840142,0.010022645915458811,-0.02922968515782723,0.7957451822890783,0.2702112896487314
us,midpoint,warm,307,652,-0.0008021556027659003,-0.0003440211856969716,0.010022645915458811,-0.02922968515782723,-1.0558863240813936,-0.6340082787817564
us,midpoint,warm,308,664,-1.5523452199659588e-05,0.0005246905176186749,0.010022645915458811,-0.02922968515782723,-0.020932469043373952,0.967767103874751
us,midpoint,warm,309,609,-0.002493249892102046,0.0002941115754191634,0.010022645915458811,-0.02922968515782723,-3.2808202436032143,0.542613773990398
us,midpoint,warm,310,961,0.0007098383294366697,0.0008161353471632486,0.010022645915458811,-0.02922968515782723,0.9334093687029961,1.5051480918196063
us,midpoint,warm,311,664,0.0008401682415557377,0.0010510716444190257,0.010022645915458811,-0.02922968515782723,1.104881440976296,1.9383357373877255
us,midpoint,warm,312,673,-0.0005821343980434712,0.0007154803631308597,0.010022645915458811,-0.02922968515782723,-0.7664094779422247,1.3195552478998063
us,midpoint,warm,313,1000,0.00012498139221246707,0.0004227788488099654,0.010022645915458811,-0.02922968515782723,0.1639265279747024,0.7798571198372495
us,midpoint,warm,314,606,-0.0003690819008228142,-0.00010693343863132573,0.010022645915458811,-0.02922968515782723,-0.48610120022274167,-0.19685367924108704
us,midpoint,warm,315,666,0.0005397694517391815,3.497692532889937e-05,0.010022645915458811,-0.02922968515782723,0.7096536520464809,0.06480795909961481
us,midpoint,warm,316,463,-0.001043136869639874,-8.387201656588975e-05,0.010022645915458811,-0.02922968515782723,-1.3729398426334087,-0.1543318414294407
us,midpoint,warm,317,513,-0.0005647297880658417,-0.0001302816599317684,0.010022645915458811,-0.02922968515782723,-0.7435106323015849,-0.2399043322541921
us,midpoint,warm,318,661,-0.0008924033340901496,0.0005514086696990633,0.010022645915458811,-0.02922968515782723,-1.1746231915933987,1.0170314088324208
us,midpoint,warm,319,751,-0.0003987061584409847,0.0003874729106260362,0.010022645915458811,-0.02922968515782723,-0.5250771556327707,0.7147582125372036
us,midpoint,warm,320,758,0.00032301066727080316,-0.00014103844226298276,0.010022645915458811,-0.02922968515782723,0.42446909731219956,-0.25973824155801684
us,midpoint,warm,321,681,0.0009698661893756278,-0.0009721580970428433,0.010022645915458811,-0.02922968515782723,1.275522052334593,-1.792199468898751
us,midpoint,warm,322,604,0.001367449630441787,-0.00022626084965787774,0.010022645915458811,-0.02922968515782723,1.7986134550118253,-0.4168757057994382
us,midpoint,warm,323,1082,-0.00022539803653637107,0.00021872826403710952,0.010022645915458811,-0.02922968515782723,-0.2970596397640559,0.40361814175240285
us,midpoint,warm,324,721,0.00039617786647789914,0.00014906754790972032,0.010022645915458811,-0.02922968515782723,0.5207335009819579,0.27517412539438646
us,midpoint,warm,325,1128,-0.000497422579951088,0.0002665419595198962,0.010022645915458811,-0.02922968515782723,-0.6549560843339389,0.49177949618777006
us,midpoint,warm,326,825,-7.385515213175625e-05,0.0001695195512945863,0.010022645915458811,-0.02922968515782723,-0.09767814702283095,0.31288458264142405
us,midpoint,warm,327,990,0.0007931696561755894,0.0001998262019851059,0.010022645915458811,-0.02922968515782723,1.0430464815413116,0.3687655461665643
us,midpoint,warm,328,758,-2.048245721394601e-05,-0.0009576770263498534,0.010022645915458811,-0.02922968515782723,-0.027456918054254317,-1.765498524889353
us,midpoint,warm,329,816,0.0016885598600961584,0.00013973453044511044,0.010022645915458811,-0.02922968515782723,2.2210908096860673,0.2579654270843978
us,midpoint,warm,330,786,0.00012045390622702698,0.00018777273825340904,0.010022645915458811,-0.02922968515782723,0.15796981863999124,0.3465407489093322
us,midpoint,warm,331,632,-0.0004874369549801409,0.00033471712897852057,0.010022645915458811,-0.02922968515782723,-0.6418182268853128,0.6174843850829781
us,midpoint,warm,332,856,-0.0003048367755004288,-0.0003763821466355004,0.010022645915458811,-0.02922968515782723,-0.40157536426251367,-0.6936770853519955
us,midpoint,warm,333,889,-0.0002838076733336168,-4.472910892926174e-05,0.010022645915458811,-0.02922968515782723,-0.3739078574871244,-0.08215813222459677
us,midpoint,warm,334,640,-0.0005724268463310825,0.000177147601893312,0.010022645915458811,-0.02922968515782723,-0.7536374750937704,0.326949575227644
us,midpoint,warm,335,633,0.0005494422383016621,0.0005874083616840622,0.010022645915458811,-0.02922968515782723,0.7223799151856026,1.0834094951235365
us,midpoint,warm,336,744,0.0005939802412980016,-0.0001237935150120023,0.010022645915458811,-0.02922968515782723,0.7809775428869064,-0.22794115647110602
us,midpoint,warm,337,498,0.0005206852948330051,-0.0009641326458886823,0.010022645915458811,-0.02922968515782723,0.6845450650837179,-1.7774017286998067
us,midpoint,warm,338,540,-8.082789435805669e-05,-0.0009633145421915866,0.010022645915458811,-0.02922968515782723,-0.10685202383691922,-1.7758932669656473
us,midpoint,warm,339,848,-7.604565926404294e-06,0.00021078817457578433,0.010022645915458811,-0.02922968515782723,-0.010513772235452062,0.38897779583937
us,midpoint,warm,340,861,0.00020126142894750718,-1.5724450704218684e-05,0.010022645915458811,-0.02922968515782723,0.2642864204918639,-0.028677849468052973
us,midpoint,warm,341,1036,0.00020180502048882352,-0.0006015370948046841,0.010022645915458811,-0.02922968515782723,0.2650016113988799,-1.1088293756736316
us,midpoint,warm,342,708,0.00010323672281855982,-0.0003954995722869302,0.010022645915458811,-0.02922968515782723,0.13531756583203888,-0.7289267794350276
us,midpoint,warm,343,777,-0.00023918753574948132,0.00020868119932356682,0.010022645915458811,-0.02922968515782723,-0.31520216719492583,0.3850928463469349
us,midpoint,warm,344,1000,-0.0003252914422603344,-0.0003334599230204946,0.010022645915458811,-0.02922968515782723,-0.4284870995652772,-0.6145348786878208
us,midpoint,warm,345,825,-0.0005427441125732679,9.034429159086518e-05,0.010022645915458811,-0.02922968515782723,-0.7145845839697502,0.1668971607788964
us,midpoint,warm,346,724,0.00028377597972045233,-4.6194774308561115e-05,0.010022645915458811,-0.02922968515782723,0.37284891994947883,-0.084860601541878
us,midpoint,warm,347,732,0.0002476590526711564,-0.0003643355132559832,0.010022645915458811,-0.02922968515782723,0.32533070847682416,-0.671464882249918
us,midpoint,warm,348,664,-0.0005720617433595289,0.0004777255876572649,0.010022645915458811,-0.02922968515782723,-0.7531571174988981,0.881170747024428
us,midpoint,warm,349,882,-0.00013416220524734707,0.00013187112772038503,0.010022645915458811,-0.02922968515782723,-0.17702275182068364,0.2434664801261539
us,midpoint,warm,350,796,-0.0002867602118684677,-0.00047033675142158296,0.010022645915458811,-0.02922968515782723,-0.37779244463067385,-0.8669154249060399
us,midpoint,warm,351,596,0.0014572649671455318,-0.0002854454953318715,0.010022645915458811,-0.02922968515782723,1.916781430851825,-0.5260034038723689
us,midpoint,warm,352,531,-0.001270574810548387,-0.000636572123713687,0.010022645915458811,-0.02922968515782723,-1.6721747182429754,-1.1734287664990473
us,midpoint,warm,353,214,9.466260678545751e-05,0.0007024417699960962,0.010022645915458811,-0.02922968515782723,0.1240367982768164,1.2955140183088774
us,midpoint,warm,354,597,0.000378372772302904,-0.0001461887586153357,0.010022645915458811,-0.02922968515782723,0.4973077474801953,-0.26923466012197245
us,midpoint,warm,355,664,-0.0008247737056899223,-0.00033292780649217535,0.010022645915458811,-0.02922968515782723,-1.0856444426607235,-0.6135537348255783
us,midpoint,warm,356,777,-0.000571998106321055,-8.171994554676335e-05,0.010022645915458811,-0.02922968515782723,-0.7530733917088395,-0.15036374203926517
us,midpoint,warm,357,732,0.0008152290296743313,-1.3027032518819759e-06,0.010022645915458811,-0.02922968515782723,1.0720694926473444,-0.002086288705289074
us,midpoint,warm,358,541,-0.0009455321972457135,0.0008505868252916098,0.010022645915458811,-0.02922968515782723,-1.2445236167121252,1.5686715016591615
us,midpoint,warm,359,1176,0.0009824699973823448,-0.0031396187668053174,0.010022645915458811,-0.02922968515782723,1.2921045930752948,-5.788675089580292
us,midpoint,warm,360,588,0.0012955570914775331,-0.0005230316224940704,0.010022645915458811,-0.02922968515782723,1.704026092550265,-0.9640769423047529
us,midpoint,warm,361,721,-0.0006128555374933942,-0.0004597418529366411,0.010022645915458811,-0.02922968515782723,-0.8068285755877652,-0.8473800053760024
us,midpoint,warm,362,848,-0.0003087234641284027,0.0004158163733813357,0.010022645915458811,-0.02922968515782723,-0.40668899123028823,0.7670193490309343
us,midpoint,warm,363,661,0.00013078830686853206,-0.00019326359078185654,0.010022645915458811,-0.02922968515782723,0.17156655222853584,-0.3560336603187293
us,midpoint,warm,364,632,0.0001883730549457202,0.0004212627494878593,0.010022645915458811,-0.02922968515782723,0.24732948280667075,0.7770616578185578
us,midpoint,warm,365,596,0.001051050445137475,-0.0003624182689453623,0.010022645915458811,-0.02922968515782723,1.3823343131971,-0.6679297684399282
us,midpoint,warm,366,556,-0.0011640202149531508,-0.001765577543707212,0.010022645915458811,-0.02922968515782723,-1.5319832839061955,-3.2551471107197556
us,midpoint,warm,367,649,-6.286755232474094e-05,0.0005275861512787916,0.010022645915458811,-0.02922968515782723,-0.08322201429332092,0.9731062223605085
us,midpoint,warm,368,666,-0.0006350301100041707,-0.0003286670095773714,0.010022645915458811,-0.02922968515782723,-0.8360031513883199,-0.605697458016387
us,midpoint,warm,369,876,9.869823486712004e-06,0.00013386816283939354,0.010022645915458811,-0.02922968515782723,0.012476880605932605,0.24714871633837407
us,midpoint,warm,370,739,-0.00040101258804234666,0.00035780678197231894,0.010022645915458811,-0.02922968515782723,-0.5281116720907938,0.6600582765344083
us,midpoint,warm,371,606,0.0015787036255311762,-2.986455604733762e-05,0.010022645915458811,-0.02922968515782723,2.0765554847808403,-0.05475010400351195
us,midpoint,warm,372,601,7.661872051862098e-05,0.00038786677593983035,0.010022645915458811,-0.02922968515782723,0.10029687150381643,0.715484441689303
us,midpoint,warm,373,616,0.00029409813211376916,-0.0001300085697388438,0.010022645915458811,-0.02922968515782723,0.38642953879917025,-0.2394007944906257
us,midpoint,warm,374,571,0.0008230682226714591,-0.00032736881188759684,0.010022645915458811,-0.02922968515782723,1.0823833388420674,-0.6033037742506845
us,midpoint,warm,375,996,-0.0004874717186082022,-0.00015003811625561095,0.010022645915458811,-0.02922968515782723,-0.6418639645923861,-0.2763323040050931
us,midpoint,warm,376,604,0.0003858557126971921,0.0004649749233939342,0.010022645915458811,-0.02922968515782723,0.5071528803069091,0.8576604155167837
us,midpoint,warm,377,604,7.26804219725978e-05,-0.00036756702683845427,0.010022645915458811,-0.02922968515782723,0.09511534255211604,-0.6774233134364281
us,midpoint,warm,378,909,0.0002519322072526472,-0.000634596879777731,0.010022645915458811,-0.02922968515782723,0.3309527998242269,-1.1697867099925214
us,midpoint,warm,379,673,-0.000421069167380524,0.00011118554117779678,0.010022645915458811,-0.02922968515782723,-0.5544996529150972,0.2053253302219152
us,midpoint,warm,380,604,0.000508012627582417,0.0010267706629583304,0.010022645915458811,-0.02922968515782723,0.6678719278172469,1.8935283361180424
us,midpoint,warm,381,786,-0.00022263349476355984,8.417369011493384e-05,0.010022645915458811,-0.02922968515782723,-0.2934223956428678,0.1555194879530252
us,midpoint,warm,382,627,-0.0010990205519929436,-0.0001356834311415367,0.010022645915458811,-0.02922968515782723,-1.4464647201042784,-0.24986439623574716
us,midpoint,warm,383,549,-0.0003955297704885813,0.00021469528717291825,0.010022645915458811,-0.02922968515782723,-0.5208980549513786,0.39618193128668794
us,midpoint,warm,384,570,0.00023770036975362743,0.0006775592101731891,0.010022645915458811,-0.02922968515782723,0.3122282980691403,1.2496342729000272
us,midpoint,warm,385,649,0.0008922162065174467,-0.0002990531820649088,0.010022645915458811,-0.02922968515782723,1.1733597531648192,-0.5510939575516728
us,midpoint,warm,386,616,0.000905399435440081,-0.0006766949575499545,0.010022645915458811,-0.02922968515782723,1.1907046246978576,-1.2474093141031113
us,midpoint,warm,387,731,2.4403137437650768e-05,0.00017927979205235867,0.010022645915458811,-0.02922968515782723,0.03159802800522812,0.3308810172640159
us,midpoint,warm,388,1000,0.0006485347245337603,0.000180066785628423,0.010022645915458811,-0.02922968515782723,0.8527536236049561,0.33233211655465206
us,midpoint,warm,389,742,2.8074580487839548e-05,0.0005204867298714555,0.010022645915458811,-0.02922968515782723,0.03642846130954989,0.9600159435050806
us,midpoint,warm,390,889,0.0007098558351320405,0.0003279941611742214,0.010022645915458811,-0.02922968515782723,0.9334324005443669,0.6050882307705435
us,midpoint,warm,391,618,-0.0015611312888977966,0.0009526205776387922,0.010022645915458811,-0.02922968515782723,-2.054453204009837,1.7568065896129648
us,midpoint,warm,392,952,0.0002599024887450542,0.0003332379288256415,0.010022645915458811,-0.02922968515782723,0.3414391161416658,0.6147569596530452
us,midpoint,warm,393,796,0.00016964709315119703,-7.779119405006488e-05,0.010022645915458811,-0.02922968515782723,0.22269216492615215,-0.14311970767439147
us,midpoint,warm,394,648,-0.0017230160151585315,0.001174437004045157,0.010022645915458811,-0.02922968515782723,-2.2674412205747836,2.1658031415535755
us,midpoint,warm,395,577,0.00017537567592316138,0.00024918335806432823,0.010022645915458811,-0.02922968515782723,0.23022912971901138,0.4597728127475087
us,midpoint,warm,396,649,-0.00015669718991187,-0.0003518110237233883,0.010022645915458811,-0.02922968515782723,-0.20667151361484923,-0.6483715833602168
us,midpoint,warm,397,848,-0.0006346808346911776,0.00010002143224382976,0.010022645915458811,-0.02922968515782723,-0.8355436178803244,0.18474037114806882
us,midpoint,warm,398,856,-0.001105700644827956,-0.0009079462291505767,0.010022645915458811,-0.02922968515782723,-1.4552535648351115,-1.6738023195663991
us,midpoint,warm,399,744,-0.00011006091804998015,0.00029490385049349074,0.010022645915458811,-0.02922968515782723,-0.1453132417550982,0.5440746115795616
us,midpoint,warm,400,889,-0.00028636407739327137,4.8569023226981145e-05,0.010022645915458811,-0.02922968515782723,-0.3772712595991152,0.0898697692821052
us,midpoint,warm,401,666,-0.0005195097781381247,0.0002567632355301337,0.010022645915458811,-0.02922968515782723,-0.6840157037433512,0.47374898123003284
us,midpoint,warm,402,648,-0.0018148000742691968,-0.000496550957478567,0.010022645915458811,-0.02922968515782723,-2.388199399272721,-0.9152505282293866
us,midpoint,warm,403,711,-0.0009467312097522183,0.0006006037282150455,0.010022645915458811,-0.02922968515782723,-1.2461011299309184,1.1077397915772251
us,midpoint,warm,404,801,-0.00041770801289685126,-0.00032412587626949943,0.010022645915458811,-0.02922968515782723,-0.5500774591517843,-0.5973242825265802
us,midpoint,warm,405,639,0.0005359936326533397,-0.00014392821006522366,0.010022645915458811,-0.02922968515782723,0.7046858935891064,-0.26506654427289467
us,midpoint,warm,406,889,-0.00017483491277267907,0.0006101806282631621,0.010022645915458811,-0.02922968515782723,-0.23053489903952726,1.1253981731561613
us,midpoint,warm,407,1041,-2.679739523039383e-05,9.85786963069897e-05,0.010022645915458811,-0.02922968515782723,-0.03576533697629336,0.1820801803178037
us,midpoint,warm,408,685,0.0009911918312601083,-0.0006193598848167753,0.010022645915458811,-0.02922968515782723,1.3035797096063124,-1.1416919538830228
us,midpoint,warm,409,588,0.0004953589212374487,-0.0009285832769985181,0.010022645915458811,-0.02922968515782723,0.6512237369788517,-1.7118539713254017
us,midpoint,warm,410,681,0.0002006741981972187,-0.0010198371381552017,0.010022645915458811,-0.02922968515782723,0.26351381447980293,-1.8801125406703807
us,midpoint,warm,411,848,-4.3673289646054686e-05,-9.589446795372006e-05,0.010022645915458811,-0.02922968515782723,-0.05796856369430942,-0.17649945652972218
us,midpoint,warm,412,601,0.0015981792680663347,-0.0009289002409617539,0.010022645915458811,-0.02922968515782723,2.102179140394961,-1.7124384058064415
us,midpoint,warm,413,664,-0.0006257420682329352,0.0007449540295837304,0.010022645915458811,-0.02922968515782723,-0.8237830881351529,1.3739003121836741
us,midpoint,warm,414,606,-0.0012524547774948758,-0.00021081062980016912,0.010022645915458811,-0.02922968515782723,-1.6483346068915026,-0.38838779464289164
us,midpoint,critical,0,542,0.0012434316616532284,-0.00014528493989126798,0.007814010062649,-0.01930778653227469,1.5166431255769883,-0.26533407922826785
us,midpoint,critical,1,578,-0.0006827082133393364,0.0005221083143389336,0.007814010062649,-0.01930778653227469,-0.8329664039637845,0.954521226314481
us,midpoint,critical,2,632,-0.0014628037815289218,-0.0006169817163754927,0.007814010062649,-0.01930778653227469,-1.7845691430835742,-1.1274971468867585
us,midpoint,critical,3,480,-0.00029237021792081694,-0.0002743334365331515,0.007814010062649,-0.01930778653227469,-0.3568110189449597,-0.5012077448716109
us,midpoint,critical,4,450,0.0002723764073298829,-8.39681399547633e-05,0.007814010062649,-0.01930778653227469,0.3320974397256019,-0.1532597913217724
us,midpoint,critical,5,568,-0.0011756446102276462,0.0005083738266356726,0.007814010062649,-0.01930778653227469,-1.4342768646543593,0.9294174549060338
us,midpoint,critical,7,696,-0.00011702783675171698,-0.00011779113753586021,0.007814010062649,-0.01930778653227469,-0.1429189049421393,-0.21508115794054444
us,midpoint,critical,8,991,-0.0005460208880156293,-0.00038286101867461564,0.007814010062649,-0.01930778653227469,-0.6662278164303834,-0.6995734700776487
us,midpoint,critical,9,549,-0.00126157380563734,-0.000560339796615586,0.007814010062649,-0.01930778653227469,-1.539097941784683,-1.0239675623467621
us,midpoint,critical,10,673,4.5162911191490816e-05,-0.0008576808887932087,0.007814010062649,-0.01930778653227469,0.05493013599118213,-1.5674448998081913
us,midpoint,critical,11,541,0.0018013661403959045,-0.0005012302873081582,0.007814010062649,-0.01930778653227469,2.1972417597328886,-0.9159277401285064
us,midpoint,critical,12,758,-0.00016710019446396045,0.0007022885461223753,0.007814010062649,-0.01930778653227469,-0.2039998733467396,1.2838530112880535
us,midpoint,critical,13,786,-0.0005254457235454053,-8.481501684981865e-05,0.007814010062649,-0.01930778653227469,-0.6411291186988421,-0.1548077051896859
us,midpoint,critical,14,996,-0.00010666154080233442,7.898609301846757e-05,0.007814010062649,-0.01930778653227469,-0.13027353683313672,0.14458647007373177
us,midpoint,critical,15,496,-0.001270159065662975,-0.0014992330705157313,0.007814010062649,-0.01930778653227469,-1.549570706006905,-2.740068128611168
us,midpoint,critical,16,343,0.0007787612316426228,0.00127499281696411,0.007814010062649,-0.01930778653227469,0.9498130190911123,2.330636656260752
us,midpoint,critical,17,648,0.0006423768242768213,-0.00030176510513494487,0.007814010062649,-0.01930778653227469,0.7834439472558204,-0.5513470986509434
us,midpoint,critical,18,609,-0.000536634179102019,7.931112668196905e-06,0.007814010062649,-0.01930778653227469,-0.6547774015353961,0.01471282478870419
us,midpoint,critical,19,531,0.000995894543411621,-0.00029678196914600247,0.007814010062649,-0.01930778653227469,1.2146839690864522,-0.5422389681209699
us,midpoint,critical,20,1000,-0.0005643485271208514,0.00024378668808271511,0.007814010062649,-0.01930778653227469,-0.6885848612404236,0.4458074952661484
us,midpoint,critical,21,786,0.00041346604811007097,-9.796862379711849e-05,0.007814010062649,-0.01930778653227469,0.5042062096029163,-0.17884974804820294
us,midpoint,critical,22,585,0.001081905610592162,0.00042917501780438336,0.007814010062649,-0.01930778653227469,1.3196049178281166,0.7846585941696465
us,midpoint,critical,23,649,-0.0010553701303089545,0.00040438419858978766,0.007814010062649,-0.01930778653227469,-1.287559553078735,0.7393461608239467
us,midpoint,critical,24,748,7.18362746935531e-05,-0.00014713200734332507,0.007814010062649,-0.01930778653227469,0.08746774651627054,-0.26871013227765933
us,midpoint,critical,25,609,-0.0012137745789535057,0.00115572254179315,0.007814010062649,-0.01930778653227469,-1.4807898614738229,2.1126355346751646
us,midpoint,critical,26,1081,0.0002186127091074984,-0.0003987243581434069,0.007814010062649,-0.01930778653227469,0.2665135746456287,-0.7285683373346619
us,midpoint,critical,28,786,-0.0005168306661649195,0.00031342080307389386,0.007814010062649,-0.01930778653227469,-0.6306200060525925,0.5730840958016761
us,midpoint,critical,29,864,-0.0002172196393628919,-0.00010048182821115192,0.007814010062649,-0.01930778653227469,-0.2651382812467773,-0.18344336016360901
us,midpoint,critical,30,686,-0.00024725060229570557,-0.00041217190025638964,0.007814010062649,-0.01930778653227469,-0.3017716730395188,-0.7531476322092446
us,midpoint,critical,31,1000,0.00042059513214499737,1.8443237072094526e-05,0.007814010062649,-0.01930778653227469,0.5129026516437233,0.03392678993645024
us,midpoint,critical,32,650,4.547431863998266e-06,0.0001035972732567475,0.007814010062649,-0.01930778653227469,0.005385178995205323,0.18957056093626723
us,midpoint,critical,33,601,0.001802774687360919,-0.00017479847598839138,0.007814010062649,-0.01930778653227469,2.1989599814543594,-0.31927865143544404
us,midpoint,critical,34,777,-0.000520438437704657,3.047567128097034e-05,0.007814010062649,-0.01930778653227469,-0.6350209607808706,0.05591956348526478
us,midpoint,critical,35,535,-0.0014409023542179093,0.0011572255790959184,0.007814010062649,-0.01930778653227469,-1.7578525982528421,2.115382772554165
us,midpoint,critical,36,841,-0.0002043833771689825,-0.0003192029326612028,0.007814010062649,-0.01930778653227469,-0.2494799148082496,-0.5832198008249873
us,midpoint,critical,37,421,0.0009548736605081284,-0.00024670037801083344,0.007814010062649,-0.01930778653227469,1.1646444788959516,-0.4507002924315896
us,midpoint,critical,38,594,0.00011120426083175653,-0.00036846407226208064,0.007814010062649,-0.01930778653227469,0.13549094389154367,-0.6732588626799422
us,midpoint,critical,39,681,-0.0002276021920184293,-0.0005251238523043822,0.007814010062649,-0.01930778653227469,-0.27780348016464074,-0.9596001803940186
us,midpoint,critical,40,661,6.490364327953538e-05,-0.00015750009087623848,0.007814010062649,-0.01930778653227469,0.0790109480009329,-0.2876608208346227
us,midpoint,critical,41,649,-0.0007956817335189152,-0.00036916151130153216,0.007814010062649,-0.01930778653227469,-0.9707776102245603,-0.6745336353977889
us,midpoint,critical,42,664,0.00015937248370646688,-0.0002947931939634267,0.007814010062649,-0.01930778653227469,0.19424914570069327,-0.5386039029736678
us,midpoint,critical,43,567,0.00014553337219324388,0.0001373889500429111,0.007814010062649,-0.01930778653227469,0.17736744945733415,0.25133467969160783
us,midpoint,critical,44,816,-0.0006227746722240555,6.682420768054295e-05,0.007814010062649,-0.01930778653227469,-0.7598562310361142,0.12235708693143127
us,midpoint,critical,45,748,-0.0009299150884177713,-8.606813186369175e-05,0.007814010062649,-0.01930778653227469,-1.1345227119938688,-0.15709813738755332
us,midpoint,critical,46,1176,-5.7351135010607485e-06,0.0004856927423494903,0.007814010062649,-0.01930778653227469,-0.007158025624226186,0.8879611758283036
us,midpoint,critical,47,762,-0.00013472191244477856,0.0005497686751234007,0.007814010062649,-0.01930778653227469,-0.16450309485721162,1.005078581580347
us,midpoint,critical,48,673,0.0008322476624113267,0.00040055890337980377,0.007814010062649,-0.01930778653227469,1.0150586583444685,0.7323543211138669
us,midpoint,critical,49,889,0.0005595225041197275,-0.00030123845495756,0.007814010062649,-0.01930778653227469,0.6823737691590811,-0.5503844922581219
us,midpoint,critical,50,648,-0.00048073762611946895,4.666577582426029e-05,0.007814010062649,-0.01930778653227469,-0.5865917649357761,0.08551168896637108
us,midpoint,critical,51,616,-0.0005485727464685612,-5.291607264908127e-05,0.007814010062649,-0.01930778653227469,-0.6693407113020869,-0.09650310579818563
us,midpoint,critical,52,664,0.0006690579209248726,0.0006207031872223732,0.007814010062649,-0.01930778653227469,0.8159909910903715,1.1347320360939455
us,midpoint,critical,53,562,0.000764067106089652,0.0001631974644666287,0.007814010062649,-0.01930778653227469,0.9318883305075991,0.29850724706234316
us,midpoint,critical,54,796,-7.4180031288898635e-06,0.0005174567114145205,0.007814010062649,-0.01930778653227469,-0.009210905354327758,0.9460190688973095
us,midpoint,critical,55,601,3.5097778888196554e-05,-0.00017963187280008522,0.007814010062649,-0.01930778653227469,0.042652143575911586,-0.32811309006239553
us,midpoint,critical,56,666,0.0003023601596754428,-0.0004334985519856907,0.007814010062649,-0.01930778653227469,0.36867324149222597,-0.7921282918076962
us,midpoint,critical,57,1000,-0.0001948032158172186,4.774553133178594e-05,0.007814010062649,-0.01930778653227469,-0.23779351617288075,0.08748525623903317
us,midpoint,critical,58,510,0.0009595603027913006,-0.0006437473164805745,0.007814010062649,-0.01930778653227469,1.1703614984712474,-1.176419066740263
us,midpoint,critical,59,541,-0.000569700053847301,-0.0011542941832395105,0.007814010062649,-0.01930778653227469,-0.6951129427973805,-2.109591975211551
us,midpoint,critical,60,632,-0.00048596748732383267,0.0007303185065100602,0.007814010062649,-0.01930778653227469,-0.5929714323127344,1.3350859173390885
us,midpoint,critical,61,952,0.00027094277454691937,-0.0003559373745866852,0.007814010062649,-0.01930778653227469,0.33034861696747997,-0.6503626788731601
us,midpoint,critical,62,1000,-0.0003313894414432722,0.00043274056054898313,0.007814010062649,-0.01930778653227469,-0.40440877683053184,0.7911756606916273
us,midpoint,critical,63,713,-8.504929937572583e-05,-0.0004572419171934225,0.007814010062649,-0.01930778653227469,-0.10390975657502259,-0.8355261982691548
us,midpoint,critical,64,681,0.00037830378587439244,0.00013739916313948441,0.007814010062649,-0.01930778653227469,0.46131338156804635,0.25135334709641305
us,midpoint,critical,65,721,-0.00026400143338450865,-0.0001586934029407898,0.007814010062649,-0.01930778653227469,-0.32220524220288577,-0.2898419457469356
us,midpoint,critical,66,380,0.0007034898414932239,-0.0006281032207851034,0.007814010062649,-0.01930778653227469,0.8579929088836478,-1.147824931253307
us,midpoint,critical,67,918,1.5118988252305239e-05,-0.0002898745210946768,0.007814010062649,-0.01930778653227469,0.018280934882165287,-0.5296135975470803
us,midpoint,critical,68,961,-0.0007517451708981878,-0.00013922982339859002,0.007814010062649,-0.01930778653227469,-0.9171814163192114,-0.2542665925066762
us,midpoint,critical,69,664,-0.00042883479886481404,0.0007776848981899606,0.007814010062649,-0.01930778653227469,-0.5232778908444065,1.4216617762182562
us,midpoint,critical,70,731,4.114917649773557e-05,-0.00017187339568899493,0.007814010062649,-0.01930778653227469,0.05003396546486864,-0.3139322163317914
us,midpoint,critical,71,700,-0.0005784308649263836,-1.5987601896381987e-05,0.007814010062649,-0.01930778653227469,-0.7057632580617959,-0.02900558362856179
us,midpoint,critical,72,490,0.000888129906606909,-0.0005534287409790506,0.007814010062649,-0.01930778653227469,1.083226840312339,-1.011335597861516
us,midpoint,critical,73,623,-0.00015750973600936122,-4.92779742005886e-06,0.007814010062649,-0.01930778653227469,-0.1923009137487622,-0.008790573837565789
us,midpoint,critical,74,796,-0.0007215097622744002,0.00029198011273113764,0.007814010062649,-0.01930778653227469,-0.8802986306221006,0.5338949974652267
us,midpoint,critical,75,758,0.000450810115541489,-0.00031281003194885346,0.007814010062649,-0.01930778653227469,0.5497605215445719,-0.5715349151862159
us,midpoint,critical,76,796,-0.0002928663861916838,-0.00017892247075184872,0.007814010062649,-0.01930778653227469,-0.35741627182021574,-0.3268164514661569
us,midpoint,critical,77,461,0.001996959037839489,0.0014946594029575239,0.007814010062649,-0.01930778653227469,2.4358365480504873,2.7321412394672544
us,midpoint,critical,78,1225,0.0003434256775454985,0.00027240764531405795,0.007814010062649,-0.01930778653227469,0.41876717982751027,0.4981206199599786
us,midpoint,critical,79,648,-0.0003647042975485921,0.0004994354558057329,0.007814010062649,-0.01930778653227469,-0.4450480390132128,0.9130799821930574
us,midpoint,critical,80,387,-0.00011344230236613566,0.0005505328316110711,0.007814010062649,-0.01930778653227469,-0.13854507629644422,1.0064752998417936
us,midpoint,critical,81,570,-0.0008400166509059375,3.47410298568579e-05,0.007814010062649,-0.01930778653227469,-1.0248597388053584,0.0637157470035417
us,midpoint,critical,82,721,0.0009245092192307017,-0.0006108589801062242,0.007814010062649,-0.01930778653227469,1.1276042921935718,-1.1163060653539956
us,midpoint,critical,83,700,-0.00012004561310801666,-0.0005668542662038145,0.007814010062649,-0.01930778653227469,-0.1466001516557571,-1.0358746504685377
us,midpoint,critical,84,835,-0.00038087693658709135,0.00020697056732504535,0.007814010062649,-0.01930778653227469,-0.4647762982616891,0.3785153253931589
us,midpoint,critical,85,889,4.2323181359740954e-05,0.00014561690836865232,0.007814010062649,-0.01930778653227469,0.051466080051824944,0.26637366690615055
us,midpoint,critical,86,556,-0.002586913251423552,0.000383634444918117,0.007814010062649,-0.01930778653227469,-3.155818633841167,0.7014199502357259
us,midpoint,critical,87,616,0.0011109728468151484,0.0006560128290332805,0.007814010062649,-0.01930778653227469,1.355062703689699,1.199270677482419
us,midpoint,critical,88,651,0.00023132490859349014,-0.00023359273618909354,0.007814010062649,-0.01930778653227469,0.28202060268730966,-0.4267422642105128
us,midpoint,critical,89,924,-0.00041542779239679174,8.988982548267452e-05,0.007814010062649,-0.01930778653227469,-0.5069232996909465,0.16451621286387044
us,midpoint,critical,90,702,1.5854911330415687e-05,-3.1206737687302505e-05,0.007814010062649,-0.01930778653227469,0.019178653630313815,-0.056822981276285565
us,midpoint,critical,91,582,-0.00035123998343284703,-0.00028188301370872873,0.007814010062649,-0.01930778653227469,-0.42862354089351784,-0.5150067932045983
us,midpoint,critical,92,556,-0.0002684090860096324,-0.0001371658575528116,0.007814010062649,-0.01930778653227469,-0.3275819351135894,-0.2504940945506759
us,midpoint,critical,93,1225,0.00029091763049719343,-0.00013600485701224796,0.007814010062649,-0.01930778653227469,0.35471502591903614,-0.24837202834732758
us,midpoint,critical,94,601,-0.0011718766261371392,0.00029482217461518356,0.007814010062649,-0.01930778653227469,-1.4296804739969844,0.53908969226617
us,midpoint,critical,95,520,0.00018173570505432453,-0.0006264970231087061,0.007814010062649,-0.01930778653227469,0.2215290118580557,-1.1448891377838875
us,midpoint,critical,96,343,0.0014683867818733902,-0.0001600096495366285,0.007814010062649,-0.01930778653227469,1.7910555402985946,-0.2922477692747572
us,midpoint,critical,97,606,0.000148256370130136,-0.00020297289798213575,0.007814010062649,-0.01930778653227469,0.18068910952185374,-0.3707756030929966
us,midpoint,critical,99,618,-0.00016153757176060046,7.929089314899496e-06,0.007814010062649,-0.01930778653227469,-0.19721428550717268,0.01470912652199384
us,midpoint,critical,100,587,-0.0005124405233859017,-6.898909520675761e-06,0.007814010062649,-0.01930778653227469,-0.6252646725985959,-0.012393354564695633
us,midpoint,critical,101,618,-0.00020397838295661136,-0.0006885723238797131,0.007814010062649,-0.01930778653227469,-0.248985880977607,-1.258349806600531
us,midpoint,critical,102,514,-0.0008287146156187569,0.00022210496067847502,0.007814010062649,-0.01930778653227469,-1.011072905274347,0.4061778315862229
us,midpoint,critical,103,650,-8.88736622151002e-05,-0.00025836719163345803,0.007814010062649,-0.01930778653227469,-0.10857492107760074,-0.4720247880061704
us,midpoint,critical,104,609,0.0001456932330586979,0.0007197093840166438,0.007814010062649,-0.01930778653227469,0.1775624563816744,1.3156946599676393
us,midpoint,critical,105,478,0.001972973842010289,0.0006579128948927919,0.007814010062649,-0.01930778653227469,2.40657810975124,1.2027436005377756
us,midpoint,critical,106,578,0.0008584177531374927,-0.0007033681637140902,0.007814010062649,-0.01930778653227469,1.0469823495350594,-1.28539350775802
us,midpoint,critical,107,529,-0.00033315774968303326,4.896805749243782e-05,0.007814010062649,-0.01930778653227469,-0.40656585480044,0.08971977840985752
us,midpoint,critical,108,490,0.00021669538228303448,-5.59287459583474e-05,0.007814010062649,-0.01930778653227469,0.26417471575147805,-0.1020096426067038
us,midpoint,critical,109,358,-0.0009244944193110456,-7.389882375744353e-05,0.007814010062649,-0.01930778653227469,-1.127910286824228,-0.13485518697698337
us,midpoint,critical,110,721,-0.0001432568990111134,-0.00024040192918581976,0.007814010062649,-0.01930778653227469,-0.17491453279644242,-0.43918804509138454
us,midpoint,critical,111,564,0.0001329153893914201,-0.0005755760150966578,0.007814010062649,-0.01930778653227469,0.16197535201951896,-1.0518161835798039
us,midpoint,critical,112,769,-3.2850552252735796e-05,0.0006113823729070426,0.007814010062649,-0.01930778653227469,-0.04023490343345631,1.11769553666506
us,midpoint,critical,113,769,-0.00015142024677643022,6.53796167677835e-05,0.007814010062649,-0.01930778653227469,-0.18487262563869658,0.11971667683124074
us,midpoint,critical,114,649,0.0002559702380867824,0.0001688594289689302,0.007814010062649,-0.01930778653227469,0.31208430771098306,0.30885613416024127
us,midpoint,critical,115,504,-0.0010403298334747055,0.0014296041024719382,0.007814010062649,-0.01930778653227469,-1.2692125860553718,2.6132337543405817
us,midpoint,critical,116,597,-6.283562564407194e-05,-0.0002286101879547947,0.007814010062649,-0.01930778653227469,-0.07681231668312222,-0.4176352079731184
us,midpoint,critical,117,531,-0.0014457532417487193,-0.0004901930993784706,0.007814010062649,-0.01930778653227469,-1.7637699730588465,-0.8957540686552585
us,midpoint,critical,118,601,-1.630363250532986e-05,2.5506187535488667e-06,0.007814010062649,-0.01930778653227469,-0.020050076345962748,0.004878407064787572
us,midpoint,critical,119,639,-0.0002272983417944737,-0.0003644753366945225,0.007814010062649,-0.01930778653227469,-0.27743282723801366,-0.665968288174353
us,midpoint,critical,120,1038,-0.00014515626312292147,-5.081746955006017e-05,0.007814010062649,-0.01930778653227469,-0.17723147980279066,-0.09266729818649178
us,midpoint,critical,121,889,-0.00014846520079254098,0.00037754086885353685,0.007814010062649,-0.01930778653227469,-0.18126790082399216,0.6902821674592424
us,midpoint,critical,122,848,0.0011362975289740023,0.0001484913629360117,0.007814010062649,-0.01930778653227469,1.3859551198145996,0.2716275687583342
us,midpoint,critical,123,504,-3.257691474569356e-05,-0.00025982085515540224,0.007814010062649,-0.01930778653227469,-0.03990110561195142,-0.47468178093871505
us,midpoint,critical,124,514,0.000313141441585979,0.00023712510016258778,0.007814010062649,-0.01930778653227469,0.3818248319071013,0.43363150559858743
us,midpoint,critical,125,578,-0.0013192518088183617,0.0007507208532463727,0.007814010062649,-0.01930778653227469,-1.6094566876257839,1.3723771406981264
us,midpoint,critical,126,559,0.0003520746343009208,0.0005677746915167051,0.007814010062649,-0.01930778653227469,0.42931764476360673,1.0379898141854729
us,midpoint,critical,127,478,-0.0012496793943684859,0.0011263927710159494,0.007814010062649,-0.01930778653227469,-1.5245884960126388,2.059026847044378
us,midpoint,critical,128,913,-0.0003901486095292672,0.0002455856331953221,0.007814010062649,-0.01930778653227469,-0.47608638606089726,0.4490955907422182
us,midpoint,critical,129,673,0.000274624912953313,0.000914780081850048,0.007814010062649,-0.01930778653227469,0.3348402884193178,1.6722431030328526
us,midpoint,critical,130,514,5.329748050527262e-05,0.00042999160786611965,0.007814010062649,-0.01930778653227469,0.06485312332274622,0.7861511500397406
us,midpoint,critical,131,993,0.0008709524107147872,-0.00016160428479222722,0.007814010062649,-0.01930778653227469,1.0622728023601717,-0.29516242905685425
us,midpoint,critical,132,739,-0.000778003996993985,0.00010931801425839369,0.007814010062649,-0.01930778653227469,-0.9492133517099249,0.20002687918380974
us,midpoint,critical,133,708,0.0010246980769408947,0.0004767226362344078,0.007814010062649,-0.01930778653227469,1.249820076148817,0.8715656976504697
us,midpoint,critical,134,1000,-0.0005361936021887042,-0.000336418108356433,0.007814010062649,-0.01930778653227469,-0.6542399620028574,-0.6146855420121669
us,midpoint,critical,135,816,9.638549806497386e-05,0.0005415956582994069,0.007814010062649,-0.01930778653227469,0.11741421609784128,0.9901400159418036
us,midpoint,critical,136,589,0.0003626105098478343,0.0005993561711601716,0.007814010062649,-0.01930778653227469,0.44216987523164536,1.0957141547534774
us,midpoint,critical,137,721,-0.00023764656256275614,0.0001684843488493036,0.007814010062649,-0.01930778653227469,-0.29005614626412646,0.30817056613714544
us,midpoint,critical,138,601,0.0011996631406578197,-0.00048268738146600015,0.007814010062649,-0.01930778653227469,1.463251917929042,-0.8820351858835185
us,midpoint,critical,139,568,0.001866564202305192,-1.8358836518978655e-05,0.007814010062649,-0.01930778653227469,2.276773879678353,-0.03333970465350023
us,midpoint,critical,140,1038,0.00014531222428408597,0.0001042828784053873,0.007814010062649,-0.01930778653227469,0.1770976812844503,0.19082370377637634
us,midpoint,critical,141,830,0.0005671736321148585,2.040708203571856e-05,0.007814010062649,-0.01930778653227469,0.6917070286396084,0.03751628785683809
us,midpoint,critical,142,724,-0.00016377602446640376,0.0004956180526952611,0.007814010062649,-0.01930778653227469,-0.19994487110859588,0.9061025675905146
us,midpoint,critical,143,549,-0.001436886725236319,0.0009818737927449021,0.007814010062649,-0.01930778653227469,-1.752954116971839,1.7948763761216584
us,midpoint,critical,144,756,-0.0005520258019970966,0.00020885991820593364,0.007814010062649,-0.01930778653227469,-0.6735529350773263,0.3819686637082754
us,midpoint,critical,145,675,-0.0004824795694109898,-0.000800107132294562,0.007814010062649,-0.01930778653227469,-0.5887166815167657,-1.462212112572563
us,midpoint,critical,146,889,0.0004972656006533224,6.907551217069999e-05,0.007814010062649,-0.01930778653227469,0.6064294332551634,0.12647200075368428
us,midpoint,critical,147,604,0.003948643448441339,8.502148677664093e-05,0.007814010062649,-0.01930778653227469,4.816606682838322,0.15561790776100556
us,midpoint,critical,148,666,0.0010814470720462727,-0.00023146963225410822,0.007814010062649,-0.01930778653227469,1.319045567725317,-0.42286167419421455
us,midpoint,critical,149,848,0.0002214947392770476,0.0002662249614992958,0.007814010062649,-0.01930778653227469,0.2700292308234143,0.48681996685009643
us,midpoint,critical,150,685,0.0002593559239513418,-0.0001976813790289557,0.007814010062649,-0.01930778653227469,0.3162143503286985,-0.3611038129924778
us,midpoint,critical,151,681,0.0009139530324550052,-0.0003746571344658556,0.007814010062649,-0.01930778653227469,1.114727284990819,-0.6845784853146435
us,midpoint,critical,152,510,0.001571451203968257,3.566212101525218e-05,0.007814010062649,-0.01930778653227469,1.9167790931177513,0.06539930902538411
us,midpoint,critical,153,632,-0.00035867177672561576,8.270598160976805e-06,0.007814010062649,-0.01930778653227469,-0.4376892440488165,0.015333333277361335
us,midpoint,critical,154,961,0.00010338319744860377,-0.00014520697031270013,0.007814010062649,-0.01930778653227469,0.12595038803950875,-0.26519156714340025
us,midpoint,critical,155,633,-0.001163643893771927,-6.360160287066305e-05,0.007814010062649,-0.01930778653227469,-1.4196377420694621,-0.11603402051857607
us,midpoint,critical,156,708,-4.982784759357227e-05,0.0003611228592624062,0.007814010062649,-0.01930778653227469,-0.06094472593210092,0.6602734792094741
us,midpoint,critical,157,552,0.0010362152337451387,0.0002775760217211404,0.007814010062649,-0.01930778653227469,1.263869326533902,0.507567331237415
us,midpoint,critical,158,588,-0.0007111071845873462,4.15951149855473e-05,0.007814010062649,-0.01930778653227469,-0.8676090040884176,0.07624358131393989
us,midpoint,critical,159,633,-0.00030769458960196346,0.0005050012609535588,0.007814010062649,-0.01930778653227469,-0.37550451582113314,0.9232531100995176
us,midpoint,critical,160,1000,0.00027623516389563806,0.00024104470496178615,0.007814010062649,-0.01930778653227469,0.33680455955463895,0.440795723516025
us,midpoint,critical,161,596,0.002286667011982036,-0.0013819642883950434,0.007814010062649,-0.01930778653227469,2.789237993951143,-2.525725317775511
us,midpoint,critical,162,588,-0.0007410445015397973,0.0002172772083540095,0.007814010062649,-0.01930778653227469,-0.9041281614526424,0.39735370990156726
us,midpoint,critical,163,769,-0.00048029927388748735,0.00017697845717084756,0.007814010062649,-0.01930778653227469,-0.5860570391897743,0.3236960198875608
us,midpoint,critical,164,786,0.0002975797071620651,0.00041632613027744667,0.007814010062649,-0.01930778653227469,0.3628417871275772,0.761173514689581
us,midpoint,critical,165,600,0.0034725879386752895,-0.0011993044126780462,0.007814010062649,-0.01930778653227469,4.235888440690401,-2.1918612622267832
us,midpoint,critical,166,756,-3.152711228737379e-05,0.0003830049383347113,0.007814010062649,-0.01930778653227469,-0.03862049983029032,0.7002693438417082
us,midpoint,critical,167,632,-0.0005304417281245845,-4.388958922669703e-05,0.007814010062649,-0.01930778653227469,-0.647223515124187,-0.08000458169205031
us,midpoint,critical,168,531,0.0004399749381941787,-0.0006979716790486944,0.007814010062649,-0.01930778653227469,0.5365431865628106,-1.2755298622856721
us,midpoint,critical,170,616,-0.0016699419499401607,-2.862962949701578e-05,0.007814010062649,-0.01930778653227469,-2.037247476962388,-0.052112566421246315
us,midpoint,critical,171,777,-6.098487293488067e-05,0.0008146114585113641,0.007814010062649,-0.01930778653227469,-0.0745546684931869,1.4891558065189747
us,midpoint,critical,172,786,-0.00019940790726296308,-0.000183875614833226,0.007814010062649,-0.01930778653227469,-0.24341056768714725,-0.3358697630609152
us,midpoint,critical,173,700,-0.0010530889065597012,6.880063713896045e-05,0.007814010062649,-0.01930778653227469,-1.2847767930466885,0.12596958667667138
us,midpoint,critical,175,825,0.0007666081527101243,-0.0008684060204764629,0.007814010062649,-0.01930778653227469,0.9349880365216766,-1.587048197719185
us,midpoint,critical,176,576,-0.0007910523193884102,-0.0009252568372559826,0.007814010062649,-0.01930778653227469,-0.965130400643134,-1.6909596023271425
us,midpoint,critical,177,601,0.004378699444154208,0.0007532078583758241,0.007814010062649,-0.01930778653227469,5.341212231418746,1.376922866000029
us,midpoint,critical,178,864,0.00010099960579756234,0.0003983120735875263,0.007814010062649,-0.01930778653227469,0.12304275410776098,0.7282475861036029
us,midpoint,critical,179,786,-0.00025830779549186784,2.7623475351297444e-05,0.007814010062649,-0.01930778653227469,-0.3152598349539159,0.05070634576811532
us,midpoint,critical,181,472,-0.00040573067087134977,0.00044767582323978344,0.007814010062649,-0.01930778653227469,-0.49509422671389625,0.8184741976749862
us,midpoint,critical,182,529,0.0012644371041243326,-0.0008775842566773606,0.007814010062649,-0.01930778653227469,1.5422666996710128,-1.6038240941703765
us,midpoint,critical,183,666,0.00022236759163825857,-0.00048593204621243113,0.007814010062649,-0.01930778653227469,0.27109398331227047,-0.8879657545258501
us,midpoint,critical,184,823,-0.0002655958852025575,-0.00023699001503802927,0.007814010062649,-0.01930778653227469,-0.32415024071245435,-0.43295177951803937
us,midpoint,critical,185,731,0.00029430407550662657,-0.00023043434963818804,0.007814010062649,-0.01930778653227469,0.35884599458270117,-0.42096939406737527
us,midpoint,critical,186,632,-0.00018165619153851127,-0.000689359952509138,0.007814010062649,-0.01930778653227469,-0.22175606534627662,-1.259789427028684
us,midpoint,critical,187,786,8.85351598202402e-05,0.0005273691696097427,0.007814010062649,-0.01930778653227469,0.10783794918731081,0.9641369696159189
us,midpoint,critical,188,889,-0.0001070938032431256,-0.00043161108402352266,0.007814010062649,-0.01930778653227469,-0.13080083392268452,-0.7886783950742502
us,midpoint,critical,189,559,-0.000513914229265184,-0.00031533084568774114,0.007814010062649,-0.01930778653227469,-0.6270623786856032,-0.5761424355562172
us,midpoint,critical,190,732,0.0002085933893817499,0.0002890343839396098,0.007814010062649,-0.01930778653227469,0.25429146688866977,0.5285108212359059
us,midpoint,critical,191,661,-0.0006818942023797698,0.00010222273046028851,0.007814010062649,-0.01930778653227469,-0.8319734293970981,0.18705818414443093
us,midpoint,critical,192,769,-0.0003124883130182828,-0.0004544008721158871,0.007814010062649,-0.01930778653227469,-0.3813521587504973,-0.8303333619778813
us,midpoint,critical,193,913,-6.331172916325227e-05,-0.00011964022038579714,0.007814010062649,-0.01930778653227469,-0.07739309348974864,-0.21846089471580654
us,midpoint,critical,195,639,0.00018932654326114188,-0.00023958608516065627,0.007814010062649,-0.01930778653227469,0.2307887265960672,-0.4376968528201367
us,midpoint,critical,196,532,0.00010417883376531191,-0.000399946751186802,0.007814010062649,-0.01930778653227469,0.1269209482236664,-0.7308026161949778
us,midpoint,critical,197,889,0.0002049995012893928,-6.234856337164821e-05,0.007814010062649,-0.01930778653227469,0.24990744793992237,-0.11374372634607811
us,midpoint,critical,198,711,0.0006000830323909679,-0.00014299339505976713,0.007814010062649,-0.01930778653227469,0.7318516938864752,-0.2611456144769727
us,midpoint,critical,199,526,0.0017695219040538036,-0.0005772790766586135,0.007814010062649,-0.01930778653227469,2.1583964390260326,-1.0549290239761513
us,midpoint,critical,200,649,-0.000828874436893787,0.0004161881199092679,0.007814010062649,-0.01930778653227469,-1.0112678639041484,0.7609212605968468
us,midpoint,critical,201,816,0.0006574795586566434,-0.0005200028007888678,0.007814010062649,-0.01930778653227469,0.8018670789720931,-0.9502399691219352
us,midpoint,critical,202,796,0.00015945135670974216,-0.0001546923043139574,0.007814010062649,-0.01930778653227469,0.19434535925326293,-0.2825287741543175
us,midpoint,critical,203,748,-0.00018176938741499594,-3.506380991451924e-05,0.007814010062649,-0.01930778653227469,-0.22189414779477698,-0.06387290272875655
us,midpoint,critical,204,649,-0.00045611680833567043,0.0004222262677261064,0.007814010062649,-0.01930778653227469,-0.5565579606202286,0.7719577321274405
us,midpoint,critical,205,796,-0.001215381893676858,-0.00023563442390348369,0.007814010062649,-0.01930778653227469,-1.4827505508505352,-0.4304740424010685
us,midpoint,critical,206,664,0.0011478581816223386,-0.0006901298025636174,0.007814010062649,-0.01930778653227469,1.4000574287813077,-1.2611965519396366
us,midpoint,critical,207,666,4.685985818711751e-05,0.00026549851318303716,0.007814010062649,-0.01930778653227469,0.05700016365833972,0.4854921712405756
us,midpoint,critical,208,702,8.54613359356736e-05,0.0002212484254832149,0.007814010062649,-0.01930778653227469,0.10408833266928112,0.40461226436524866
us,midpoint,critical,209,702,0.0003297823763278038,0.00017240242845127998,0.007814010062649,-0.01930778653227469,0.4021243435664031,0.3153319963130056
us,midpoint,critical,210,1036,0.00012190883132015811,-0.0004670513235491315,0.007814010062649,-0.01930778653227469,0.14854895756736064,-0.8534557417750126
us,midpoint,critical,211,601,0.0024744333292208267,0.001529345802850031,0.007814010062649,-0.01930778653227469,3.0182854966994785,2.795540724959293
us,midpoint,critical,212,664,-0.002231389929839553,0.0007752700494079966,0.007814010062649,-0.01930778653227469,-2.722132069737936,1.4172479376304508
us,midpoint,critical,213,685,0.0008150104088209507,0.0004963154778342589,0.007814010062649,-0.01930778653227469,0.9940317247220001,0.9073773149012386
us,midpoint,critical,214,732,0.00013594678684633078,-0.00030352330178284523,0.007814010062649,-0.01930778653227469,0.16567321448545813,-0.554560714454721
us,midpoint,critical,215,531,-8.609384502371656e-05,0.0009264677631466781,0.007814010062649,-0.01930778653227469,-0.10518394981530782,1.6936057403517326
us,midpoint,critical,216,744,0.0005292671264736657,-0.000412607007659882,0.007814010062649,-0.01930778653227469,0.645466624169252,-0.7539429175545292
us,midpoint,critical,217,956,-0.0006484565602322499,0.00038763266229081134,0.007814010062649,-0.01930778653227469,-0.7911843861634179,0.7087278554982985
us,midpoint,critical,218,956,-0.00022958627689432902,0.00021020974855067917,0.007814010062649,-0.01930778653227469,-0.2802237741382805,0.38443587130617013
us,midpoint,critical,219,758,-5.4609696963622834e-05,-0.00032316661664946386,0.007814010062649,-0.01930778653227469,-0.06677788425802089,-0.5904645862823292
us,midpoint,critical,220,568,-8.205056618852333e-05,-0.00012016307810337745,0.007814010062649,-0.01930778653227469,-0.10025173974837423,-0.2194165692851727
us,midpoint,critical,221,543,0.0006009499507707563,-0.00022964914242092418,0.007814010062649,-0.01930778653227469,0.7329092077840538,-0.4195341994742945
us,midpoint,critical,222,996,0.0008245211248364285,6.300182912699279e-05,0.007814010062649,-0.01930778653227469,1.0056334101825686,0.11537057825939025
us,midpoint,critical,223,681,0.0006416835405817379,0.0003486796508777694,0.007814010062649,-0.01930778653227469,0.7825982423317949,0.6375298963671795
us,midpoint,critical,224,990,-0.0005337960564690148,0.0004336897841419503,0.007814010062649,-0.01930778653227469,-0.6513153061439397,0.7929106429209022
us,midpoint,critical,225,848,3.1486289975096726e-05,-0.0001013959715655266,0.007814010062649,-0.01930778653227469,0.03824665419467806,-0.18511422305260664
us,midpoint,critical,226,747,0.0007106398313388501,-0.00020205479827192438,0.007814010062649,-0.01930778653227469,0.8667148529623289,-0.3690975088128703
us,midpoint,critical,227,708,-0.0002654752336711582,-0.00035968507035075495,0.007814010062649,-0.01930778653227469,-0.32400306345310265,-0.6572126830234624
us,midpoint,critical,228,758,-0.0005337717897371946,-0.00010877645675881967,0.007814010062649,-0.01930778653227469,-0.6512857042728213,-0.19860420660196512
us,midpoint,critical,229,708,-0.00016762469816668235,-0.0003977732696337777,0.007814010062649,-0.01930778653227469,-0.20463969131333434,-0.7268299464277143
us,midpoint,critical,230,724,0.00033308575441488245,7.636965001480214e-05,0.007814010062649,-0.01930778653227469,0.4061539827083196,0.13980415940540938
us,midpoint,critical,231,796,-0.0006717519902633313,0.00045316885946546787,0.007814010062649,-0.01930778653227469,-0.8196014108595037,0.8285143192089812
us,midpoint,critical,232,636,0.0014065803606020336,-0.0016848937225017284,0.007814010062649,-0.01930778653227469,1.715660726925266,-3.0794169756666787
us,midpoint,critical,233,490,8.082330753479781e-05,0.0002333802582759996,0.007814010062649,-0.01930778653227469,0.09843061493524555,0.4267867177395276
us,midpoint,critical,235,571,0.0001393188022202653,-0.00026456495975984984,0.007814010062649,-0.01930778653227469,0.16978658109980388,-0.4833530120833275
us,midpoint,critical,236,661,-6.479970798185623e-05,-0.0002936317328404263,0.007814010062649,-0.01930778653227469,-0.07920821047960909,-0.5364809949219407
us,midpoint,critical,237,664,-0.00020058859867901936,8.66285143986921e-05,0.007814010062649,-0.01930778653227469,-0.2448508388941506,0.15855521819752474
us,midpoint,critical,238,796,-0.0003428828843665063,0.0001359318334029705,0.007814010062649,-0.01930778653227469,-0.4184290997417992,0.24867137518147103
us,midpoint,critical,239,700,1.8793131397795877e-05,0.0005967356640304462,0.007814010062649,-0.01930778653227469,0.02276285328260079,1.0909244157125948
us,midpoint,critical,240,648,-7.196321353090951e-07,0.00010959710756779442,0.007814010062649,-0.01930778653227469,-0.001039870361878094,0.2005370033902743
us,midpoint,critical,241,952,7.643410256058178e-05,-0.00045308667533780836,0.007814010062649,-0.01930778653227469,0.09307642546623539,-0.8279312850882735
us,midpoint,critical,242,649,0.000310014103878542,0.000252881015482289,0.007814010062649,-0.01930778653227469,0.37800993633545205,0.46243002397526606
us,midpoint,critical,243,732,0.0008721285565684508,-8.543284522607303e-05,0.007814010062649,-0.01930778653227469,1.063707528644476,-0.1559369662631411
us,midpoint,critical,244,618,0.00012028596916222305,-0.0004476754927383274,0.007814010062649,-0.01930778653227469,0.14656930258958803,-0.8180407748660041
us,midpoint,critical,245,666,-0.0004011002652845926,0.0006332177198620434,0.007814010062649,-0.01930778653227469,-0.48944580770054424,1.157605984759336
us,midpoint,critical,246,681,0.00023408984975599716,0.0008401286638270479,0.007814010062649,-0.01930778653227469,0.28539342736551276,1.5357959217578738
us,midpoint,critical,247,1000,0.00031038848502540784,-0.0003461979187744657,0.007814010062649,-0.01930778653227469,0.37846662669412073,-0.6325609903329623
us,midpoint,critical,248,553,-0.0013038886128765598,0.0002344366359107626,0.007814010062649,-0.01930778653227469,-1.590715830817968,0.42871755514948723
us,midpoint,critical,249,556,-0.0007218624272688368,-0.000275817820285712,0.007814010062649,-0.01930778653227469,-0.8807288304442537,-0.5039208879616035
us,midpoint,critical,250,882,-0.0005401373139053076,0.0005139573764690111,0.007814010062649,-0.01930778653227469,-0.6590507147168203,0.939623016386898
us,midpoint,critical,251,744,-0.0017941211601194655,-0.0007932364504593947,0.007814010062649,-0.01930778653227469,-2.188727989564967,-1.4496539429533744
us,midpoint,critical,252,889,-0.00037311852071644086,-9.796861154737213e-05,0.007814010062649,-0.01930778653227469,-0.4553121632315729,-0.17884972565822824
us,midpoint,critical,253,796,-0.00025946298107146736,-0.00018016516570409924,0.007814010062649,-0.01930778653227469,-0.31666899276299015,-0.32908783797038893
us,midpoint,critical,254,882,7.783356640389972e-05,-0.0003383562983211748,0.007814010062649,-0.01930778653227469,0.09478356710490807,-0.6182281479594911
us,midpoint,critical,255,830,1.389760977017155e-05,-0.00038938216357157357,0.007814010062649,-0.01930778653227469,0.016791031392779068,-0.7114927592678617
us,midpoint,critical,256,501,-0.00025602701398557554,0.00044637270595655407,0.007814010062649,-0.01930778653227469,-0.31247761439373695,0.8160923717850537
us,midpoint,critical,257,708,-0.00016367544260395897,-0.0001589397028723058,0.007814010062649,-0.01930778653227469,-0.19982217591622303,-0.2902921305162755
us,midpoint,critical,258,796,-9.316846915360423e-05,-0.00025637592976879633,0.007814010062649,-0.01930778653227469,-0.1138139587203295,-0.46838517772402233
us,midpoint,critical,259,601,-0.00037082145154651754,-0.0005496000451392542,0.007814010062649,-0.01930778653227469,-0.45251007409893035,-1.0043375425112682
us,midpoint,critical,260,543,-0.0003365474902400391,-6.517386749330459e-05,0.007814010062649,-0.01930778653227469,-0.4107008435511622,-0.11890779146170416
us,midpoint,critical,261,741,-0.00014575161038831753,0.0002994626475273966,0.007814010062649,-0.01930778653227469,-0.17795771657630952,0.547571506348513
us,midpoint,critical,262,1129,0.0001340629425414996,8.554980995914216e-05,0.007814010062649,-0.01930778653227469,0.16337519937852332,0.15658357205732623
us,midpoint,critical,263,441,0.000308127199573148,-0.00021859783261744814,0.007814010062649,-0.01930778653227469,0.3757081884744342,-0.39933471616888355
us,midpoint,critical,264,650,-0.0008298709982367501,0.00037542341484870026,0.007814010062649,-0.01930778653227469,-1.0124835232955554,0.6864119043337603
us,midpoint,critical,265,856,-0.00024409678950578287,-0.00012651802532972697,0.007814010062649,-0.01930778653227469,-0.2979244817312455,-0.2310320838882507
us,midpoint,critical,266,758,-0.00020463489948797757,6.902618786462991e-05,0.007814010062649,-0.01930778653227469,-0.24978673532802378,0.1263818462367328
us,midpoint,critical,267,762,0.00025238390996774017,-0.00029667884954226106,0.007814010062649,-0.01930778653227469,0.3077095108263102,-0.5420504870493797
us,midpoint,critical,269,510,-0.0029080516937614095,-0.0009630827365593904,0.007814010062649,-0.01930778653227469,-3.54756066369859,-1.7600974362200097
us,midpoint,critical,270,652,-0.00012907027991256557,-0.00042374906208622956,0.007814010062649,-0.01930778653227469,-0.15760892801732856,-0.7743082630543175
us,midpoint,critical,271,1176,0.00019208117991223635,0.0004958373095998343,0.007814010062649,-0.01930778653227469,0.23414898127427888,0.9065033233617562
us,midpoint,critical,272,594,-0.0007735322610647691,-0.0001679356246399831,0.007814010062649,-0.01930778653227469,-0.9437584865211152,-0.3067347943085642
us,midpoint,critical,273,882,-0.0005197149467526634,0.0003386779833644861,0.007814010062649,-0.01930778653227469,-0.6341384074121297,0.6192489396703279
us,midpoint,critical,274,666,-0.0004273671421713837,-0.0005921521225068331,0.007814010062649,-0.01930778653227469,-0.5214875638812665,-1.0821138415818643
us,midpoint,critical,275,601,-0.00042967446609811985,0.00034355631731545003,0.007814010062649,-0.01930778653227469,-0.5243021623205505,0.628165513990751
us,midpoint,critical,276,700,-0.0006575174180918405,0.0004518886469583039,0.007814010062649,-0.01930778653227469,-0.8022373103300965,0.8261743584599212
us,midpoint,critical,277,640,-0.00023766125758939438,0.0004906562435136944,0.007814010062649,-0.01930778653227469,-0.2900740720519025,0.8970334180046285
us,midpoint,critical,278,708,0.0014237314398569201,-0.00022871003774856125,0.007814010062649,-0.01930778653227469,1.7365825404354847,-0.4178177125158471
us,midpoint,critical,279,588,0.0015583075650104682,-0.003153131013917034,0.007814010062649,-0.01930778653227469,1.900745771888584,-5.763047711183373
us,midpoint,critical,280,606,-0.0020822115572616,0.00020633707257206382,0.007814010062649,-0.01930778653227469,-2.540156227608665,0.3773574294591502
us,midpoint,critical,281,758,0.0007764737040930354,-0.00045951166363486853,0.007814010062649,-0.01930778653227469,0.9470225693426907,-0.8396748201218409
us,midpoint,critical,282,336,-0.00015027346150925207,-0.000289619157673518,0.007814010062649,-0.01930778653227469,-0.1834737149847602,-0.5291468466140019
us,midpoint,critical,283,816,-0.0003205383046299623,0.00019927069525858127,0.007814010062649,-0.01930778653227469,-0.39117197362951717,0.3644415694288278
us,midpoint,critical,284,484,-0.0003021104266786607,-0.000124466617588255,0.007814010062649,-0.01930778653227469,-0.3686926520570069,-0.2272825395208111
us,midpoint,critical,285,700,-0.0013426339567499564,0.0015342166787028523,0.007814010062649,-0.01930778653227469,-1.6379794955041158,2.804443667435926
us,midpoint,critical,286,648,-3.195392564436794e-07,-0.0002720284945859179,0.007814010062649,-0.01930778653227469,-0.0005518154427683322,-0.4969947929943192
us,midpoint,critical,287,574,0.00013742928361056353,-0.0005219927260314942,0.007814010062649,-0.01930778653227469,0.16748164416908537,-0.953877136338513
us,midpoint,critical,288,739,-0.0010233171587048229,-0.0004313422871183928,0.007814010062649,-0.01930778653227469,-1.2484596058168789,-0.7881870905416409
us,midpoint,critical,289,961,-0.0005668095969027492,0.00020429069637199412,0.007814010062649,-0.01930778653227469,-0.69158700718397,0.3736170816972137
us,midpoint,critical,290,721,0.0005954835996915108,-0.0001613589698206061,0.007814010062649,-0.01930778653227469,0.7262410572751712,-0.2947140445882305
us,midpoint,critical,291,367,-0.0001606205419047886,0.0003175765623018821,0.007814010062649,-0.01930778653227469,-0.19609564292255913,0.5806799546310659
us,midpoint,critical,292,1036,0.0005534756515687507,-0.00018603328137250727,0.007814010062649,-0.01930778653227469,0.6749974915782238,-0.3398135262902427
us,midpoint,critical,293,315,0.0012166803474213698,-0.000503221770042573,0.007814010062649,-0.01930778653227469,1.4840104265383698,-0.9195677541143754
us,midpoint,critical,294,664,-0.0009897709348588597,-0.0005920702838232463,0.007814010062649,-0.01930778653227469,-1.2075381087584747,-1.0819642575821171
us,midpoint,critical,295,1129,-3.233561747414786e-05,0.00018132674930870785,0.007814010062649,-0.01930778653227469,-0.03960675815773127,0.33164378861431676
us,midpoint,critical,296,816,8.77225000630727e-05,0.00011804601557991248,0.007814010062649,-0.01930778653227469,0.10684662289034474,0.21597984042720647
us,midpoint,critical,297,466,-0.0010857727102133747,0.000510025807086506,0.007814010062649,-0.01930778653227469,-1.324646263339757,0.932436929713172
us,midpoint,critical,298,604,-0.0005916318617701453,7.304194869337671e-05,0.007814010062649,-0.01930778653227469,-0.7218665475405311,0.1337218172683367
us,midpoint,critical,299,618,-0.000578313558646246,-0.0006299182975067347,0.007814010062649,-0.01930778653227469,-0.7056201615207478,-1.1511425119372816
us,midpoint,critical,300,681,0.0001939066263444561,7.560368761452135e-06,0.007814010062649,-0.01930778653227469,0.23637575949973164,0.014035182455981033
us,midpoint,critical,301,721,-0.000781138021732004,0.0004790807472567736,0.007814010062649,-0.01930778653227469,-0.9530364044829197,0.8758758314785523
us,midpoint,critical,302,816,0.0005431990805329504,4.855124866002397e-05,0.007814010062649,-0.01930778653227469,0.6624615747685412,0.08895793902596447
us,midpoint,critical,303,507,0.00048662378911742705,-7.656719345315935e-05,0.007814010062649,-0.01930778653227469,0.5934479763418055,-0.13973240877962642
us,midpoint,critical,304,1000,0.00041630026855280205,-0.0003024917193468202,0.007814010062649,-0.01930778653227469,0.5076635448917597,-0.5526751974829599
us,midpoint,critical,305,462,0.0009330673046430366,0.001960079981387579,0.007814010062649,-0.01930778653227469,1.1380439073536721,3.5828327295416313
us,midpoint,critical,306,816,3.069952408550798e-05,0.0003013326772802749,0.007814010062649,-0.01930778653227469,0.03728691463697721,0.5509895296820011
us,midpoint,critical,307,619,-0.0004561852107893647,9.050448712803055e-05,0.007814010062649,-0.01930778653227469,-0.5566414016304744,0.16563968581546035
us,midpoint,critical,308,664,0.00047309663977912735,0.0010419985942938317,0.007814010062649,-0.01930778653227469,0.5769468284213239,1.9047719402426415
us,midpoint,critical,309,582,-0.0014612612846075044,-0.00014107018201797022,0.007814010062649,-0.01930778653227469,-1.782687521965137,-0.2576303832128644
us,midpoint,critical,310,961,-0.0002425627588691255,-0.0006586688103428599,0.007814010062649,-0.01930778653227469,-0.296053188244571,-1.2036924371843911
us,midpoint,critical,311,648,-0.0005128124645725363,0.00020079265352840325,0.007814010062649,-0.01930778653227469,-0.6257183865618918,0.367223390878909
us,midpoint,critical,312,640,-0.0002500089970842636,0.00025116615438853726,0.007814010062649,-0.01930778653227469,-0.3051365120969401,0.4592956165022766
us,midpoint,critical,313,1000,-0.0004895130682147589,-0.0004439793454973015,0.007814010062649,-0.01930778653227469,-0.597296523526118,-0.8112849906361602
us,midpoint,critical,314,596,0.00046348707761322775,-4.814477120781632e-05,0.007814010062649,-0.01930778653227469,0.5652245650837253,-0.08778216452318853
us,midpoint,critical,315,666,0.000555981563443819,0.00023785708475097464,0.007814010062649,-0.01930778653227469,0.6780543383307851,0.4349694203558308
us,midpoint,critical,317,540,0.0003262200829333853,0.00017740927262045736,0.007814010062649,-0.01930778653227469,0.3977788655379302,0.3244834604386681
us,midpoint,critical,318,627,-4.583267248925264e-05,0.00034231254695693894,0.007814010062649,-0.01930778653227469,-0.05607119539614767,0.6258921618687603
us,midpoint,critical,319,913,-0.00013783186745035432,-0.00015370822499659667,0.007814010062649,-0.01930778653227469,-0.16829678606957596,-0.2807300829497712
us,midpoint,critical,320,721,3.618516562316817e-05,-6.06450795643948e-05,0.007814010062649,-0.01930778653227469,0.04397859668970499,-0.11063011417362502
us,midpoint,critical,321,666,-0.00035835859996175175,-0.0003282112830101311,0.007814010062649,-0.01930778653227469,-0.43730721410469914,-0.5996851814647767
us,midpoint,critical,322,604,0.0018795748551147908,0.0009585750009817665,0.007814010062649,-0.01930778653227469,2.2926449772159074,1.7522910569491132
us,midpoint,critical,323,1082,0.000387519826009217,0.0002600852527622141,0.007814010062649,-0.01930778653227469,0.4725556054618316,0.47559786319540037
us,midpoint,critical,324,796,9.887251934628111e-05,-6.91545818974279e-05,0.007814010062649,-0.01930778653227469,0.12044801908307502,-0.12618370495789502
us,midpoint,critical,325,990,-0.0001898918003324663,2.8521590337466513e-05,0.007814010062649,-0.01930778653227469,-0.23180230609705346,0.05234791215183532
us,midpoint,critical,326,825,-0.00112567328873296,0.00021829504933226426,0.007814010062649,-0.01930778653227469,-1.3733191456890566,0.3992141103620949
us,midpoint,critical,327,1035,-0.00012662675655663626,8.889091366687252e-05,0.007814010062649,-0.01930778653227469,-0.15462818615258256,0.16269041095389922
us,midpoint,critical,328,758,-0.0002156903830206787,-0.0002131975961725749,0.007814010062649,-0.01930778653227469,-0.26327281170252176,-0.3894642132282114
us,midpoint,critical,329,777,0.0006751671840811218,0.0005050755264752391,0.007814010062649,-0.01930778653227469,0.8234434005009035,0.9233888519429755
us,midpoint,critical,330,631,0.00030734797075800645,2.3213102761990984e-05,0.007814010062649,-0.01930778653227469,0.3747576430475314,0.042645106958185595
us,midpoint,critical,331,632,-0.00017869874310287755,-0.0003449592579470792,0.007814010062649,-0.01930778653227469,-0.2181484098910791,-0.6302969773653782
us,midpoint,critical,332,856,0.00042091704230205144,-0.0002951615014647538,0.007814010062649,-0.01930778653227469,0.5132953350529036,-0.5392770920667809
us,midpoint,critical,333,848,-0.0005438531001300487,0.00018494063106432035,0.007814010062649,-0.01930778653227469,-0.6635834315961809,0.3382492087399261
us,midpoint,critical,334,463,7.056386192073535e-05,-0.0004682658955572662,0.007814010062649,-0.01930778653227469,0.08591558864064715,-0.855675725418383
us,midpoint,critical,335,574,0.0004469349599603781,-7.166529963231055e-05,0.007814010062649,-0.01930778653227469,0.5450333973102188,-0.13077277194382003
us,midpoint,critical,336,744,-0.00016889788543580225,-0.0003866586651051322,0.007814010062649,-0.01930778653227469,-0.20619279396140952,-0.7065147736006886
us,midpoint,critical,337,542,-0.00045686958398329265,-0.00035009141679243766,0.007814010062649,-0.01930778653227469,-0.5574762370435679,-0.6396774905136864
us,midpoint,critical,338,555,-0.000506563734318375,-0.0003564710311671354,0.007814010062649,-0.01930778653227469,-0.6180958476469733,-0.651338091505628
us,midpoint,critical,339,889,0.00030501361748803274,0.00013998469332198588,0.007814010062649,-0.01930778653227469,0.3719100727543999,0.25607915559204014
us,midpoint,critical,340,990,0.00046388641327942126,-6.046701060809234e-06,0.007814010062649,-0.01930778653227469,0.5657116963138896,-0.010835695711227477
us,midpoint,critical,341,947,0.00025214277414868907,-0.0003504342897466019,0.007814010062649,-0.01930778653227469,0.30741536032056965,-0.6403041905733787
us,midpoint,critical,342,744,-0.00019572412042844455,-0.0004830685866650322,0.007814010062649,-0.01930778653227469,-0.2389168853935833,-0.88273194927091
us,midpoint,critical,343,694,0.00024750461617600427,0.00025192293660503476,0.007814010062649,-0.01930778653227469,0.30175748452783796,0.4606788561381037
us,midpoint,critical,344,1000,0.0004494161179966795,-0.0002374617253786543,0.007814010062649,-0.01930778653227469,0.5480600479922795,-0.4338139673781108
us,midpoint,critical,345,825,-0.00035666265216995063,-1.1903036801440975e-05,0.007814010062649,-0.01930778653227469,-0.43523840532037605,-0.021539852786487842
us,midpoint,critical,346,882,0.00017209872550052758,-6.89205108568916e-06,0.007814010062649,-0.01930778653227469,0.20977330330875926,-0.012380818779754601
us,midpoint,critical,347,721,-0.0016051680578492902,0.0010407163538012562,0.007814010062649,-0.01930778653227469,-1.9582327822882837,1.902428272760335
us,midpoint,critical,348,664,-0.0003016489119686983,0.0001804482151053187,0.007814010062649,-0.01930778653227469,-0.3681296714684061,0.33003801180684644
us,midpoint,critical,349,882,0.00011802580839160616,0.0004090121837875618,0.007814010062649,-0.01930778653227469,0.14381223631735993,0.7478051499756873
us,midpoint,critical,350,758,-0.0001318474500467768,0.00016683149579030387,0.007814010062649,-0.01930778653227469,-0.16099667025620615,0.30514949638475636
us,midpoint,critical,351,616,0.00048795478475644784,-0.0005915060896895218,0.007814010062649,-0.01930778653227469,0.595071596764093,-1.0809330286881815
us,midpoint,critical,352,462,-0.0001283620849383705,-0.0002815850718054305,0.007814010062649,-0.01930778653227469,-0.15674503350907118,-0.5144622177100482
us,midpoint,critical,354,650,2.0460279398465224e-05,-0.00048753970635441457,0.007814010062649,-0.01930778653227469,0.024796530525040238,-0.890904221076535
us,midpoint,critical,355,664,-0.0005586325590731817,0.0003755932362614067,0.007814010062649,-0.01930778653227469,-0.6816122144613795,0.686722302363665
us,midpoint,critical,356,769,0.00045345397843718927,-0.0001677341302206599,0.007814010062649,-0.01930778653227469,0.5529856484085078,-0.3063665046459242
us,midpoint,critical,357,744,-0.00015197431808001288,0.0004110761296365027,0.007814010062649,-0.01930778653227469,-0.18554851176298331,0.7515776113816502
us,midpoint,critical,358,561,-0.0005633570515523167,-2.9175878296171243e-05,0.007814010062649,-0.01930778653227469,-0.6873754057515563,-0.05311099499626201
us,midpoint,critical,359,1176,-0.00045937033572770666,-0.0017993168707923432,0.007814010062649,-0.01930778653227469,-0.5605267891898462,-3.2885585629310095
us,midpoint,critical,360,588,0.000158225363147412,0.00035688654544637627,0.007814010062649,-0.01930778653227469,0.19284982603960277,0.6525303834384676
us,midpoint,critical,361,685,-1.976057265007207e-05,-0.00041248950576973364,0.007814010062649,-0.01930778653227469,-0.024267038786019032,-0.7537281486709658
us,midpoint,critical,362,808,0.0007817999808632176,-0.0004941534828788625,0.007814010062649,-0.01930778653227469,0.9535198496382041,-0.9029928215109635
us,midpoint,critical,363,532,0.00038617308712933594,-0.00038221464040595274,0.007814010062649,-0.01930778653227469,0.4709127805834028,-0.6983920257711349
us,midpoint,critical,364,664,0.00042366334109188077,-3.519248223030069e-05,0.007814010062649,-0.01930778653227469,0.5166454187572732,-0.06410808881445279
us,midpoint,critical,365,616,0.0007595304477628108,0.0033486921186411875,0.007814010062649,-0.01930778653227469,0.9263542694690372,6.120925334213954
us,midpoint,critical,366,648,-0.0018972766125093903,4.2177211435099476e-05,0.007814010062649,-0.01930778653227469,-2.3145625860583254,0.07730753189753224
us,midpoint,critical,367,588,0.001769069983375753,-0.0011279973298586599,0.007814010062649,-0.01930778653227469,2.1578451617561263,-2.061526826347092
us,midpoint,critical,368,526,-0.0008430736334821987,0.00017973971793695462,0.007814010062649,-0.01930778653227469,-1.0285888113852257,0.32874302714178893
us,midpoint,critical,369,924,0.0002632110333282223,4.127828218049301e-06,0.007814010062649,-0.01930778653227469,0.32091702111961146,0.007761216144783855
us,midpoint,critical,370,777,0.0004585387776039791,-9.854245493501335e-05,0.007814010062649,-0.01930778653227469,0.5591883612712674,-0.17989859137050182
us,midpoint,critical,371,636,0.0010683545510629232,5.2367992110356754e-05,0.007814010062649,-0.01930778653227469,1.3030746029643547,0.09593414790771929
us,midpoint,critical,372,601,-0.0006461620099530805,0.0006607252885191366,0.007814010062649,-0.01930778653227469,-0.7883853697098658,1.2078840679677745
us,midpoint,critical,373,650,0.0001782531598774539,-0.000532282139943642,0.007814010062649,-0.01930778653227469,0.2172808150158284,-0.9726840332798619
us,midpoint,critical,374,632,-0.0015324380028270603,0.0012652487046727993,0.007814010062649,-0.01930778653227469,-1.8695127300309597,2.312826456650524
us,midpoint,critical,375,996,0.00011500310561162689,0.00015478999492576917,0.007814010062649,-0.01930778653227469,0.14012498008585902,0.2831401508853881
us,midpoint,critical,376,604,-8.590289455372851e-05,0.0007071960834784952,0.007814010062649,-0.01930778653227469,-0.10495101811092891,1.292822963326177
us,midpoint,critical,377,604,0.0016326053902195542,-0.001462812373390101,0.007814010062649,-0.01930778653227469,1.9913782749595756,-2.673498710447793
us,midpoint,critical,378,867,0.0008243855618011459,-0.0004849859586976493,0.007814010062649,-0.01930778653227469,1.0054680430647964,-0.8862365043916912
us,midpoint,critical,379,744,-0.0004165240011895707,-0.0001248935315155096,0.007814010062649,-0.01930778653227469,-0.5082605144276955,-0.2280628489049272
us,midpoint,critical,380,582,0.0011005067284293093,-0.00018456568927821895,0.007814010062649,-0.01930778653227469,1.3422955667771919,-0.33713107484015253
us,midpoint,critical,381,996,8.34757286165104e-05,0.0002919604165907766,0.007814010062649,-0.01930778653227469,0.10166618153705884,0.533858997039442
us,midpoint,critical,382,606,-0.0010120276169007444,0.00020840469267933287,0.007814010062649,-0.01930778653227469,-1.2346880125118422,0.38113660664098764
us,midpoint,critical,383,549,-0.0017166834536311865,-0.0013770213588244797,0.007814010062649,-0.01930778653227469,-2.094265289595504,-2.516690676170493
us,midpoint,critical,384,570,0.0004273310099203037,0.0011662138315704819,0.007814010062649,-0.01930778653227469,0.5211194394358055,2.1318114184824206
us,midpoint,critical,385,649,0.0005529717496659909,-8.371714548451731e-05,0.007814010062649,-0.01930778653227469,0.6743828048007733,-0.15280102591734138
us,midpoint,critical,386,616,-0.00038795593732292993,-0.00011532219035317523,0.007814010062649,-0.01930778653227469,-0.4734116459872102,-0.21056843878910955
us,midpoint,critical,387,816,0.0002157951066967057,-0.0004850958123080312,0.007814010062649,-0.01930778653227469,0.26307651093036705,-0.886437293819226
us,midpoint,critical,388,1000,0.0003189247886482647,-0.00010374180257399432,0.007814010062649,-0.01930778653227469,0.38887967125008543,-0.18940191158324168
us,midpoint,critical,389,631,-7.124161775074259e-05,6.682724293749151e-05,0.007814010062649,-0.01930778653227469,-0.0870664002081591,0.12236263474640979
us,midpoint,critical,390,889,6.17758498418974e-05,0.0002289872511492888,0.007814010062649,-0.01930778653227469,0.07519549650495178,0.41875721936381155
us,midpoint,critical,391,649,-0.0007406872093026016,0.00018054130398550278,0.007814010062649,-0.01930778653227469,-0.9036923170696641,0.33020815881336746
us,midpoint,critical,392,996,0.0009146251416582464,-0.00021354297117223003,0.007814010062649,-0.01930778653227469,1.1155471601251903,-0.39009548650384124
us,midpoint,critical,393,796,0.0007292160984061734,-0.0005516819520370725,0.007814010062649,-0.01930778653227469,0.8893751875991609,-1.0081428329586206
us,midpoint,critical,394,616,-0.0019119328835218892,0.0008569499632971565,0.007814010062649,-0.01930778653227469,-2.3324410976272905,1.5665417395716956
us,midpoint,critical,395,577,0.0006513688607499056,0.0005371560160751104,0.007814010062649,-0.01930778653227469,0.7944129193753653,0.9820252783598866
us,midpoint,critical,396,540,0.0012013809340817305,-0.0001379555043325882,0.007814010062649,-0.01930778653227469,1.4653473751961934,-0.25193740373564255
us,midpoint,critical,398,856,0.001001243744014088,-1.1231703745385319e-05,0.007814010062649,-0.01930778653227469,1.2212092131116452,-0.020312796347087197
us,midpoint,critical,399,744,-0.000679124236121452,0.0012784532484532221,0.007814010062649,-0.01930778653227469,-0.8285944748354128,2.3369616013882384
us,midpoint,critical,400,731,1.326073224389851e-05,-0.00013799673300228868,0.007814010062649,-0.01930778653227469,0.016014133762285193,-0.2520127611222445
us,midpoint,critical,401,666,-0.00034812977304889484,0.0001691897744340587,0.007814010062649,-0.01930778653227469,-0.42482953815680646,0.3094599365896857
us,midpoint,critical,402,664,-0.00015296273133424965,-0.0003251509641079217,0.007814010062649,-0.01930778653227469,-0.1867542316753485,-0.5940915584758556
us,midpoint,critical,403,711,-0.0018112513557927753,0.0005805352247632845,0.007814010062649,-0.01930778653227469,-2.2096243281535974,1.0613134005174159
us,midpoint,critical,404,801,0.00034939068034683766,0.00041247991957368835,0.007814010062649,-0.01930778653227469,0.4260436126596887,0.7541434458306643
us,midpoint,critical,405,708,-0.0002037511737289048,0.0007157968031252897,0.007814010062649,-0.01930778653227469,-0.24870871888073642,1.3085432802849233
us,midpoint,critical,406,889,-0.0002960225940169779,0.00017351798968815585,0.007814010062649,-0.01930778653227469,-0.3612663847220894,0.3173710089713378
us,midpoint,critical,407,826,-0.0001341697158183889,-5.962415684382036e-05,0.007814010062649,-0.01930778653227469,-0.1638294955654933,-0.10876408093258134
us,midpoint,critical,408,685,0.0008348099742103666,-0.00040733087161942336,0.007814010062649,-0.01930778653227469,1.0181843047727697,-0.7442992442016386
us,midpoint,critical,409,541,0.0012051179242955016,-0.0005442262588097706,0.007814010062649,-0.01930778653227469,1.469905957847472,-0.9945153848503627
us,midpoint,critical,410,619,0.0007889684758941229,-0.00022887486256361472,0.007814010062649,-0.01930778653227469,0.9622643673421147,-0.418118977810115
us,midpoint,critical,411,848,-0.0006088505198659482,0.0002993551439546792,0.007814010062649,-0.01930778653227469,-0.7428707973736121,0.5473750122983965
us,midpoint,critical,412,553,0.0006007759142567064,-0.0008607233209109236,0.007814010062649,-0.01930778653227469,0.7326969086373465,-1.5730058294954847
us,midpoint,critical,413,632,7.253643405724045e-05,-3.961899751119338e-05,0.007814010062649,-0.01930778653227469,0.08832183875249683,-0.07219883308889297
us,midpoint,critical,414,618,-0.0011475762834532981,-0.00011021060137903285,0.007814010062649,-0.01930778653227469,-1.4000376025304042,-0.20122552306387712
us,midpoint,competent,0,542,0.0009942879163190692,0.0003596551326557236,0.025101663955131734,-0.022857285360080786,1.361513342475393,0.7577488474661556
us,midpoint,competent,1,578,-0.00027783637746785217,-0.0003717082138604555,0.025101663955131734,-0.022857285360080786,-0.3819974298719374,-0.7826273280936829
us,midpoint,competent,2,632,0.00018196781827350267,-2.5806182400917033e-05,0.025101663955131734,-0.022857285360080786,0.24818750752839464,-0.05409854568192186
us,midpoint,competent,3,484,0.00045610046672328944,2.7327873108013573e-05,0.025101663955131734,-0.022857285360080786,0.6239001858874508,0.05781085421718848
us,midpoint,competent,4,396,2.087275444023068e-05,-0.00011942366557111256,0.025101663955131734,-0.022857285360080786,0.027398563761602643,-0.25127296162464535
us,midpoint,competent,5,568,-0.000406638156054958,-5.2509995466867854e-05,0.025101663955131734,-0.022857285360080786,-0.5585267906906133,-0.1103413388699234
us,midpoint,competent,6,702,-0.0004797371898659572,0.0001906230311478213,0.025101663955131734,-0.022857285360080786,-0.6587127186853241,0.4017383592350162
us,midpoint,competent,7,685,-5.658494420107685e-06,-0.00043234348574009915,0.025101663955131734,-0.022857285360080786,-0.008963856496976131,-0.9103355713997073
us,midpoint,competent,8,949,-0.00010809324136601406,0.0006420694515841992,0.025101663955131734,-0.022857285360080786,-0.1493558650728104,1.3525616591644765
us,midpoint,competent,9,625,4.6293019656067774e-05,7.279997404648769e-05,0.025101663955131734,-0.022857285360080786,0.06223832466877209,0.15358286859544554
us,midpoint,competent,10,594,0.00022918487131203327,-0.0003917617154189576,0.025101663955131734,-0.022857285360080786,0.31290087006163336,-0.8248634289106184
us,midpoint,competent,11,561,0.001409266469170882,9.100080987069908e-05,0.025101663955131734,-0.022857285360080786,1.9302624660664798,0.19191693881162505
us,midpoint,competent,12,769,-6.945182869770583e-05,-9.300318407618954e-05,0.025101663955131734,-0.022857285360080786,-0.09639585198685746,-0.19562691313799388
us,midpoint,competent,13,825,-0.0003262329814143726,-4.612367608142903e-06,0.025101663955131734,-0.022857285360080786,-0.4483274266638383,-0.009460750348689711
us,midpoint,competent,14,1041,-0.00029686280813438076,-0.0009383210425371671,0.025101663955131734,-0.022857285360080786,-0.4080741167086158,-1.976010762220795
us,midpoint,competent,15,420,0.00040461002666251564,0.00044918935436556034,0.025101663955131734,-0.022857285360080786,0.5533299300112583,0.9463232170679197
us,midpoint,competent,16,441,-4.047011850494622e-05,0.00010651166061577746,0.025101663955131734,-0.022857285360080786,-0.05667495036669825,0.22458544081434986
us,midpoint,competent,17,633,6.357535541332698e-05,-0.00013228020757760292,0.025101663955131734,-0.022857285360080786,0.08592464110126993,-0.2783510358831069
us,midpoint,competent,18,609,0.00032462519706100146,0.0013717786901564395,0.025101663955131734,-0.022857285360080786,0.4437066701492279,2.8894540007575396
us,midpoint,competent,19,540,-5.639327544482847e-06,0.00010418856546447891,0.025101663955131734,-0.022857285360080786,-0.008937587323211147,0.21969260547926692
us,midpoint,competent,20,1000,-0.00025299522236680444,0.00023055600893418307,0.025101663955131734,-0.022857285360080786,-0.34795136870656357,0.48584403378690755
us,midpoint,competent,21,796,0.0006150184051545854,4.1395262535912775e-05,0.025101663955131734,-0.022857285360080786,0.8417052690286457,0.08743918004220837
us,midpoint,competent,22,570,-0.0005512387332746345,0.00026171335404308674,0.025101663955131734,-0.022857285360080786,-0.7567092051775238,0.5514667264308153
us,midpoint,competent,23,542,0.0001688550779943357,0.0003637797918308143,0.025101663955131734,-0.022857285360080786,0.23021583287098907,0.7664360844679533
us,midpoint,competent,24,640,-0.00012500314931378903,-0.0004300940770711782,0.025101663955131734,-0.022857285360080786,-0.17253175033051754,-0.9055979323872949
us,midpoint,competent,25,609,-0.0005771051635726429,0.00011444740868260181,0.025101663955131734,-0.022857285360080786,-0.7921604579261825,0.2412994822215519
us,midpoint,competent,26,1081,-8.465827558427202e-06,2.985974696014318e-05,0.025101663955131734,-0.022857285360080786,-0.012811448742586965,0.0631434131701645
us,midpoint,competent,28,825,-0.0008382825645416314,0.0002293308375750057,0.025101663955131734,-0.022857285360080786,-1.1501173134843412,0.4832636135598825
us,midpoint,competent,29,780,-8.620137809657591e-05,-0.00020842056894871883,0.025101663955131734,-0.022857285360080786,-0.11935195773180851,-0.4387156470073383
us,midpoint,competent,30,721,0.0012568593370875097,-0.0003040283261504656,0.025101663955131734,-0.022857285360080786,1.7213807727699046,-0.6400819201379297
us,midpoint,competent,31,1000,0.0006535192227453239,-8.801607203856587e-05,0.025101663955131734,-0.022857285360080786,0.8944725894402435,-0.18512320304068558
us,midpoint,competent,32,721,-0.00026255650139827766,7.98811013217049e-05,0.025101663955131734,-0.022857285360080786,-0.361055585857521,0.16849693258677004
us,midpoint,competent,33,559,0.0022885415105209743,0.0002726731760360583,0.025101663955131734,-0.022857285360080786,3.1353534417968825,0.5745499842489273
us,midpoint,competent,34,786,0.0002679353127335721,-0.0006524243094189683,0.025101663955131734,-0.022857285360080786,0.36601031257573385,-1.3738633912000342
us,midpoint,competent,35,541,0.0024984125021540113,-0.0009386350027943482,0.025101663955131734,-0.022857285360080786,3.422992264907595,-1.9766720161686968
us,midpoint,competent,36,499,-6.080548807721464e-05,0.00010897479951775535,0.025101663955131734,-0.022857285360080786,-0.08454560426590975,0.2297732322175897
us,midpoint,competent,37,420,0.0008204857892784335,-0.0013472828810666693,0.025101663955131734,-0.022857285360080786,1.1233087250239289,-2.837354273328866
us,midpoint,competent,38,708,-9.302578496764302e-05,-0.00040278028740643734,0.025101663955131734,-0.022857285360080786,-0.12870515297593582,-0.8480704242557554
us,midpoint,competent,39,648,-0.00039277596618448804,-0.0004856443174000753,0.025101663955131734,-0.022857285360080786,-0.5395279574118766,-1.0225962303699017
us,midpoint,competent,40,627,0.00042324080623999324,2.934597050277543e-05,0.025101663955131734,-0.022857285360080786,0.5788643569923388,0.06206131216214618
us,midpoint,competent,41,649,-0.000746106819530596,-0.0007042251806431976,0.025101663955131734,-0.022857285360080786,-1.0237857866352835,-1.4829648771948356
us,midpoint,competent,42,664,-0.00036249910055025786,0.0004621522935435822,0.025101663955131734,-0.022857285360080786,-0.4980319796650394,0.9736253819496736
us,midpoint,competent,43,790,0.0003027504071505156,0.00019567228297077272,0.025101663955131734,-0.022857285360080786,0.41372616271136353,0.4123729463380279
us,midpoint,competent,44,816,-0.0006999729625465287,0.0005875607104844985,0.025101663955131734,-0.022857285360080786,-0.9605569991539832,1.2377569365191627
us,midpoint,competent,45,748,-0.0003067909608959196,-0.0004241601267696085,0.025101663955131734,-0.022857285360080786,-0.4216811528872302,-0.8931000191201964
us,midpoint,competent,46,1176,-4.967338858752682e-05,0.00010757935382449402,0.025101663955131734,-0.022857285360080786,-0.06928849812156006,0.22683418514826847
us,midpoint,competent,47,801,0.0003059794669750225,0.0004505176407794062,0.025101663955131734,-0.022857285360080786,0.41815175273906624,0.9491208152193095
us,midpoint,competent,48,686,-0.00012598350027575797,-0.00012540840331934713,0.025101663955131734,-0.022857285360080786,-0.17387537097452374,-0.2638778419324531
us,midpoint,competent,49,808,-0.0002265147842327453,-0.00042870841159471304,0.025101663955131734,-0.022857285360080786,-0.31165858712169875,-0.9026794841256885
us,midpoint,competent,50,648,-0.0008199693352686568,0.0005192600214353783,0.025101663955131734,-0.022857285360080786,-1.1250181052781612,1.0939040148670958
us,midpoint,competent,52,632,-0.0007009328535790282,0.00038707918062066624,0.025101663955131734,-0.022857285360080786,-0.9618725784284428,0.8155085784177167
us,midpoint,competent,53,700,0.0008449772487123149,-0.00030549198367215563,0.025101663955131734,-0.022857285360080786,1.1568755105668456,-0.6431646329732529
us,midpoint,competent,54,758,0.00010198942805260403,9.638824226660195e-05,0.025101663955131734,-0.022857285360080786,0.1385730731636252,0.20326379198606762
us,midpoint,competent,55,648,0.0009117901012477905,-2.848291656691246e-05,0.025101663955131734,-0.022857285360080786,1.2484459087549704,-0.05973620520812997
us,midpoint,competent,56,666,0.00018984654999670836,-0.00019866989811118466,0.025101663955131734,-0.022857285360080786,0.25898570837947016,-0.41817906812980843
us,midpoint,competent,57,1000,-0.0008802222939626424,0.0005109405832556813,0.025101663955131734,-0.022857285360080786,-1.2075978367256595,1.0763818565211896
us,midpoint,competent,58,515,0.0014190959898649873,-0.00030811662122058603,0.025101663955131734,-0.022857285360080786,1.9437343220013796,-0.6486925681211384
us,midpoint,competent,59,496,0.0028217549389652034,-0.0009280027800450882,0.025101663955131734,-0.022857285360080786,3.8661494504835012,-1.9542787383346083
us,midpoint,competent,60,556,0.0013165638368767586,-0.0005132252883225351,0.025101663955131734,-0.022857285360080786,1.8032088135113387,-1.080686467883364
us,midpoint,competent,61,952,-0.0005010399718068936,-0.0001246066364298387,0.025101663955131734,-0.022857285360080786,-0.6879092602311379,-0.2621891838655231
us,midpoint,competent,62,1000,-0.00040382095781902813,0.0005697839372058137,0.025101663955131734,-0.022857285360080786,-0.554665677829102,1.2003160144832798
us,midpoint,competent,63,756,5.3876537389127566e-05,0.0004422800995307931,0.025101663955131734,-0.022857285360080786,0.07263191979501327,0.9317711458039659
us,midpoint,competent,64,681,0.0010498330979624923,0.00023784727428928856,0.025101663955131734,-0.022857285360080786,1.4376408270461094,0.5012006844806963
us,midpoint,competent,65,696,-4.324826901433432e-05,0.0003281541730653405,0.025101663955131734,-0.022857285360080786,-0.06048254634138191,0.691402444010967
us,midpoint,competent,66,361,-0.0001677918471423949,-0.0004708049715558722,0.025101663955131734,-0.022857285360080786,-0.23117582777110207,-0.9913420324282255
us,midpoint,competent,67,713,-0.0002636014678491956,0.0002867663316771518,0.025101663955131734,-0.022857285360080786,-0.3624877653016329,0.6042325781215981
us,midpoint,competent,68,876,-0.0003173575747937446,-0.00014133200728434075,0.025101663955131734,-0.022857285360080786,-0.4361632323884795,-0.2974156727433163
us,midpoint,competent,69,616,7.375462884581796e-05,6.789941288065302e-05,0.025101663955131734,-0.022857285360080786,0.09987585087762353,0.14326144942304175
us,midpoint,competent,70,393,-0.00020370713834646365,0.00023214360875792664,0.025101663955131734,-0.022857285360080786,-0.2803995533237985,0.4891877902883328
us,midpoint,competent,71,700,-0.0017414369095824674,-0.00010259430943516945,0.025101663955131734,-0.022857285360080786,-2.387936084308592,-0.2158274619762089
us,midpoint,competent,72,531,0.0002858662490697571,-0.0005189756332918127,0.025101663955131734,-0.022857285360080786,0.3905855689505242,-1.0927976769480772
us,midpoint,competent,73,658,-0.0004339678475375579,-0.00017670213472381277,0.025101663955131734,-0.022857285360080786,-0.5959835170007416,-0.3719112048120303
us,midpoint,competent,74,748,-0.00022655410409789037,-0.0003129582036468029,0.025101663955131734,-0.022857285360080786,-0.3117124769882649,-0.6588897679902306
us,midpoint,competent,75,758,-0.00010622712377533414,1.1649314160290525e-06,0.025101663955131734,-0.022857285360080786,-0.14679825640382427,0.0027072285612606485
us,midpoint,competent,76,796,0.0005883760252955311,-0.00019329545366553527,0.025101663955131734,-0.022857285360080786,0.8051905381080119,-0.40685956979784615
us,midpoint,competent,77,461,0.0007598207017994324,-0.0010644158871055305,0.025101663955131734,-0.022857285360080786,1.0401641502039876,-2.241588050663334
us,midpoint,competent,78,1081,-0.0005065013212980744,-0.0003585300281948277,0.025101663955131734,-0.022857285360080786,-0.6953943163030426,-0.7548718173299394
us,midpoint,competent,79,632,0.0007339723261881627,9.50319344018534e-05,0.025101663955131734,-0.022857285360080786,1.004737642317898,0.20040717587106124
us,midpoint,competent,80,711,-7.376329405278659e-05,0.0003770861347080906,0.025101663955131734,-0.022857285360080786,-0.10230493361347147,0.7944615162176061
us,midpoint,competent,81,664,0.0010185287979433515,0.0005885010025545867,0.025101663955131734,-0.022857285360080786,1.3947366984395484,1.2397373522861426
us,midpoint,competent,82,721,0.0011914244185264149,-0.00029742355224755476,0.025101663955131734,-0.022857285360080786,1.6316989028801936,-0.626171137743015
us,midpoint,competent,83,666,-0.0002336263717274481,-0.00039293170869202435,0.025101663955131734,-0.022857285360080786,-0.3214053779550021,-0.8273276346600344
us,midpoint,competent,84,876,-0.0004958432624922807,6.166069968600515e-05,0.025101663955131734,-0.022857285360080786,-0.6807869069241245,0.13012165342839277
us,midpoint,competent,85,889,-3.007106786325972e-05,-1.0922005239812071e-05,0.025101663955131734,-0.022857285360080786,-0.042422524794356556,-0.022749925326539088
us,midpoint,competent,86,531,-0.0009956424080178501,0.00029475181285707613,0.025101663955131734,-0.022857285360080786,-1.3657869485786864,0.6210513659628683
us,midpoint,competent,87,549,0.0010957972531951202,0.0004627272117684149,0.025101663955131734,-0.022857285360080786,1.5006370296823863,0.9748362579672453
us,midpoint,competent,88,808,-0.0003026697278937715,0.0008233637818583529,0.025101663955131734,-0.022857285360080786,-0.416032794334774,1.7343984964200407
us,midpoint,competent,89,841,0.0005175602423720324,-0.0004409560898658779,0.025101663955131734,-0.022857285360080786,0.7081339210916162,-0.9284751873212231
us,midpoint,competent,90,666,-0.00045890586951344986,0.0003137687451513112,0.025101663955131734,-0.022857285360080786,-0.6301623391239869,0.6611042747910332
us,midpoint,competent,91,604,2.3666803746213994e-05,-0.0006459559621029322,0.025101663955131734,-0.022857285360080786,0.031227949842226817,-1.3602399465082404
us,midpoint,competent,92,619,-0.000307210650168515,-0.0006346347560730881,0.025101663955131734,-0.022857285360080786,-0.4222563582908078,-1.336395552158912
us,midpoint,competent,93,1225,-0.0007331500563959141,0.00010238535870609952,0.025101663955131734,-0.022857285360080786,-1.0060278865539771,0.21589474393281785
us,midpoint,competent,94,555,0.0002057768288553051,0.00014251360472210609,0.025101663955131734,-0.022857285360080786,0.28081896235639053,0.30041168674175467
us,midpoint,competent,95,342,-0.0004935930363111907,3.059641976139657e-05,0.025101663955131734,-0.022857285360080786,-0.6777028579785066,0.06469497196462556
us,midpoint,competent,96,326,0.00017595020073435733,-0.00011921355393149438,0.025101663955131734,-0.022857285360080786,0.23994005792413176,-0.25083043060990784
us,midpoint,competent,97,708,0.0002598620546159225,-0.00047324513182937095,0.025101663955131734,-0.022857285360080786,0.3549455034491342,-0.9964814269135381
us,midpoint,competent,98,758,0.0012098777161839089,-0.0003624826014129341,0.025101663955131734,-0.022857285360080786,1.6569900819012284,-0.7631966119020616
us,midpoint,competent,99,618,-0.00022562686715292893,0.0003080338189999886,0.025101663955131734,-0.022857285360080786,-0.3104416517945676,0.6490255403915415
us,midpoint,competent,100,648,5.439823668472801e-05,-0.0002784143365302319,0.025101663955131734,-0.022857285360080786,0.07334693510149538,-0.5861344813443559
us,midpoint,competent,101,618,-0.0008893834654533916,0.0001570514184236274,0.025101663955131734,-0.022857285360080786,-1.220153686228301,0.3310308064682522
us,midpoint,competent,102,542,-0.0017167588009519598,0.0009074221564801845,0.025101663955131734,-0.022857285360080786,-2.354113486588707,1.9114397963984073
us,midpoint,competent,103,650,-0.0004339755405973929,0.000554761665520008,0.025101663955131734,-0.022857285360080786,-0.5959940607288664,1.1686765434627144
us,midpoint,competent,104,556,-0.0011062763330121211,-4.507559065622391e-05,0.025101663955131734,-0.022857285360080786,-1.5174163459234769,-0.09468321202458244
us,midpoint,competent,105,625,0.00040158168726026067,0.0012473886853854727,0.025101663955131734,-0.022857285360080786,0.5491794374878919,2.627467396233692
us,midpoint,competent,106,578,-0.00021040371723053675,0.0001679299731707079,0.025101663955131734,-0.022857285360080786,-0.2895775538378039,0.35394290158041203
us,midpoint,competent,107,600,-0.0018648408064703727,0.00034239698899617144,0.025101663955131734,-0.022857285360080786,-2.557067374878647,0.7214002480262257
us,midpoint,competent,108,574,-7.453862458275604e-05,-0.00039263283808708277,0.025101663955131734,-0.022857285360080786,-0.10336756337200505,-0.8266981620981128
us,midpoint,competent,109,331,-0.0006281038182799278,-0.00011633583479291748,0.025101663955131734,-0.022857285360080786,-0.8620566970685714,-0.24476946238921182
us,midpoint,competent,110,650,-8.567459456206711e-05,-6.37700083060723e-05,0.025101663955131734,-0.022857285360080786,-0.1186299742184073,-0.13405684990370573
us,midpoint,competent,111,589,6.887380198404569e-05,2.29953894281959e-05,0.025101663955131734,-0.022857285360080786,0.09318643047033781,0.04868590329753595
us,midpoint,competent,112,841,-0.0007442818219341209,1.4558941135701942e-05,0.025101663955131734,-0.022857285360080786,-1.0212845350009088,0.030917301660602952
us,midpoint,competent,113,769,0.0005622992635911477,-6.941416090500488e-05,0.025101663955131734,-0.022857285360080786,0.7694510155145206,-0.1459443996914193
us,midpoint,competent,114,571,-0.000154854722025477,0.0002739049706188719,0.025101663955131734,-0.022857285360080786,-0.21344484258772373,0.5771443541166381
us,midpoint,competent,115,522,-0.0005001413469183404,0.0009770460702277321,0.025101663955131734,-0.022857285360080786,-0.6866776493098277,2.0580796553643
us,midpoint,competent,116,825,5.0363040847767326e-05,-0.00011422963022076141,0.025101663955131734,-0.022857285360080786,0.06781649484134697,-0.2403334356738196
us,midpoint,competent,117,556,0.00027925448533922675,0.0001011554558859526,0.025101663955131734,-0.022857285360080786,0.3815238118999778,0.21330435844052784
us,midpoint,competent,118,585,-1.5023564124208577e-06,0.00024156842407434959,0.025101663955131734,-0.022857285360080786,-0.0032676588666383745,0.5090380617595847
us,midpoint,competent,119,673,0.0011680938961221993,0.00024479927714392974,0.025101663955131734,-0.022857285360080786,1.5997232403329817,0.5158427903788435
us,midpoint,competent,120,906,-8.360974948012911e-05,-1.4830543439394578e-05,0.025101663955131734,-0.022857285360080786,-0.1157999994579455,-0.03098197462540185
us,midpoint,competent,121,889,0.000407476869380162,0.000160624068864728,0.025101663955131734,-0.022857285360080786,0.5572590831492449,0.3385554187547294
us,midpoint,competent,122,889,-0.00019885514980257438,0.0008506717149277393,0.025101663955131734,-0.022857285360080786,-0.27374965729171025,1.7919136695610491
us,midpoint,competent,123,606,-0.00019672111981869703,-0.00024437068493524117,0.025101663955131734,-0.022857285360080786,-0.270824861119218,-0.5144327340585786
us,midpoint,competent,124,571,0.0005301211934840462,-0.00034083999594986675,0.025101663955131734,-0.022857285360080786,0.725349340749652,-0.7176135867324885
us,midpoint,competent,125,578,0.0011656979607987117,-0.0006602538304337248,0.025101663955131734,-0.022857285360080786,1.5964394896281566,-1.3903537002846025
us,midpoint,competent,126,618,0.0004189984747150974,-0.00013239709107890074,0.025101663955131734,-0.022857285360080786,0.5730500267813292,-0.2785972125086827
us,midpoint,competent,127,588,0.0009232506473179358,-0.00037421427782683564,0.025101663955131734,-0.022857285360080786,1.2641531675722664,-0.7879055270171444
us,midpoint,competent,128,790,-7.840942885305874e-05,-0.00030446132758523564,0.025101663955131734,-0.022857285360080786,-0.10867269666431148,-0.6409938951463577
us,midpoint,competent,129,744,-0.00034778469139341156,0.000363070390916459,0.025101663955131734,-0.022857285360080786,-0.47786513669302333,0.7649419649272373
us,midpoint,competent,130,588,0.001321664880847711,5.4103487892882135e-05,0.025101663955131734,-0.022857285360080786,1.8102000526198203,0.11420487409396514
us,midpoint,competent,131,1084,0.00042924401944217233,-3.1084398492396e-05,0.025101663955131734,-0.022857285360080786,0.5870920647232708,-0.0652153706574963
us,midpoint,competent,132,739,-0.0008419674488608919,0.0006087641655021167,0.025101663955131734,-0.022857285360080786,-1.1551676340676855,1.2824150358131383
us,midpoint,competent,133,708,-0.0012540266629513276,0.000846555898471494,0.025101663955131734,-0.022857285360080786,-1.71991565603415,1.783245056836092
us,midpoint,competent,134,1000,-0.0006785962667167598,-0.0004612399062281225,0.025101663955131734,-0.022857285360080786,-0.9312591548800989,-0.9711963704686496
us,midpoint,competent,135,856,0.00019285133802373136,0.00029426544543511776,0.025101663955131734,-0.022857285360080786,0.2631039225503037,0.6200269930667942
us,midpoint,competent,136,731,0.00023223048498665494,-0.0003883215936832003,0.025101663955131734,-0.022857285360080786,0.3170750378501472,-0.8176179447227273
us,midpoint,competent,137,721,2.2378322373575732e-05,-0.0003149786346753024,0.025101663955131734,-0.022857285360080786,0.029462020864896896,-0.6631451409665869
us,midpoint,competent,138,511,0.0004368918651222395,-0.0002441943208879027,0.025101663955131734,-0.022857285360080786,0.5975738245588239,-0.5140612812396212
us,midpoint,competent,139,496,-0.0007490052224044981,-0.0005018805810114331,0.025101663955131734,-0.022857285360080786,-1.027758194565807,-1.0567925758200511
us,midpoint,competent,140,781,0.0003402020929578545,5.577928115953895e-05,0.025101663955131734,-0.022857285360080786,0.46505559487972686,0.11773438105574813
us,midpoint,competent,141,835,0.0006152711969565697,0.00021866073644292647,0.025101663955131734,-0.022857285360080786,0.8420517329961003,0.46079055737931096
us,midpoint,competent,142,795,0.00018126218875553698,-0.0006060412245766193,0.025101663955131734,-0.022857285360080786,0.24722040653687352,-1.2761726890607188
us,midpoint,competent,143,559,0.0005532890482564876,-0.0004353316193912958,0.025101663955131734,-0.022857285360080786,0.7571020590690899,-0.9166290914504693
us,midpoint,competent,144,835,-7.650955487818398e-05,-0.0008797435493109532,0.025101663955131734,-0.022857285360080786,-0.10606882316116831,-1.8526365523708053
us,midpoint,competent,145,711,-3.995481225437664e-06,0.0002389805522784623,0.025101663955131734,-0.022857285360080786,-0.00668461268909977,0.503587561568706
us,midpoint,competent,146,889,-0.0002499293200286662,-0.00025108574336576636,0.025101663955131734,-0.022857285360080786,-0.34374939427716533,-0.5285757945129275
us,midpoint,competent,147,604,0.0016874683198439822,-0.0006632212850379987,0.025101663955131734,-0.022857285360080786,2.3115521921604603,-1.3966036667291237
us,midpoint,competent,148,619,-0.0001267043521729315,0.0002768468153890209,0.025101663955131734,-0.022857285360080786,-0.17486333500769827,0.5833403818745491
us,midpoint,competent,149,889,-0.0001340406169669829,4.453921109079731e-05,0.025101663955131734,-0.022857285360080786,-0.1849180574587134,0.0940608729041746
us,midpoint,competent,150,696,0.00046129784653487285,2.86957819877684e-05,0.025101663955131734,-0.022857285360080786,0.63102345814452,0.060691904052059396
us,midpoint,competent,151,681,-0.0003429382106460606,8.586253005279584e-05,0.025101663955131734,-0.022857285360080786,-0.47122278937503737,0.18109484353906274
us,midpoint,competent,152,551,0.0006086414623962984,9.00849512714963e-05,0.025101663955131734,-0.022857285360080786,0.8329653460132473,0.18998798410926854
us,midpoint,competent,153,632,-0.0007916370695511717,-0.0003973343357144554,0.025101663955131734,-0.022857285360080786,-1.08618730020298,-0.836600319444599
us,midpoint,competent,154,961,0.00022914241681187136,9.209643252688915e-05,0.025101663955131734,-0.022857285360080786,0.3128426840190207,0.19422450733421773
us,midpoint,competent,155,633,-0.0003891819763631281,-7.882518076674991e-05,0.025101663955131734,-0.022857285360080786,-0.5346022123413267,-0.16576561557789496
us,midpoint,competent,156,732,0.0007115978509004209,0.00030952606155372833,0.025101663955131734,-0.022857285360080786,0.9740722907635543,0.6521684581886755
us,midpoint,competent,157,600,-0.0013784133135741825,-1.2351026854488106e-05,0.025101663955131734,-0.022857285360080786,-1.8903938603702717,-0.02575968902346551
us,midpoint,competent,158,559,2.7735950029188217e-05,-4.205595982335539e-05,0.025101663955131734,-0.022857285360080786,0.03680492090808321,-0.08832335352730719
us,midpoint,competent,159,700,0.00033290439054104934,0.00046620721636137646,0.025101663955131734,-0.022857285360080786,0.455053724119749,0.9821657422671783
us,midpoint,competent,160,956,6.838217005844527e-05,1.2532264824734185e-05,0.025101663955131734,-0.022857285360080786,0.09251262401722579,0.026648775052239247
us,midpoint,competent,161,549,-0.0002826162203626269,-4.053182529114782e-05,0.025101663955131734,-0.022857285360080786,-0.38854844663804233,-0.08511326577414874
us,midpoint,competent,162,609,0.0014640957105966426,-0.002102640625456304,0.025101663955131734,-0.022857285360080786,2.0054087183095475,-4.428266750724495
us,midpoint,competent,163,758,-0.0001752341865358005,0.00046250254630825563,0.025101663955131734,-0.022857285360080786,-0.2413759308327617,0.9743630741196421
us,midpoint,competent,164,786,0.00037861063855050905,0.0001641580902043381,0.025101663955131734,-0.022857285360080786,0.5176964518447645,0.3459986715529267
us,midpoint,competent,165,576,0.0007061355708316494,-0.0012415820120070045,0.025101663955131734,-0.022857285360080786,0.9665859592879318,-2.6147301820190405
us,midpoint,competent,166,816,-3.9178920231738856e-05,0.00046031468290705715,0.025101663955131734,-0.022857285360080786,-0.05490529773953886,0.9697550599572713
us,midpoint,competent,167,585,-0.001539711377509495,0.00016039498283633435,0.025101663955131734,-0.022857285360080786,-2.1114610260580062,0.33807292443508363
us,midpoint,competent,168,721,-0.0003599535731391712,-0.0006081004448290732,0.025101663955131734,-0.022857285360080786,-0.4945432054279535,-1.280509758770624
us,midpoint,competent,169,681,-0.0006211289825552996,0.0003191575563949653,0.025101663955131734,-0.022857285360080786,-0.8524973314620535,0.6724540320544431
us,midpoint,competent,170,648,-0.0017818110324440799,-0.00011037096983729927,0.025101663955131734,-0.022857285360080786,-2.4432708644689076,-0.23220643757831116
us,midpoint,competent,171,816,-0.00038101135064312966,0.00012528116553454233,0.025101663955131734,-0.022857285360080786,-0.523403955984451,0.26411722531194637
us,midpoint,competent,172,601,-0.00017840559834945632,0.00041225516537797893,0.025101663955131734,-0.022857285360080786,-0.2457225113419652,0.8685335041282428
us,midpoint,competent,173,666,0.0010067762636371616,0.00040870999499336563,0.025101663955131734,-0.022857285360080786,1.3786292549567847,0.8610667695362354
us,midpoint,competent,174,619,-0.0005518560479001837,-0.00041512460334352727,0.025101663955131734,-0.022857285360080786,-0.7575552661362126,-0.8740696628881721
us,midpoint,competent,176,441,0.00022975164581098134,0.0002045785330699046,0.025101663955131734,-0.022857285360080786,0.3136776632171717,0.43113103085460913
us,midpoint,competent,177,601,0.0019324451231775043,0.0008620800160773247,0.025101663955131734,-0.022857285360080786,2.647305308167496,1.815941501114465
us,midpoint,competent,178,909,-0.00020821720463092344,-9.23457914730301e-05,0.025101663955131734,-0.022857285360080786,-0.28658082758242315,-0.19424233198729812
us,midpoint,competent,179,825,-0.0004947411139026303,0.0003901249492383324,0.025101663955131734,-0.022857285360080786,-0.6792763564628465,0.8219234875559299
us,midpoint,competent,180,856,-2.6731925883427543e-06,-0.00017898894497368062,0.025101663955131734,-0.022857285360080786,-0.00487234914363713,-0.3767276179447119
us,midpoint,competent,181,540,-0.0005746212145965775,0.00042491233746608237,0.025101663955131734,-0.022857285360080786,-0.7887560800529803,0.8951916712723139
us,midpoint,competent,182,529,0.0006775546856923435,-0.0006998232870517977,0.025101663955131734,-0.022857285360080786,0.9274144087036237,-1.4736937371413439
us,midpoint,competent,183,606,-0.00025697177327736395,0.00010625886917400157,0.025101663955131734,-0.022857285360080786,-0.3534014331249618,0.22405301884358542
us,midpoint,competent,184,867,-0.0002896748876623882,-0.00012284147634523263,0.025101663955131734,-0.022857285360080786,-0.39822270766399454,-0.2584714551150623
us,midpoint,competent,185,808,-0.00015372041218773835,-0.0005441858064418638,0.025101663955131734,-0.022857285360080786,-0.21189021350710957,-1.145894609255469
us,midpoint,competent,186,632,0.0008899930442741177,0.00013355315335344953,0.025101663955131734,-0.022857285360080786,1.2185719382438525,0.2815394450902026
us,midpoint,competent,187,786,-0.00039239098898071617,0.0004127277140234288,0.025101663955131734,-0.022857285360080786,-0.539000326656641,0.8695287723197804
us,midpoint,competent,188,889,0.00015268066833925772,0.0005114565479857475,0.025101663955131734,-0.022857285360080786,0.20804798527329937,1.0774685664054202
us,midpoint,competent,189,618,-0.0016340819706645478,0.0028462420907668998,0.025101663955131734,-0.022857285360080786,-2.2408007034482105,5.994925863483779
us,midpoint,competent,190,732,-0.0007449004232398769,8.48701228565174e-05,0.025101663955131734,-0.022857285360080786,-1.0221323594199858,0.17900466441143315
us,midpoint,competent,191,696,0.0007817088214502957,0.00022027768985393575,0.025101663955131734,-0.022857285360080786,1.0701629267261343,0.4641961375511549
us,midpoint,competent,192,769,6.376819791035354e-05,-2.3264434094241726e-05,0.025101663955131734,-0.022857285360080786,0.08618894151010127,-0.04874518944042802
us,midpoint,competent,193,918,5.928768758375544e-05,-0.0003111201919429145,0.025101663955131734,-0.022857285360080786,0.0800481751886103,-0.6550186012814309
us,midpoint,competent,194,582,-0.0012279699012365149,-0.00048432220576188553,0.025101663955131734,-0.022857285360080786,-1.6842035444392802,-1.0198116373511252
us,midpoint,competent,195,639,-0.0001700913296125671,0.000670365838857382,0.025101663955131734,-0.022857285360080786,-0.2343273849555297,1.412158685755501
us,midpoint,competent,196,493,-0.00014578561722594294,-0.0002030516255390434,0.025101663955131734,-0.022857285360080786,-0.20101517514818104,-0.4274077347970973
us,midpoint,competent,197,889,0.000667677031948373,0.0004066497604333086,0.025101663955131734,-0.022857285360080786,0.9138765839861482,0.8567275635212035
us,midpoint,competent,198,796,-0.0002137943438676286,-0.00021747957904158857,0.025101663955131734,-0.022857285360080786,-0.2942245793648297,-0.4577954701727777
us,midpoint,competent,199,601,0.0019800160289858496,-0.0008803160752804441,0.025101663955131734,-0.022857285360080786,2.7125036438429118,-1.8538423898898635
us,midpoint,competent,200,632,-0.0004153831869942691,0.0008852313693275618,0.025101663955131734,-0.022857285360080786,-0.5705122984917508,1.8647022069230192
us,midpoint,competent,201,848,-0.0006656432416899845,-0.00016118375664340295,0.025101663955131734,-0.022857285360080786,-0.9135063780649977,-0.3392268489549044
us,midpoint,competent,202,796,0.0006927386974731539,-0.00027069902729882217,0.025101663955131734,-0.022857285360080786,0.9482248658551683,-0.5698847217908429
us,midpoint,competent,203,748,-0.0002802356738895971,-0.0007235586334461107,0.025101663955131734,-0.022857285360080786,-0.3852857871321497,-1.523684432298024
us,midpoint,competent,204,601,-1.131053182444261e-05,0.0009809044311201998,0.025101663955131734,-0.022857285360080786,-0.016710260011394494,2.0662060226806
us,midpoint,competent,206,632,4.315827873446407e-05,-0.00015175095802117539,0.025101663955131734,-0.022857285360080786,0.05794200347435151,-0.3193597632775234
us,midpoint,competent,207,540,0.00019327687038541222,-4.702296708643597e-05,0.025101663955131734,-0.022857285360080786,0.26368713620340073,-0.09878471953413202
us,midpoint,competent,208,786,-0.00019855752950331818,3.882582518630051e-05,0.025101663955131734,-0.022857285360080786,-0.2733417535983709,0.08202750594507231
us,midpoint,competent,209,816,5.7597133910555764e-05,3.1758498154448034e-05,0.025101663955131734,-0.022857285360080786,0.07773118576010034,0.06714250762431663
us,midpoint,competent,210,1082,0.0006593664702897982,-0.00019699873417776056,0.025101663955131734,-0.022857285360080786,0.9024865383382905,-0.4146593113348261
us,midpoint,competent,211,601,-0.0007675910756691773,-0.0003264065773072866,0.025101663955131734,-0.022857285360080786,-1.0532310477598696,-0.687214340838068
us,midpoint,competent,212,664,-0.0007071483666856032,-0.0005541322846384332,0.025101663955131734,-0.022857285360080786,-0.970391253930441,-1.1668435918886613
us,midpoint,competent,213,650,2.9852768731380985e-05,-0.00010982363972038278,0.025101663955131734,-0.022857285360080786,0.03970612814734813,-0.23105366682998124
us,midpoint,competent,214,661,-7.733421407233113e-05,0.0003308482112396316,0.025101663955131734,-0.022857285360080786,-0.10719906035224552,0.6970765487353755
us,midpoint,competent,215,531,-0.0019731828126450177,0.0009287042421622302,0.025101663955131734,-0.022857285360080786,-2.7055555814051506,1.9562635053072612
us,midpoint,competent,216,708,-0.0002989585733310929,-0.00020983271061535483,0.025101663955131734,-0.022857285360080786,-0.4109464690523485,-0.4416898586494216
us,midpoint,competent,217,871,0.0008269911127817484,-0.0004360700727599025,0.025101663955131734,-0.022857285360080786,1.1322246003523293,-0.9181844004240213
us,midpoint,competent,218,961,-0.0004124526485627354,-0.00019167350469444233,0.025101663955131734,-0.022857285360080786,-0.5664958471519632,-0.40344346812287646
us,midpoint,competent,219,721,0.0008364393542255773,-0.0005092677555431878,0.025101663955131734,-0.022857285360080786,1.1451738937645448,-1.0723512276278302
us,midpoint,competent,220,582,-0.0012598497858489384,0.0003055224124497852,0.025101663955131734,-0.022857285360080786,-1.7278965408818592,0.6437360890736626
us,midpoint,competent,221,739,-0.0003431527351190969,0.0002959072480852899,0.025101663955131734,-0.022857285360080786,-0.4715168060300904,0.6234849099822959
us,midpoint,competent,222,952,-0.0002215842343639557,0.0005965898336076393,0.025101663955131734,-0.022857285360080786,-0.3049010188150359,1.256773812619577
us,midpoint,competent,223,681,-0.0005056591189524472,-0.0005312144168329695,0.025101663955131734,-0.022857285360080786,-0.6942400353343755,-1.1185746463223754
us,midpoint,competent,224,990,9.608441641866666e-05,0.00014023088404546344,0.025101663955131734,-0.022857285360080786,0.13047995565546244,0.29560388694906925
us,midpoint,competent,225,889,-0.0003440759628571925,0.000384092208921296,0.025101663955131734,-0.022857285360080786,-0.47278213640272865,0.8092175056360436
us,midpoint,competent,226,747,0.0002889541056962132,-0.0003893430580624163,0.025101663955131734,-0.022857285360080786,0.3948176328439538,-0.819769323242614
us,midpoint,competent,227,708,-0.00011335168609813775,-0.0005039902684342741,0.025101663955131734,-0.022857285360080786,-0.15656282989615997,-1.0612359380140992
us,midpoint,competent,228,796,-0.0004321964535055449,-0.00012786306009330076,0.025101663955131734,-0.022857285360080786,-0.593555731766256,-0.2690477685247356
us,midpoint,competent,229,696,0.0007591728313909758,0.0007146547157461589,0.025101663955131734,-0.022857285360080786,1.0392762109973033,1.50543862810802
us,midpoint,competent,230,616,-5.68415285391588e-06,0.00038559532845810346,0.025101663955131734,-0.022857285360080786,-0.00899902268000136,0.8123833322180645
us,midpoint,competent,231,748,8.34145848271628e-05,0.0004719265193154805,0.025101663955131734,-0.022857285360080786,0.11311530978594998,0.9942115715437977
us,midpoint,competent,232,606,0.0019473399087872045,-0.001091191290327715,0.025101663955131734,-0.022857285360080786,2.667719366203453,-2.2979816249529486
us,midpoint,competent,233,616,-0.0001095114320618755,-0.001162978471540392,0.025101663955131734,-0.022857285360080786,-0.15129956724684604,-2.449177694837151
us,midpoint,competent,234,596,-0.000946013717849744,0.00011510652248495137,0.025101663955131734,-0.022857285360080786,-1.297768315220149,0.24268768851184275
us,midpoint,competent,235,664,-9.202677847253149e-05,0.000292659463115387,0.025101663955131734,-0.022857285360080786,-0.12733596397893387,0.6166445198878093
us,midpoint,competent,236,661,-0.00023276615857502694,0.0001059425597040968,0.025101663955131734,-0.022857285360080786,-0.32022641226345283,0.22338681705227856
us,midpoint,competent,237,664,-0.0007836962159276165,0.0006195061324199939,0.025101663955131734,-0.022857285360080786,-1.075303958141264,1.3050394536182819
us,midpoint,competent,238,796,1.32137347145303e-05,-0.0003153373061045364,0.025101663955131734,-0.022857285360080786,0.016901489330591105,-0.6639005642826143
us,midpoint,competent,239,700,0.0005705939951953891,-0.0002454043079841775,0.025101663955131734,-0.022857285360080786,0.7808193652711892,-0.5166097208144439
us,midpoint,competent,240,632,0.0008030404484903296,-0.00022725065134423725,0.025101663955131734,-0.022857285360080786,1.0993990019411433,-0.47837501802182986
us,midpoint,competent,241,1041,-0.0005741838872240328,-0.00017409254487222442,0.025101663955131734,-0.022857285360080786,-0.7881567007401269,-0.3664149626848888
us,midpoint,competent,242,618,0.0002622887943531972,0.0002482040874021603,0.025101663955131734,-0.022857285360080786,0.35827147316316793,0.5230139025614036
us,midpoint,competent,243,708,0.0011229205718108447,-0.0003628651370665356,0.025101663955131734,-0.022857285360080786,1.5378109115265497,-0.7640022973522784
us,midpoint,competent,244,588,-1.1334617411453557e-05,0.0006361601418579318,0.025101663955131734,-0.022857285360080786,-0.016743270528226058,1.340115643159291
us,midpoint,competent,245,666,2.338376917253651e-05,6.330066289319744e-05,0.025101663955131734,-0.022857285360080786,0.03084003662449836,0.13357569616267384
us,midpoint,competent,246,681,-0.00034123778498365565,-0.000231672306204668,0.025101663955131734,-0.022857285360080786,-0.4688922698853471,-0.4876877786845017
us,midpoint,competent,247,1000,-4.498270646981911e-05,6.676066986220988e-05,0.025101663955131734,-0.022857285360080786,-0.06285968071604149,0.14086306204958307
us,midpoint,competent,248,578,-1.0027028992682513e-05,0.0006618047849686025,0.025101663955131734,-0.022857285360080786,-0.014951154376480128,1.3941276434414762
us,midpoint,competent,249,555,-0.0002871145020722568,1.5998817739903276e-05,0.025101663955131734,-0.022857285360080786,-0.39471356954002385,0.03394992782025789
us,midpoint,competent,251,744,0.0005342430073500409,-0.0008027990632348721,0.025101663955131734,-0.022857285360080786,0.7309984954054282,-1.690578317217413
us,midpoint,competent,252,889,-0.00015789170352642143,7.398309181208887e-05,0.025101663955131734,-0.022857285360080786,-0.21760717954502978,0.15607471676871645
us,midpoint,competent,253,758,-0.00017753708029270843,0.00037519002112634467,0.025101663955131734,-0.022857285360080786,-0.24453216335842787,0.790467977026191
us,midpoint,competent,254,848,-0.0004490872904046317,-0.00030862189531940046,0.025101663955131734,-0.022857285360080786,-0.616705479185868,-0.6497567617092485
us,midpoint,competent,255,790,0.00012312034934950505,6.95817291307653e-05,0.025101663955131734,-0.022857285360080786,0.16753407099277404,0.14680469490256182
us,midpoint,competent,256,661,-0.0005151940070142885,0.00013043376246495153,0.025101663955131734,-0.022857285360080786,-0.7073080823248615,0.2749694748698062
us,midpoint,competent,257,708,-0.0005670883265720406,-0.00018042342224408592,0.025101663955131734,-0.022857285360080786,-0.7784318755064502,-0.3797488721848101
us,midpoint,competent,258,796,0.0003826243824568386,0.0001785630674072218,0.025101663955131734,-0.022857285360080786,0.5231974911475334,0.37633801491556784
us,midpoint,competent,259,633,0.00021309006126175173,-0.00019197787849788497,0.025101663955131734,-0.022857285360080786,0.29084211775370034,-0.404084531361171
us,midpoint,competent,260,587,0.00016717569500625598,0.00013916722110614288,0.025101663955131734,-0.022857285360080786,0.22791415343218396,0.2933636310511493
us,midpoint,competent,261,1035,0.00039945012482061823,2.4058675130403384e-05,0.025101663955131734,-0.022857285360080786,0.5462580232097443,0.05092536466963739
us,midpoint,competent,262,1129,0.0001057283998105521,-8.154395967921099e-05,0.025101663955131734,-0.022857285360080786,0.1436975233209907,-0.17149182852433073
us,midpoint,competent,263,441,-0.0003948936877769746,0.0003582806500219103,0.025101663955131734,-0.022857285360080786,-0.5424304021080167,0.7548539521819825
us,midpoint,competent,264,661,-4.1765319125943584e-05,0.00010615657810988943,0.025101663955131734,-0.022857285360080786,-0.05845008841420581,0.22383757638412727
us,midpoint,competent,265,856,-0.0005989813671136331,-0.0002627392777274917,0.025101663955131734,-0.022857285360080786,-0.8221429028162475,-0.5531201291140224
us,midpoint,competent,266,758,-9.870593354560642e-05,-0.00026393939143524656,0.025101663955131734,-0.022857285360080786,-0.136490084277524,-0.5556477736455596
us,midpoint,competent,268,867,-0.0003563246575896996,4.5485803149936804e-05,0.025101663955131734,-0.022857285360080786,-0.4895695928781862,0.09605455752457327
us,midpoint,competent,269,531,0.0004998908659145547,-0.00090713203900155,0.025101663955131734,-0.022857285360080786,0.6839171457774952,-1.9103213915207644
us,midpoint,competent,270,619,-0.00015829557131689237,-0.0004724958079264409,0.025101663955131734,-0.022857285360080786,-0.21816070080606478,-0.9949032227372567
us,midpoint,competent,271,1176,-5.4297059966505745e-05,-0.00011030403143272999,0.025101663955131734,-0.022857285360080786,-0.07562547391584047,-0.2320654538605467
us,midpoint,competent,272,587,-0.0008913286815048146,-0.0002940004610666909,0.025101663955131734,-0.022857285360080786,-1.2228197033437378,-0.6189615228137343
us,midpoint,competent,273,889,0.0008003442836720075,-0.00016989409675894837,0.025101663955131734,-0.022857285360080786,1.095703771508294,-0.35757231357098285
us,midpoint,competent,274,666,0.0014901890185410396,-0.0011062764203862568,0.025101663955131734,-0.022857285360080786,2.0411709183629743,-2.3297534864470837
us,midpoint,competent,275,666,7.170806357147466e-05,-0.00022301993958059527,0.025101663955131734,-0.022857285360080786,0.09707092951926515,-0.4694644161473747
us,midpoint,competent,276,700,0.0002505131075865828,0.00032191791166983133,0.025101663955131734,-0.022857285360080786,0.34213229806081824,0.6782678119242421
us,midpoint,competent,277,510,-6.146819525096672e-05,0.00015877152146637555,0.025101663955131734,-0.022857285360080786,-0.08545387801085101,0.33465363738967935
us,midpoint,competent,278,708,0.0004262989832741308,-9.786921295241655e-05,0.025101663955131734,-0.022857285360080786,0.5830557435013503,-0.20587560140796377
us,midpoint,competent,279,461,-0.0016354898363015041,-3.2414383965180538e-06,0.025101663955131734,-0.022857285360080786,-2.242730254606096,-0.006573339178817481
us,midpoint,competent,280,606,-0.0024646624603209683,-0.0002527297287604237,0.025101663955131734,-0.022857285360080786,-3.3791533299094487,-0.5320383086612797
us,midpoint,competent,281,758,0.00012337589130116677,6.347785315788737e-05,0.025101663955131734,-0.022857285360080786,0.16788430417964492,0.1339488891365488
us,midpoint,competent,282,226,-0.000275747898437928,6.960685110000281e-05,0.025101663955131734,-0.022857285360080786,-0.3791350635888011,0.14685760606235804
us,midpoint,competent,283,808,-0.0005960642921326934,0.00016867391898152395,0.025101663955131734,-0.022857285360080786,-0.8181449038173657,0.3555097785757486
us,midpoint,competent,284,700,8.672942814823281e-05,5.131282465570264e-06,0.025101663955131734,-0.022857285360080786,0.11765847044026355,0.011061041600597704
us,midpoint,competent,285,700,0.00044240418831655026,0.0001792520289902004,0.025101663955131734,-0.022857285360080786,0.6051287426724706,0.37778908573194314
us,midpoint,competent,286,666,0.000442679880039213,-0.00020116576471739325,0.025101663955131734,-0.022857285360080786,0.6055065921409991,-0.4234357896703294
us,midpoint,competent,287,686,0.00014563060499053412,0.00013722703293972405,0.025101663955131734,-0.022857285360080786,0.19838551639799812,0.28927726325340436
us,midpoint,competent,288,666,-0.0003398813526764681,-8.68985950635559e-05,0.025101663955131734,-0.022857285360080786,-0.4670332107107901,-0.18276960558841845
us,midpoint,competent,289,961,-0.00042639727839261996,-0.00010320482606368184,0.025101663955131734,-0.022857285360080786,-0.5856076685703127,-0.21711331431461672
us,midpoint,competent,290,686,-0.0007174393773989596,0.0005527153006993218,0.025101663955131734,-0.022857285360080786,-0.9844956053092411,1.1643665494887152
us,midpoint,competent,291,367,-0.0008980845864907869,0.0007958434851164133,0.025101663955131734,-0.022857285360080786,-1.232079013285012,1.6764360490981292
us,midpoint,competent,292,1129,0.00047469785393188316,0.00041484025432454025,0.025101663955131734,-0.022857285360080786,0.6493888469357938,0.8739781431629364
us,midpoint,competent,293,381,0.0015415349134235354,0.0008077886417848096,0.025101663955131734,-0.022857285360080786,2.111543067751735,1.7015945901064737
us,midpoint,competent,294,632,-0.000985404206597363,0.0003415183297256902,0.025101663955131734,-0.022857285360080786,-1.3517549750103308,0.7195496414663929
us,midpoint,competent,295,1129,6.940356781148793e-05,4.785525193943402e-05,0.025101663955131734,-0.022857285360080786,0.0939125013672448,0.10104502154213238
us,midpoint,competent,296,856,0.0001801062269001577,0.00015376825796744806,0.025101663955131734,-0.022857285360080786,0.2456361022694998,0.3241159095550707
us,midpoint,competent,297,531,-0.001063241329219259,0.0008021017064113213,0.025101663955131734,-0.022857285360080786,-1.4584346936845243,1.6896169324852683
us,midpoint,competent,298,604,0.0009291432256430705,-0.0004693402208481058,0.025101663955131734,-0.022857285360080786,1.2722292446010206,-0.9882570171562333
us,midpoint,competent,299,636,0.0016576177802765588,0.0006520574563747758,0.025101663955131734,-0.022857285360080786,2.270640515879793,1.3735981039002825
us,midpoint,competent,300,681,0.001751668295258222,0.00034393028732034037,0.025101663955131734,-0.022857285360080786,2.399541509922762,0.7246296362910687
us,midpoint,competent,301,721,-0.000804884709105471,0.00016166249299750385,0.025101663955131734,-0.022857285360080786,-1.104343861149032,0.34074251741352024
us,midpoint,competent,302,816,0.00030496623934170297,9.724578274300164e-05,0.025101663955131734,-0.022857285360080786,0.41676307295190973,0.20506991875700373
us,midpoint,competent,303,429,-0.00025455653966862876,-0.0004957237142887011,0.025101663955131734,-0.022857285360080786,-0.35009123314282825,-1.0438251624803347
us,midpoint,competent,304,1000,-0.0012111763105734155,0.0005222222001485533,0.025101663955131734,-0.022857285360080786,-1.6611870779111992,1.100142869383473
us,midpoint,competent,305,556,-0.0005482999922818803,-0.00048462350182058855,0.025101663955131734,-0.022857285360080786,-0.7526815118121585,-1.020446218333105
us,midpoint,competent,306,739,-0.00024948398518511924,-0.0003045621904803515,0.025101663955131734,-0.022857285360080786,-0.3431390403197589,-0.641206329637879
us,midpoint,competent,307,652,-0.00026857121695743336,-6.695642199107399e-06,0.025101663955131734,-0.022857285360080786,-0.36929905815123504,-0.013848482605654666
us,midpoint,competent,308,632,-0.0009758093962865984,0.0013433072503073705,0.025101663955131734,-0.022857285360080786,-1.3386048015428873,2.8294882835305266
us,midpoint,competent,309,582,-4.5943755097376665e-05,-0.0005144290351131557,0.025101663955131734,-0.022857285360080786,-0.06417684653315532,-1.0832217643082003
us,midpoint,competent,310,961,0.0003077749421417468,-0.0003645692472582715,0.025101663955131734,-0.022857285360080786,0.42061254238828133,-0.7675914445967809
us,midpoint,competent,311,632,0.0005974106215481841,0.001389730400488013,0.025101663955131734,-0.022857285360080786,0.8175729098363421,2.9272633701182387
us,midpoint,competent,312,708,-1.213326011425403e-05,0.00013263619049517367,0.025101663955131734,-0.022857285360080786,-0.017837850800287464,0.27960816462955385
us,midpoint,competent,313,1000,-0.00014568426592238837,-0.000175989197179649,0.025101663955131734,-0.022857285360080786,-0.20087626805364486,-0.370409636524635
us,midpoint,competent,314,625,0.0006949602186711069,0.00022548000325453565,0.025101663955131734,-0.022857285360080786,0.9512695731676111,0.47515309849027204
us,midpoint,competent,315,601,-0.00036320220722897353,8.421464739147289e-05,0.025101663955131734,-0.022857285360080786,-0.4989956229775973,0.17762412108118814
us,midpoint,competent,316,463,-0.0015812795295950394,0.0013838204897353608,0.025101663955131734,-0.022857285360080786,-2.168432283742248,2.9148160882487897
us,midpoint,competent,317,601,-0.0005651313683440982,-0.0004144354717330531,0.025101663955131734,-0.022857285360080786,-0.7757497651434021,-0.8726182339648386
us,midpoint,competent,318,732,-0.00017233338286106598,-7.033090327392827e-05,0.025101663955131734,-0.022857285360080786,-0.23740023248310696,-0.14787521576381682
us,midpoint,competent,319,871,0.0003000968785801701,-4.302727237728843e-05,0.025101663955131734,-0.022857285360080786,0.4100893674157116,-0.09036910373372328
us,midpoint,competent,320,721,0.000947704987468486,-0.000136422890189912,0.025101663955131734,-0.022857285360080786,1.297669079257443,-0.2870762333233449
us,midpoint,competent,321,681,-0.0016569060915396748,-0.0006664304023352406,0.025101663955131734,-0.022857285360080786,-2.272082317052712,-1.4033626160978545
us,midpoint,competent,322,604,-0.0004184743365971584,-0.00020022108869601277,0.025101663955131734,-0.022857285360080786,-0.5747488755761574,-0.4214461405528439
us,midpoint,competent,323,1082,9.829050095586447e-05,-0.0004524792152865685,0.025101663955131734,-0.022857285360080786,0.13350350624253857,-0.9527448584095692
us,midpoint,competent,324,685,-0.0003381035730117797,-0.00011035209529122736,0.025101663955131734,-0.022857285360080786,-0.4645966736433175,-0.2321666845591967
us,midpoint,competent,325,1035,0.0003555501685756704,-0.00021081167833930312,0.025101663955131734,-0.022857285360080786,0.48609090982902664,-0.443751731951926
us,midpoint,competent,326,825,-0.00039352178602652596,9.716684181602236e-05,0.025101663955131734,-0.022857285360080786,-0.5405501412780086,0.20490365567617708
us,midpoint,competent,327,946,0.0005912132594984854,0.00014310365715392015,0.025101663955131734,-0.022857285360080786,0.809079111277067,0.30165443798520575
us,midpoint,competent,329,816,0.0001636212477260715,-0.0003932583299403082,0.025101663955131734,-0.022857285360080786,0.2230426034169774,-0.8280155548185776
us,midpoint,competent,330,786,0.0007988618242618407,0.00015911169759385765,0.025101663955131734,-0.022857285360080786,1.0936719858063644,0.3353701064399314
us,midpoint,competent,331,632,0.0004494879767109536,0.00023613116117570526,0.025101663955131734,-0.022857285360080786,0.6148374334309068,0.49758625703184817
us,midpoint,competent,332,856,7.790153240945508e-05,-0.00019897122946357232,0.025101663955131734,-0.022857285360080786,0.10555939223470565,-0.4188137234463186
us,midpoint,competent,333,889,-0.00013721990291466063,0.00015646584100830266,0.025101663955131734,-0.022857285360080786,-0.1892754298673855,0.3297974803741721
us,midpoint,competent,334,345,0.00024781049654971216,-9.845833794319692e-05,0.025101663955131734,-0.022857285360080786,0.3384282327589743,-0.20711639930212636
us,midpoint,competent,335,511,-7.094438845557313e-05,7.724823003762982e-05,0.025101663955131734,-0.022857285360080786,-0.09844148072685041,0.16295165578472132
us,midpoint,competent,336,732,0.0001624625392839009,0.0007734838319994192,0.025101663955131734,-0.022857285360080786,0.22145453481330318,1.6293427990477072
us,midpoint,competent,337,514,0.0007395663445008936,-0.000890258801763362,0.025101663955131734,-0.022857285360080786,1.0124045277288516,-1.8747834707730517
us,midpoint,competent,338,430,-0.0005164736647887448,0.00041018523372283663,0.025101663955131734,-0.022857285360080786,-0.7090619181140052,0.8641738743740222
us,midpoint,competent,339,848,0.00021080526568390337,-0.00022390098376405543,0.025101663955131734,-0.022857285360080786,0.28771068969903146,-0.4713200457414503
us,midpoint,competent,340,990,0.0011473953238305516,0.00010669674657766415,0.025101663955131734,-0.022857285360080786,1.5713547987121803,0.22497526347565616
us,midpoint,competent,341,1082,2.894836640182641e-05,4.94694838505394e-05,0.025101663955131734,-0.022857285360080786,0.038466598950542656,0.10444486977015695
us,midpoint,competent,342,744,-6.92887631385565e-05,-0.0003383800249086369,0.025101663955131734,-0.022857285360080786,-0.09617236237946276,-0.7124324673852753
us,midpoint,competent,343,702,-0.0003527690811054342,0.00011095603289023107,0.025101663955131734,-0.022857285360080786,-0.4846964952315973,0.23394604823267032
us,midpoint,competent,344,1000,9.904323505767823e-05,-0.00012486467231171555,0.025101663955131734,-0.022857285360080786,0.1345351664518713,-0.2627326515232557
us,midpoint,competent,345,825,0.0005145025550505437,7.582758950826565e-05,0.025101663955131734,-0.022857285360080786,0.703943205758592,0.15995954408553478
us,midpoint,competent,346,651,9.430155991500475e-05,0.00019338345681553515,0.025101663955131734,-0.022857285360080786,0.1280364605230562,0.40755228736418064
us,midpoint,competent,347,732,-0.0002510814450030416,-0.00021874378287068189,0.025101663955131734,-0.022857285360080786,-0.34532843990480144,-0.4604580994509101
us,midpoint,competent,348,664,-0.0004369073795600295,0.00043656007332288846,0.025101663955131734,-0.022857285360080786,-0.600012294512397,0.9197237932312604
us,midpoint,competent,349,882,0.0007427073405404799,0.00024013610692081785,0.025101663955131734,-0.022857285360080786,1.0167094218792625,0.5060213570947205
us,midpoint,competent,350,796,-0.0003118948728165309,-0.0006165548293914705,0.025101663955131734,-0.022857285360080786,-0.428676322665969,-1.2983161372567376
us,midpoint,competent,351,515,-0.0003153226355336429,-0.00024946023846969534,0.025101663955131734,-0.022857285360080786,-0.4333742450714477,-0.5251522034523542
us,midpoint,competent,352,556,9.809853357117121e-05,0.0006636886060768232,0.025101663955131734,-0.022857285360080786,0.13324040521948075,1.3980952925832368
us,midpoint,competent,353,406,-0.0002472080713904201,0.0005339437579074263,0.025101663955131734,-0.022857285360080786,-0.3400197851987208,1.1248304728820948
us,midpoint,competent,354,640,-0.00030153767746965085,-2.1119751376110635e-05,0.025101663955131734,-0.022857285360080786,-0.4144812618949531,-0.044228121174865215
us,midpoint,competent,355,664,-0.0006256637655953981,-0.000242496822616442,0.025101663955131734,-0.022857285360080786,-0.8587124812860801,-0.5104860598289948
us,midpoint,competent,356,777,0.0009756152802600226,-0.00047670193209477935,0.025101663955131734,-0.022857285360080786,1.3359215490664684,-1.0037620389347288
us,midpoint,competent,357,744,-0.0004179068971222194,-0.0001244792290589318,0.025101663955131734,-0.022857285360080786,-0.5739711710373453,-0.26192084217234063
us,midpoint,competent,358,582,-0.0010872157086595363,7.913328224962851e-06,0.025101663955131734,-0.022857285360080786,-1.491292794908293,0.01692050533705502
us,midpoint,competent,359,1176,0.003557075595096732,-4.545071082484933e-05,0.025101663955131734,-0.022857285360080786,4.873943650591409,-0.09547327919635834
us,midpoint,competent,360,588,-0.0001929036692900135,0.00016336969892587552,0.025101663955131734,-0.022857285360080786,-0.2655928518319419,0.3443381848083451
us,midpoint,competent,361,685,-0.0006694728899356919,0.000570780100462593,0.025101663955131734,-0.022857285360080786,-0.9187551049412178,1.2024141045161207
us,midpoint,competent,362,848,2.217791142210962e-05,-5.002922920828434e-05,0.025101663955131734,-0.022857285360080786,0.029187347505945958,-0.1051164212416919
us,midpoint,competent,363,616,0.0004145597069303564,-0.0002905564601882425,0.025101663955131734,-0.022857285360080786,0.5669664707275365,-0.6117078684885081
us,midpoint,competent,364,571,-0.00019890214037287038,0.0008419763405608655,0.025101663955131734,-0.022857285360080786,-0.27381406024817445,1.7735997253688653
us,midpoint,competent,365,616,-0.001882895741198605,-0.00017977579675049551,0.025101663955131734,-0.022857285360080786,-2.5818125773297322,-0.37838486223576934
us,midpoint,competent,366,648,0.0003155006927164951,-0.0011709734340323678,0.025101663955131734,-0.022857285360080786,0.4312010748275481,-2.46601645194167
us,midpoint,competent,367,632,-0.00017355003801628605,-0.0009255267385796379,0.025101663955131734,-0.022857285360080786,-0.2390677199917713,-1.949063771928039
us,midpoint,competent,368,633,0.0005353976492691107,-0.00030967149284641046,0.025101663955131734,-0.022857285360080786,0.7325809906332404,-0.6519673934454903
us,midpoint,competent,369,924,0.000500717285547788,-5.716066875910419e-06,0.025101663955131734,-0.022857285360080786,0.6850497957394989,-0.011785329595312253
us,midpoint,competent,370,816,0.0002426190716386424,-0.00043335000389625733,0.025101663955131734,-0.022857285360080786,0.3313131219946495,-0.9124554706199783
us,midpoint,competent,371,636,-0.0005546810037882662,0.0005011544644503742,0.025101663955131734,-0.022857285360080786,-0.7614270112528913,1.0557706181665483
us,midpoint,competent,372,416,0.0001363841530571605,-0.000326072674355124,0.025101663955131734,-0.022857285360080786,0.18571278572964647,-0.686511084166934
us,midpoint,competent,373,640,-3.8211325280545355e-05,-9.501039446752416e-05,0.025101663955131734,-0.022857285360080786,-0.053579159854338365,-0.19985444119347537
us,midpoint,competent,374,632,0.0018599077396891234,-0.0008870879597407469,0.025101663955131734,-0.022857285360080786,2.547889150385146,-1.8681051356727676
us,midpoint,competent,375,996,-0.0006754396610050249,2.3394067294683213e-05,0.025101663955131734,-0.022857285360080786,-0.9269328668834443,0.049525587006304495
us,midpoint,competent,376,604,-0.0005858951367859883,0.00014800151524795718,0.025101663955131734,-0.022857285360080786,-0.8042075613900198,0.31197016402653077
us,midpoint,competent,377,604,0.00019279423126051382,7.176025373086675e-06,0.025101663955131734,-0.022857285360080786,0.2630256548390981,0.015367619548325847
us,midpoint,competent,378,909,0.0007024419971929444,0.0005379612984951765,0.025101663955131734,-0.022857285360080786,0.9615237295522114,1.1332920998356382
us,midpoint,competent,379,732,-0.00037075000501890845,-4.3003594081183344e-05,0.025101663955131734,-0.022857285360080786,-0.5093402621127219,-0.09031923319622388
us,midpoint,competent,380,604,-5.564585151300941e-05,0.0012377372054009628,0.025101663955131734,-0.022857285360080786,-0.07747406104090802,2.6071397302413373
us,midpoint,competent,381,1041,-0.000517325430136821,0.00010000640173954758,0.025101663955131734,-0.022857285360080786,-0.7102293056618542,0.21088425406972264
us,midpoint,competent,382,511,-0.0005959077389167296,-0.00023655330748370215,0.025101663955131734,-0.022857285360080786,-0.8179303397061294,-0.4979680013931126
us,midpoint,competent,383,549,0.00016214007444920533,-0.00010016701209079534,0.025101663955131734,-0.022857285360080786,0.22101258042587357,-0.2107151590175169
us,midpoint,competent,384,587,-0.00014247419941868997,0.001188125187238355,0.025101663955131734,-0.022857285360080786,-0.19647670933404152,2.50264834280286
us,midpoint,competent,385,649,0.0013251087179420827,2.0215660544230935e-05,0.025101663955131734,-0.022857285360080786,1.8149200057734327,0.04283131929661289
us,midpoint,competent,386,570,4.6375011210308265e-05,0.0004272630798359961,0.025101663955131734,-0.022857285360080786,0.062350698246383944,0.9001427363738709
us,midpoint,competent,387,816,-0.00010156282561256391,-0.0002818084300716256,0.025101663955131734,-0.022857285360080786,-0.14040559954478318,-0.5932830222900959
us,midpoint,competent,389,744,-4.2356410000006506e-05,-0.00022877504728864226,0.025101663955131734,-0.022857285360080786,-0.05926020839336056,-0.48158565635374356
us,midpoint,competent,390,889,-0.00014588230623513096,-7.239293206544664e-05,0.025101663955131734,-0.022857285360080786,-0.2011476923321624,-0.152218200736886
us,midpoint,competent,391,649,-0.0008781947690510369,0.0003442170341410415,0.025101663955131734,-0.022857285360080786,-1.2048190111487471,0.7252335740917933
us,midpoint,competent,392,826,0.0008110591408287092,-0.00013361859357600286,0.025101663955131734,-0.022857285360080786,1.1103890259037277,-0.2811699054852801
us,midpoint,competent,393,796,-0.0004560820908617487,0.0004978485037457937,0.025101663955131734,-0.022857285360080786,-0.6262922074693908,1.0488077000343636
us,midpoint,competent,394,648,-0.0014745027401142953,0.00015758898608822167,0.025101663955131734,-0.022857285360080786,-2.0220892859663384,0.3321630158238848
us,midpoint,competent,395,606,-0.0010246691736296339,-0.00011277296745776377,0.025101663955131734,-0.022857285360080786,-1.4055696009324845,-0.23726545499549465
us,midpoint,competent,396,649,0.0011561438344909261,-5.0832755063793394e-05,0.025101663955131734,-0.022857285360080786,1.5833450756472682,-0.10680878399157316
us,midpoint,competent,397,848,-0.0002631893767552698,-0.00028621724341961613,0.025101663955131734,-0.022857285360080786,-0.36192297358673753,-0.6025687365333439
us,midpoint,competent,398,856,1.0161403372635491e-05,-0.0005107047969565605,0.025101663955131734,-0.022857285360080786,0.01271811463885806,-1.075377882391152
us,midpoint,competent,399,744,8.219218113698565e-05,-0.00020556764223945978,0.025101663955131734,-0.022857285360080786,0.11143994361898801,-0.43270689587905936
us,midpoint,competent,400,882,-0.0001369364411287835,4.489178937423788e-06,0.025101663955131734,-0.022857285360080786,-0.18888693113370092,0.009708661854318106
us,midpoint,competent,401,700,0.0001609022344115328,0.00020508634177611798,0.025101663955131734,-0.022857285360080786,0.21931605796288353,0.4322005627589889
us,midpoint,competent,402,632,-0.0002750182234118048,-0.00016665693733047826,0.025101663955131734,-0.022857285360080786,-0.37813500701054686,-0.3507543026823363
us,midpoint,competent,403,640,-0.00042667042651965,0.00026063729721129483,0.025101663955131734,-0.022857285360080786,-0.5859820319122041,0.5492003668776106
us,midpoint,competent,404,882,0.0003215034526258924,-0.00014924008334142244,0.025101663955131734,-0.022857285360080786,0.43942816129776524,-0.3140714321696938
us,midpoint,competent,405,744,0.0009195376820835752,-0.0002758118131793476,0.025101663955131734,-0.022857285360080786,1.2590643606725977,-0.5806531224751474
us,midpoint,competent,406,889,-0.00017807683649214562,0.00011579689006118929,0.025101663955131734,-0.022857285360080786,-0.245271926566124,0.24414172059026376
us,midpoint,competent,407,952,-0.0003058388593747824,-4.806533538163557e-05,0.025101663955131734,-0.022857285360080786,-0.42037624953259844,-0.10098012527292491
us,midpoint,competent,408,696,0.00038920966670204227,0.00010577263485560956,0.025101663955131734,-0.022857285360080786,0.5322229567223657,0.22302892628636556
us,midpoint,competent,409,588,-0.0008872057122535741,-0.0016708414373134556,0.025101663955131734,-0.022857285360080786,-1.2171689651739668,-3.5188238791208515
us,midpoint,competent,410,648,-0.00027127096572291884,0.00039424413140279335,0.025101663955131734,-0.022857285360080786,-0.3729992005651836,0.8305991890374865
us,midpoint,competent,411,848,-0.0003634320606160646,0.00012179747472009297,0.025101663955131734,-0.022857285360080786,-0.499310648685707,0.2567799771996967
us,midpoint,competent,412,531,0.0021359816437685718,-0.00024795562688306044,0.025101663955131734,-0.022857285360080786,2.9262624179010364,-0.5219832343584507
us,midpoint,competent,413,632,6.996819949399782e-05,6.443228370983309e-05,0.025101663955131734,-0.022857285360080786,0.09468635768433002,0.13595908296215786
us,midpoint,competent,414,606,-0.0015088598058180698,7.885786315417476e-05,0.025101663955131734,-0.022857285360080786,-2.0691773845533534,0.1663418181656072
us,midpoint,practical,0,542,0.0005223482368278132,-0.00016552409985239047,0.02818696979166528,-0.03863187877488006,0.6941075253532794,-0.3081482217022162
us,midpoint,practical,1,556,-0.00011271960951240306,-0.000895570146328295,0.02818696979166528,-0.03863187877488006,-0.1496306257200171,-1.6659531034946666
us,midpoint,practical,2,616,-0.0011740384624016192,-0.0006272067590687089,0.02818696979166528,-0.03863187877488006,-1.5596771456256375,-1.1668268921078748
us,midpoint,practical,3,556,-0.0017474837245103868,-0.00032319631499546503,0.02818696979166528,-0.03863187877488006,-2.3215447917073346,-0.6014010986649054
us,midpoint,practical,4,556,0.00030517654866213037,-0.00014027432048911714,0.02818696979166528,-0.03863187877488006,0.4055776624506988,-0.26118642545781123
us,midpoint,practical,5,568,-0.00026070995692582463,4.3464831934139636e-05,0.02818696979166528,-0.03863187877488006,-0.34624757432302167,0.08054807107293524
us,midpoint,practical,6,388,-0.0004650788471112603,-0.00029881186938358895,0.02818696979166528,-0.03863187877488006,-0.6177679016953911,-0.5560487274666311
us,midpoint,practical,7,639,0.00012816314911429094,9.368093862202609e-05,0.02818696979166528,-0.03863187877488006,0.1704012804146889,0.1739444741280036
us,midpoint,practical,8,906,0.00033895558768150605,0.00048115277972725357,0.02818696979166528,-0.03863187877488006,0.4504558027808778,0.8945992327551378
us,midpoint,practical,9,625,-0.0010534702727554093,4.097911606705529e-05,0.02818696979166528,-0.03863187877488006,-1.3994927149438008,0.07592491455374234
us,midpoint,practical,10,673,0.00021799190905131757,-0.0005970000257938674,0.02818696979166528,-0.03863187877488006,0.2897459335241944,-1.1106457099734464
us,midpoint,practical,11,561,0.0005242314757373662,0.0007785801081112709,0.02818696979166528,-0.03863187877488006,0.6966095580490494,1.447781159303156
us,midpoint,practical,12,769,0.0003316834959658961,3.5228837525984324e-05,0.02818696979166528,-0.03863187877488006,0.4407942504696982,0.06523003261797636
us,midpoint,practical,13,675,-5.314999887103683e-05,-3.55730672293858e-05,0.02818696979166528,-0.03863187877488006,-0.07048765944901367,-0.0664536774453979
us,midpoint,practical,14,996,-8.50860619062456e-05,-0.0003816475954947565,0.02818696979166528,-0.03863187877488006,-0.11291725958255916,-0.7101140139557593
us,midpoint,practical,15,478,0.00205451948502881,-0.0009282373915678599,0.02818696979166528,-0.03863187877488006,2.7297189069319114,-1.7267105656781925
us,midpoint,practical,16,507,-0.0001305345335865203,0.0008260578362498591,0.02818696979166528,-0.03863187877488006,-0.17329916946133322,1.5360844812020682
us,midpoint,practical,17,570,9.72640967033013e-05,0.00016029934174613403,0.02818696979166528,-0.03863187877488006,0.12934943138563448,0.2978473339760594
us,midpoint,practical,18,609,0.00010903871001737703,-0.0010215068260834778,0.02818696979166528,-0.03863187877488006,0.14499294179869215,-1.9001813955233169
us,midpoint,practical,19,469,0.0005923459455627021,-5.279759403226114e-05,0.02818696979166528,-0.03863187877488006,0.7871050494567168,-0.0984893917574005
us,midpoint,practical,20,567,3.055125269526074e-05,9.338930967333486e-05,0.02818696979166528,-0.03863187877488006,0.04071611137019964,0.17340207654621215
us,midpoint,practical,21,796,0.000627819245727787,0.00037253415484538727,0.02818696979166528,-0.03863187877488006,0.8342341504909434,0.6925806069025441
us,midpoint,practical,22,445,-0.0002694750858849605,6.577903486028325e-05,0.02818696979166528,-0.03863187877488006,-0.35789274537760923,0.12205001990572738
us,midpoint,practical,23,649,-0.00022756496307005034,0.00010763295254010569,0.02818696979166528,-0.03863187877488006,-0.30221181342854697,0.19989367651085624
us,midpoint,practical,24,524,0.00028903455990394664,-0.00036745839895156035,0.02818696979166528,-0.03863187877488006,0.38413174635218544,-0.6837236781295928
us,midpoint,practical,25,609,-1.8731081846357078e-05,0.0001129565361796328,0.02818696979166528,-0.03863187877488006,-0.024759390288948205,0.2097949531348081
us,midpoint,practical,26,1176,0.0003584511698832456,-0.0004397653775447402,0.02818696979166528,-0.03863187877488006,0.47635723453464524,-0.8182066590256784
us,midpoint,practical,27,493,-0.0003540477122816743,0.0005742360118338383,0.02818696979166528,-0.03863187877488006,-0.47025420697355463,1.0677237467189455
us,midpoint,practical,28,786,-0.0008014453832518517,-0.00022942191985146632,0.02818696979166528,-0.03863187877488006,-1.0646576016254246,-0.42699109791455114
us,midpoint,practical,29,783,-0.0002971558722376956,1.2554612596471504e-05,0.02818696979166528,-0.03863187877488006,-0.3946688719475565,0.023058482687983377
us,midpoint,practical,30,587,0.0005444477999165045,0.00022802988917210165,0.02818696979166528,-0.03863187877488006,0.72346855285205,0.42381865918957007
us,midpoint,practical,31,1000,0.0002159863614429984,0.00026045092618796895,0.02818696979166528,-0.03863187877488006,0.28708140399292575,0.48411820131491917
us,midpoint,practical,32,748,-0.0007974911724446566,-0.00021622324961863976,0.02818696979166528,-0.03863187877488006,-1.059404118025769,-0.4024430314442095
us,midpoint,practical,33,618,-0.0015841636416453614,-0.00033671819571058637,0.02818696979166528,-0.03863187877488006,-2.104561070135242,-0.6265503008756909
us,midpoint,practical,34,748,-0.00043706334573441474,1.0978413618190075e-06,0.02818696979166528,-0.03863187877488006,-0.5805470795906171,0.0017501556487739215
us,midpoint,practical,35,561,0.0005032110780277509,-0.0016004886974707658,0.02818696979166528,-0.03863187877488006,0.6686822875998464,-2.9770236238099885
us,midpoint,practical,36,724,-0.00018766786958922255,4.319028078134807e-05,0.02818696979166528,-0.03863187877488006,-0.2492053510785724,0.08003743630220857
us,midpoint,practical,37,358,0.0008312606208789527,-0.00019931620150613616,0.02818696979166528,-0.03863187877488006,1.1045222003600232,-0.37099779237377933
us,midpoint,practical,38,594,-0.00024414508032245125,0.0002221856370194994,0.02818696979166528,-0.03863187877488006,-0.32423981808306845,0.4129489967326126
us,midpoint,practical,39,681,0.0006741222405338906,-0.0003838181537815441,0.02818696979166528,-0.03863187877488006,0.8957513623164169,-0.714151012241336
us,midpoint,practical,40,673,0.0009160708005138234,1.6919124304307087e-05,0.02818696979166528,-0.03863187877488006,1.2171992703293086,0.03117599162066829
us,midpoint,practical,41,649,-0.00040833884168297793,-0.00033391084843986674,0.02818696979166528,-0.03863187877488006,-0.5423842910342066,-0.621328945527668
us,midpoint,practical,42,664,0.00031483572467701573,0.001021198693795411,0.02818696979166528,-0.03863187877488006,0.4184106461368622,1.8990248878949776
us,midpoint,practical,43,751,0.0001038019134798826,0.00031977235459142855,0.02818696979166528,-0.03863187877488006,0.13803544103156068,0.5944494954434701
us,midpoint,practical,44,777,0.00013475178971774845,0.00014574570679944804,0.02818696979166528,-0.03863187877488006,0.17915481355746055,0.2707791830370519
us,midpoint,practical,46,1176,7.040410107711503e-06,0.0006372595661555472,0.02818696979166528,-0.03863187877488006,0.009480086795327507,1.1849405854909811
us,midpoint,practical,47,841,-0.000274576755412214,0.00014727547690780024,0.02818696979166528,-0.03863187877488006,-0.36467071916280047,0.2736243862008353
us,midpoint,practical,48,708,2.1121873213611475e-05,-0.00021488778635825323,0.02818696979166528,-0.03863187877488006,0.028188430657872864,-0.39995921752156655
us,midpoint,practical,49,889,0.00012814853876710885,-0.0004981022551174066,0.02818696979166528,-0.03863187877488006,0.17038186940626043,-0.9267067975293519
us,midpoint,practical,50,648,-0.0009766244484883911,-2.9016639551036894e-05,0.02818696979166528,-0.03863187877488006,-1.2973969246146164,-0.054259447298197025
us,midpoint,practical,51,632,0.0003240535295824312,-9.81507988553898e-05,0.02818696979166528,-0.03863187877488006,0.4306572331947167,-0.18284133532457864
us,midpoint,practical,52,664,-0.0009364595354932614,0.0007692309836033057,0.02818696979166528,-0.03863187877488006,-1.244034642735877,1.4303928220076132
us,midpoint,practical,53,666,0.000699536606525171,-0.0008138997818489049,0.02818696979166528,-0.03863187877488006,0.9295163691511285,-1.5140552607172322
us,midpoint,practical,54,758,0.001084915288766617,-0.0002894683520986152,0.02818696979166528,-0.03863187877488006,1.441522603904302,-0.5386708189855279
us,midpoint,practical,55,648,-0.00012123689235191484,-0.00012428313048067768,0.02818696979166528,-0.03863187877488006,-0.1609465134894762,-0.23144458113998656
us,midpoint,practical,56,711,0.00039982002938967684,-9.872386223248181e-05,0.02818696979166528,-0.03863187877488006,0.531319055122974,-0.18390716980823632
us,midpoint,practical,57,909,0.0002849109868694605,0.00022646661662568957,0.02818696979166528,-0.03863187877488006,0.37865325156145846,0.4209111451973544
us,midpoint,practical,58,486,0.0022782186754321428,1.4983128267226364e-05,0.02818696979166528,-0.03863187877488006,3.026921075794966,0.027575253170034404
us,midpoint,practical,59,541,-0.0015401001375074386,0.0002434791493253971,0.02818696979166528,-0.03863187877488006,-2.046019199805336,0.45255257393027337
us,midpoint,practical,60,632,0.002114689996814644,-0.00033751523688545226,0.02818696979166528,-0.03863187877488006,2.809660218172721,-0.6280327092846489
us,midpoint,practical,61,952,-0.0002859818522141615,-4.995676872876498e-05,0.02818696979166528,-0.03863187877488006,-0.37982329749587507,-0.09320577097207251
us,midpoint,practical,62,1000,-0.0006019406575291444,-9.247989810760165e-05,0.02818696979166528,-0.03863187877488006,-0.7995997036674082,-0.17229408730279053
us,midpoint,practical,63,709,-1.2271635694283134e-06,0.00018975871642698539,0.02818696979166528,-0.03863187877488006,-0.0015040424885147503,0.35263851180559797
us,midpoint,practical,64,681,0.0005205237233123806,-9.330278704524492e-05,0.02818696979166528,-0.03863187877488006,0.6916835140149781,-0.17382456969098864
us,midpoint,practical,65,732,0.0006808348009004345,-0.0002448110047109167,0.02818696979166528,-0.03863187877488006,0.9046695327217904,-0.45561309326586724
us,midpoint,practical,66,342,-0.00035786853314394296,0.0006506460915226622,0.02818696979166528,-0.03863187877488006,-0.475330471420717,1.2098380417287737
us,midpoint,practical,67,876,-0.0001103810850989935,0.00034730659211012344,0.02818696979166528,-0.03863187877488006,-0.1465237100161587,0.6456601311284217
us,midpoint,practical,68,961,4.424791291205571e-06,0.0002820659232974504,0.02818696979166528,-0.03863187877488006,0.006005029135159072,0.5243197046815322
us,midpoint,practical,69,497,-0.0003982813213162552,0.0004423016201768326,0.02818696979166528,-0.03863187877488006,-0.5290220751898626,0.822340374076968
us,midpoint,practical,70,694,-0.00014684297634168925,0.0002217779731341213,0.02818696979166528,-0.03863187877488006,-0.1949662329356182,0.41219078700547435
us,midpoint,practical,71,700,-0.0008036727170048601,0.0004976667630922915,0.02818696979166528,-0.03863187877488006,-1.0676167916921495,0.9253134148798511
us,midpoint,practical,72,507,0.0017283219202517096,-0.000619790895442146,0.02818696979166528,-0.03863187877488006,2.296339494360928,-1.153034206175993
us,midpoint,practical,73,631,0.00017731269460743992,-0.0003004243590697536,0.02818696979166528,-0.03863187877488006,0.23570036126008662,-0.5590477798939175
us,midpoint,practical,74,796,-0.0005400984659683118,-0.00025370877506912526,0.02818696979166528,-0.03863187877488006,-0.7174374328698018,-0.4721619617759612
us,midpoint,practical,75,721,0.0006571728846127903,-0.0002856232946788356,0.02818696979166528,-0.03863187877488006,0.8732327947190089,-0.5315194375616422
us,midpoint,practical,76,796,0.0009569330160816777,9.462089885312747e-05,0.02818696979166528,-0.03863187877488006,1.2714879741436567,0.17569269617049135
us,midpoint,practical,77,403,0.0007801168599540081,-0.0004714493546897486,0.02818696979166528,-0.03863187877488006,1.0365736456812995,-0.8771353513318186
us,midpoint,practical,78,1225,0.0007978083458439304,0.00037489939792927085,0.02818696979166528,-0.03863187877488006,1.0600781919758788,0.6969796973728313
us,midpoint,practical,79,664,0.00015040984192581444,0.00060898317466139,0.02818696979166528,-0.03863187877488006,0.1999577814538469,1.132349625515817
us,midpoint,practical,80,606,6.259306207077528e-05,0.0005069005335864574,0.02818696979166528,-0.03863187877488006,0.08328620392855697,0.9424872064712878
us,midpoint,practical,81,456,0.0002633169743247246,0.00043363039486776084,0.02818696979166528,-0.03863187877488006,0.3499638881749386,0.8062128542956956
us,midpoint,practical,82,721,0.0006698958051480422,-0.0005485994315279422,0.02818696979166528,-0.03863187877488006,0.8901362067095998,-1.0206259591739357
us,midpoint,practical,83,639,-0.00017957834234186287,-0.0006941240509581725,0.02818696979166528,-0.03863187877488006,-0.23845777063960336,-1.2912856519935678
us,midpoint,practical,84,876,-0.0002479233887706239,0.00021574563065514252,0.02818696979166528,-0.03863187877488006,-0.3292596014064049,0.40097129734980136
us,midpoint,practical,85,889,8.453548962820967e-05,-5.9162143471486184e-05,0.02818696979166528,-0.03863187877488006,0.11243846437452414,-0.11032674960723085
us,midpoint,practical,86,490,-0.0025439149312774037,0.00021702369162925755,0.02818696979166528,-0.03863187877488006,-3.3796670029437803,0.40334834937036745
us,midpoint,practical,88,769,0.0003071857891297561,0.0002073485804381589,0.02818696979166528,-0.03863187877488006,0.408247098239309,0.3853537129079507
us,midpoint,practical,89,882,0.00030103635988712463,-0.0008428679416384657,0.02818696979166528,-0.03863187877488006,0.4000770923269732,-1.567932833191844
us,midpoint,practical,90,675,0.0002156260212145926,-8.425539370802287e-05,0.02818696979166528,-0.03863187877488006,0.2866026633358062,-0.1569974189926497
us,midpoint,practical,91,553,0.0007960354916116824,0.001460422858380439,0.02818696979166528,-0.03863187877488006,1.0577228141045858,2.715933242859195
us,midpoint,practical,92,666,-0.0002954723485669511,-0.00020733684847887984,0.02818696979166528,-0.03863187877488006,-0.39243217683312437,-0.38591530842265864
us,midpoint,practical,93,1225,-0.0007612311028195075,0.0004500842934330243,0.02818696979166528,-0.03863187877488006,-1.0112297311793554,0.8368152853399816
us,midpoint,practical,94,632,0.0001232055353801234,-0.00087964202000608,0.02818696979166528,-0.03863187877488006,0.16381469620969794,-1.6363285506565133
us,midpoint,practical,95,616,0.0002396742783860907,-6.184105026574294e-05,0.02818696979166528,-0.03863187877488006,0.3185526859347224,-0.1153092198783425
us,midpoint,practical,96,421,0.000684417112574498,-0.00025820984468974406,0.02818696979166528,-0.03863187877488006,0.9094289187399316,-0.48053345331908487
us,midpoint,practical,97,639,0.00012480434929720494,0.0006924792010431433,0.02818696979166528,-0.03863187877488006,0.16593884767805295,1.2876429974595245
us,midpoint,practical,98,685,-0.00017275398177670626,-0.0009125613147468736,0.02818696979166528,-0.03863187877488006,-0.22939106477709598,-1.6975547970282063
us,midpoint,practical,99,618,-0.00017426907109990147,-0.0004860434629050253,0.02818696979166528,-0.03863187877488006,-0.23140398146250285,-0.9042787780728662
us,midpoint,practical,100,587,-0.00010605830208647651,0.00023232462477189297,0.02818696979166528,-0.03863187877488006,-0.14078054892322842,0.43180639228059087
us,midpoint,practical,101,618,-0.0012166158980039463,-0.0006554280534343676,0.02818696979166528,-0.03863187877488006,-1.6162446556949548,-1.2193153775194014
us,midpoint,practical,102,571,0.00013884658357905463,-0.000529171985494771,0.02818696979166528,-0.03863187877488006,0.1845950729273451,-0.9844930588015072
us,midpoint,practical,103,650,-0.0015009268516150663,0.00037572524562851095,0.02818696979166528,-0.03863187877488006,-1.9939743734127409,0.698515682730273
us,midpoint,practical,104,582,0.0007756901488713899,-0.001015887847491924,0.02818696979166528,-0.03863187877488006,1.0306924078801607,-1.8897307169680004
us,midpoint,practical,105,588,-0.0004624556873934482,0.0009542540783248343,0.02818696979166528,-0.03863187877488006,-0.6142828253479876,1.7745153091712094
us,midpoint,practical,106,578,-0.00039130305358481624,-0.0010688844114056933,0.02818696979166528,-0.03863187877488006,-0.5197508914142246,-1.9882984628625284
us,midpoint,practical,107,529,-0.000818993180938539,0.0018897802379510623,0.02818696979166528,-0.03863187877488006,-1.0879712467121607,3.5144904692544316
us,midpoint,practical,108,574,-0.0002699958131553784,-0.00023919481464847875,0.02818696979166528,-0.03863187877488006,-0.3585845729782156,-0.44516760106621295
us,midpoint,practical,109,315,-0.0004979084636643066,-0.0001362115502693273,0.02818696979166528,-0.03863187877488006,-0.6613846587561375,-0.25363012231137166
us,midpoint,practical,110,721,-0.0005144464955945879,0.0002457366800879407,0.02818696979166528,-0.03863187877488006,-0.6833567497124972,0.4567513313990319
us,midpoint,practical,111,711,0.000987091254678149,-0.00036593573857624656,0.02818696979166528,-0.03863187877488006,1.311555593091227,-0.6808916982827145
us,midpoint,practical,112,808,0.00021616497278293886,-0.00043262715850463096,0.02818696979166528,-0.03863187877488006,0.2873187033658834,-0.8049303613089095
us,midpoint,practical,113,769,-0.0007967166402368664,-4.357518007636757e-05,0.02818696979166528,-0.03863187877488006,-1.0583750903766547,-0.08133672207078174
us,midpoint,practical,114,588,0.00016912879144473023,0.00018266494791819438,0.02818696979166528,-0.03863187877488006,0.22482739491033316,0.3394448871595396
us,midpoint,practical,115,514,-0.0009264548830138879,0.0006060150427001781,0.02818696979166528,-0.03863187877488006,-1.230742666085314,1.1268292284310137
us,midpoint,practical,117,531,0.0002780785532524588,-0.001209009430479975,0.02818696979166528,-0.03863187877488006,0.36957582000739464,-2.248915496375359
us,midpoint,practical,118,616,0.0005515497692572258,-0.000321570419361962,0.02818696979166528,-0.03863187877488006,0.7329040840556078,-0.5983771126586634
us,midpoint,practical,119,673,-0.001124227969709065,-0.0002576585265361628,0.02818696979166528,-0.03863187877488006,-1.4934999438500165,-0.4795080625454932
us,midpoint,practical,120,993,-0.0004182638976185579,-0.0003073994758424972,0.02818696979166528,-0.03863187877488006,-0.5555705173447403,-0.5720207254373137
us,midpoint,practical,121,848,-0.0006321896809062706,0.00020829105567553297,0.02818696979166528,-0.03863187877488006,-0.8397879374176597,0.38710661258387163
us,midpoint,practical,122,731,-0.0005904256509274008,0.0005363074517884606,0.02818696979166528,-0.03863187877488006,-0.7843011014224016,0.9971808210534046
us,midpoint,practical,123,577,0.00023392721351963783,7.452423178774814e-06,0.02818696979166528,-0.03863187877488006,0.31091725310268203,0.01356897482389689
us,midpoint,practical,124,571,0.0006664225376046135,-0.0005916638881310957,0.02818696979166528,-0.03863187877488006,0.8855216944930492,-1.1007210842551052
us,midpoint,practical,125,578,-0.0016601833534744745,0.0002932400142992564,0.02818696979166528,-0.03863187877488006,-2.2055593043765946,0.5451022777604292
us,midpoint,practical,126,618,0.0010194420062223722,0.0005094392399842898,0.02818696979166528,-0.03863187877488006,1.354536139895878,0.9472089195153545
us,midpoint,practical,127,588,0.001882386517727614,-0.0004883772826199673,0.02818696979166528,-0.03863187877488006,2.5010265673552254,-0.9086194245532745
us,midpoint,practical,128,956,0.0004101044636822086,-5.316609909308129e-05,0.02818696979166528,-0.03863187877488006,0.5449827441678874,-0.09917477040298342
us,midpoint,practical,129,708,-0.0005777234460136553,0.00040818928882026956,0.02818696979166528,-0.03863187877488006,-0.7674252117828302,0.7588952115850268
us,midpoint,practical,130,571,0.001498925782691795,-0.0007610743725245117,0.02818696979166528,-0.03863187877488006,1.991568478030068,-1.4158058434241916
us,midpoint,practical,131,1084,0.0008827761309787262,-0.0009240288959819765,0.02818696979166528,-0.03863187877488006,1.1729646533887275,-1.718883229472348
us,midpoint,practical,132,694,5.517038902867408e-05,0.0004332815600034609,0.02818696979166528,-0.03863187877488006,0.07342459234696701,0.8055640600395355
us,midpoint,practical,133,708,-0.0015238866734441602,0.000539115618473425,0.02818696979166528,-0.03863187877488006,-2.024478323078418,1.0024037004212711
us,midpoint,practical,134,1000,-0.00020499441805692936,-2.4490570794531707e-05,0.02818696979166528,-0.03863187877488006,-0.27222504897836675,-0.0458414601279674
us,midpoint,practical,135,769,0.00012008649559635404,-0.0002653369498146832,0.02818696979166528,-0.03863187877488006,0.15967080374931378,-0.49378908038316455
us,midpoint,practical,136,702,1.238830438744093e-05,-0.0006258147145800017,0.02818696979166528,-0.03863187877488006,0.016585189750417274,-1.1642378433601102
us,midpoint,practical,137,721,5.08373599111718e-05,-9.113059932291251e-05,0.02818696979166528,-0.03863187877488006,0.06766781848852547,-0.1697845408355623
us,midpoint,practical,138,540,0.0003657101466068603,0.00020555629971975853,0.02818696979166528,-0.03863187877488006,0.48600136253571197,0.38202026905090375
us,midpoint,practical,139,436,0.0006100491035768117,-0.0001598586489071352,0.02818696979166528,-0.03863187877488006,0.8106251030967515,-0.2976111097102301
us,midpoint,practical,140,993,-0.0005631064273163844,0.00034058923501307375,0.02818696979166528,-0.03863187877488006,-0.7480053397157562,0.6331665900659836
us,midpoint,practical,141,676,0.0001533776242399823,1.684615297850578e-05,0.02818696979166528,-0.03863187877488006,0.20390071633391416,0.03104027302746151
us,midpoint,practical,142,762,-0.00024256881677806041,-0.00040976800135190256,0.02818696979166528,-0.03863187877488006,-0.3221456265786286,-0.7624148579027009
us,midpoint,practical,143,577,-0.0009432378483077188,0.00019046049000289583,0.02818696979166528,-0.03863187877488006,-1.2530401704986587,0.3539437330199089
us,midpoint,practical,144,801,-0.0005374223178339216,-0.0003300158107753734,0.02818696979166528,-0.03863187877488006,-0.7138819571959492,-0.6140846063779059
us,midpoint,practical,145,675,0.00011047861110263096,-0.00017667352100524114,0.02818696979166528,-0.03863187877488006,0.1469059649290582,-0.32888491159127003
us,midpoint,practical,146,889,-0.0007439760107275234,-0.00046545022161215144,0.02818696979166528,-0.03863187877488006,-0.9883049687587891,-0.865977627488775
us,midpoint,practical,147,604,0.002076350087495755,-0.0006156426935421816,0.02818696979166528,-0.03863187877488006,2.7587225988499067,-1.1453190095556955
us,midpoint,practical,148,639,9.630843678248846e-07,0.00041230074264909933,0.02818696979166528,-0.03863187877488006,0.0014058761219451995,0.7665420608584357
us,midpoint,practical,149,848,-0.0003476490981101747,-0.00010501402206870153,0.02818696979166528,-0.03863187877488006,-0.46175313906151255,-0.19560617122616378
us,midpoint,practical,150,721,-3.319059560704524e-05,-9.718797688661879e-05,0.02818696979166528,-0.03863187877488006,-0.04397000451885861,-0.1810505929792087
us,midpoint,practical,151,681,0.00026292057777128897,0.0007959953730565239,0.02818696979166528,-0.03863187877488006,0.3494372438218746,1.4801716254587096
us,midpoint,practical,152,711,0.0004657571162748342,-0.0003351984379295278,0.02818696979166528,-0.03863187877488006,0.6189217200921561,-0.6237237195330145
us,midpoint,practical,153,632,0.00017320472440535833,-0.0012589719060688356,0.02818696979166528,-0.03863187877488006,0.2302425960733546,-2.3418401736453287
us,midpoint,practical,154,718,4.015387075323451e-05,9.185811799927723e-06,0.02818696979166528,-0.03863187877488006,0.05347395331163752,0.016792885895268724
us,midpoint,practical,155,633,-0.00022133002451697747,-0.0006508219131120749,0.02818696979166528,-0.03863187877488006,-0.2939282015953522,-1.210748466095087
us,midpoint,practical,156,708,0.0014639450586091014,-0.00022037102226214744,0.02818696979166528,-0.03863187877488006,1.9450938035038356,-0.41015742969498586
us,midpoint,practical,157,552,1.993732130517456e-05,-3.1897171956299375e-06,0.02818696979166528,-0.03863187877488006,0.02661465922095542,-0.0062242289374828865
us,midpoint,practical,158,559,0.0010751050692542827,-0.00036604313917570214,0.02818696979166528,-0.03863187877488006,1.4284889469168471,-0.6810914515160238
us,midpoint,practical,159,666,-0.000813499294720476,0.0004390688311352933,0.02818696979166528,-0.03863187877488006,-1.0806721818538962,0.8163277441016449
us,midpoint,practical,160,956,0.00011335410566608306,0.0004728654806119975,0.02818696979166528,-0.03863187877488006,0.1507262881911631,0.8791857732207873
us,midpoint,practical,161,596,-0.0001641427090141069,0.0007225437487740211,0.02818696979166528,-0.03863187877488006,-0.21795030391827733,1.3435597302121007
us,midpoint,practical,162,541,-0.0009128228796181775,0.00045349993548034206,0.02818696979166528,-0.03863187877488006,-1.212631465200551,0.8431680016771101
us,midpoint,practical,163,769,-0.0014615819955614666,2.5547929769123567e-05,0.02818696979166528,-0.03863187877488006,-1.941701602413207,0.04722461518451344
us,midpoint,practical,164,786,0.0001158936651271085,0.0004926593038708862,0.02818696979166528,-0.03863187877488006,0.1541002949473458,0.9160000947009093
us,midpoint,practical,166,724,0.0002999572320634518,-0.0006537422776545787,0.02818696979166528,-0.03863187877488006,0.3986433851727463,-1.2161800210655802
us,midpoint,practical,167,632,-0.0027893115567120333,0.0003279249968432055,0.02818696979166528,-0.03863187877488006,-3.705695940193613,0.6096125081087752
us,midpoint,practical,168,650,-0.0005815598400197922,-0.000665106188034302,0.02818696979166528,-0.03863187877488006,-0.7725221663904053,-1.2373156371877745
us,midpoint,practical,170,648,-0.001175380557491952,-0.0003456161481580969,0.02818696979166528,-0.03863187877488006,-1.5614602257116594,-0.643099508051742
us,midpoint,practical,171,856,0.00022296438804501884,-5.0081720272307506e-05,0.02818696979166528,-0.03863187877488006,0.2963522674089503,-0.09343816701973079
us,midpoint,practical,172,744,-0.0003186406490365973,0.00038083580603797546,0.02818696979166528,-0.03863187877488006,-0.4232131069564512,0.7080207597129687
us,midpoint,practical,173,700,-0.0012887936841160207,0.0003769030413761365,0.02818696979166528,-0.03863187877488006,-1.7121385860107732,0.7007062525218638
us,midpoint,practical,175,825,9.455661295953641e-05,-0.00047889009504597374,0.02818696979166528,-0.03863187877488006,0.12575232386210006,-0.8909743052287713
us,midpoint,practical,176,576,-0.0002529332223270321,0.0004579231689603516,0.02818696979166528,-0.03863187877488006,-0.33591556379912907,0.8513947266096765
us,midpoint,practical,177,601,0.0003422566184710131,0.0019624989627678446,0.02818696979166528,-0.03863187877488006,0.45484148476907066,3.649739252575125
us,midpoint,practical,178,909,-0.00033853632960196764,5.651908863988503e-05,0.02818696979166528,-0.03863187877488006,-0.4496461012125918,0.10482754435930686
us,midpoint,practical,179,786,0.0001046024305076318,-0.0002296639550359858,0.02818696979166528,-0.03863187877488006,0.13909899158098332,-0.4274412565815181
us,midpoint,practical,181,601,-0.00013650914358598332,-0.0001458365257131361,0.02818696979166528,-0.03863187877488006,-0.18123691410291976,-0.2715315118303236
us,midpoint,practical,182,484,0.000729644818163757,-0.00040900030050749353,0.02818696979166528,-0.03863187877488006,0.9695175233056958,-0.7609870192624856
us,midpoint,practical,183,666,0.00026683259976849685,0.0003586138707605199,0.02818696979166528,-0.03863187877488006,0.3546346762315041,0.6666904184992096
us,midpoint,practical,184,709,0.00018396345338661177,-0.0001832625173732727,0.02818696979166528,-0.03863187877488006,0.24453642334055728,-0.34113971589822173
us,midpoint,practical,185,808,6.798035247199824e-06,-0.00014212856845233213,0.02818696979166528,-0.03863187877488006,0.009158072513147618,-0.26463512153480606
us,midpoint,practical,186,585,0.00032123177922611587,-0.0006270832487731554,0.02818696979166528,-0.03863187877488006,0.42690831338693846,-1.1665971766220316
us,midpoint,practical,187,786,-0.0007777454559934824,0.0007187787789706759,0.02818696979166528,-0.03863187877488006,-1.0331703630244078,1.3365573028947275
us,midpoint,practical,188,889,-0.0005686898273884085,-0.00020280331678665386,0.02818696979166528,-0.03863187877488006,-0.7554233308494915,-0.37748344101760944
us,midpoint,practical,189,571,-0.0005295556633466703,0.0007683176967099373,0.02818696979166528,-0.03863187877488006,-0.7034304809474569,1.42869420942245
us,midpoint,practical,190,696,2.077002180364551e-05,0.00029428599762919283,0.02818696979166528,-0.03863187877488006,0.027720968071303528,0.5470476910374642
us,midpoint,practical,191,685,-0.0006602207728425152,0.00022515515702453692,0.02818696979166528,-0.03863187877488006,-0.8770294728207644,0.4184719754253729
us,midpoint,practical,192,769,-0.00020540722584073967,-2.8902224178027625e-05,0.02818696979166528,-0.03863187877488006,-0.27277349695643394,-0.054046647362119
us,midpoint,practical,193,918,3.3462051775824675e-05,-0.0002749987567647952,0.02818696979166528,-0.03863187877488006,0.04458333949162648,-0.5117589724291881
us,midpoint,practical,195,652,-0.0005009278501294755,2.706354151824075e-07,0.02818696979166528,-0.03863187877488006,-0.6653961538557217,0.00021164410143689776
us,midpoint,practical,196,532,-0.0003434469647391192,-0.0002580537766353752,0.02818696979166528,-0.03863187877488006,-0.4561702706144799,-0.4802431840036947
us,midpoint,practical,197,889,-7.791718688494181e-06,0.000348329849311331,0.02818696979166528,-0.03863187877488006,-0.010225576149364228,0.647563276320202
us,midpoint,practical,198,721,0.00038732825804052226,-0.0006730847096569348,0.02818696979166528,-0.03863187877488006,0.5147227432131443,-1.2521548047457551
us,midpoint,practical,199,542,0.0001667872017859541,0.0008716370085167374,0.02818696979166528,-0.03863187877488006,0.22171640678417676,1.6208566992159479
us,midpoint,practical,200,618,-0.0004968954633561805,-0.00018696234926223604,0.02818696979166528,-0.03863187877488006,-0.6600388072665044,-0.3480209939010218
us,midpoint,practical,201,816,-0.00016239671246054757,0.00034392889027253654,0.02818696979166528,-0.03863187877488006,-0.21563060860954758,0.6393779793840848
us,midpoint,practical,202,796,0.00045878493114397123,-2.3401258370844835e-05,0.02818696979166528,-0.03863187877488006,0.6096586175352309,-0.04381545953003386
us,midpoint,practical,203,786,-0.0006460284086339946,-0.00027674159441535423,0.02818696979166528,-0.03863187877488006,-0.8581737880216302,-0.5150004576499136
us,midpoint,practical,204,618,-0.000380095718154682,-0.0006766146353670219,0.02818696979166528,-0.03863187877488006,-0.5048610547947622,-1.2587200760524866
us,midpoint,practical,205,721,-0.0011737681091979722,-0.00016369236139202742,0.02818696979166528,-0.03863187877488006,-1.5593179598890325,-0.3047413908103102
us,midpoint,practical,206,664,-1.7158625817942363e-05,0.00020459533013320735,0.02818696979166528,-0.03863187877488006,-0.02267025737235596,0.38023297193153455
us,midpoint,practical,207,666,5.648339452924561e-05,-0.00023346404812638055,0.02818696979166528,-0.03863187877488006,0.07516902459902565,-0.43450900932713077
us,midpoint,practical,208,825,0.0005758144049854454,0.00011249135464413973,0.02818696979166528,-0.03863187877488006,0.7651415827792124,0.20892976694160673
us,midpoint,practical,209,731,0.00013693677632896362,-0.00019718636384279814,0.02818696979166528,-0.03863187877488006,0.18205774207776065,-0.3670365299429153
us,midpoint,practical,210,1082,-0.00013611542639882512,0.00020383099238061725,0.02818696979166528,-0.03863187877488006,-0.1807138295010886,0.37881138827004507
us,midpoint,practical,211,601,0.00045301650827032566,0.0008077380007017673,0.02818696979166528,-0.03863187877488006,0.6019948088916874,1.5020116137974573
us,midpoint,practical,212,664,0.00030939912000571557,0.00068810499763923,0.02818696979166528,-0.03863187877488006,0.4111876843699995,1.279507463044323
us,midpoint,practical,213,434,6.5385795289679e-05,0.000385474637297642,0.02818696979166528,-0.03863187877488006,0.08699657216108196,0.7166484726642155
us,midpoint,practical,214,721,0.00010825005803664564,0.0002840076272419001,0.02818696979166528,-0.03863187877488006,0.14394515490805163,0.5279310592084092
us,midpoint,practical,215,510,2.985285739850324e-05,0.0005699808608689502,0.02818696979166528,-0.03863187877488006,0.0397882376637913,1.0598096366696153
us,midpoint,practical,216,661,0.000471618774121111,-7.887262190824085e-05,0.02818696979166528,-0.03863187877488006,0.6267093988133243,-0.14698605893858224
us,midpoint,practical,217,956,-0.0005810596046607365,-0.00010322990689614481,0.02818696979166528,-0.03863187877488006,-0.7718575639240965,-0.1922879143810355
us,midpoint,practical,218,961,0.00010394706732349754,0.0001861271088550165,0.02818696979166528,-0.03863187877488006,0.1382282894592344,0.34588412348478326
us,midpoint,practical,219,758,0.00010996110590337504,0.001111654944120459,0.02818696979166528,-0.03863187877488006,0.14621841810629385,2.0672635063668934
us,midpoint,practical,220,561,0.0026619637505224114,-0.0002361446206189874,0.02818696979166528,-0.03863187877488006,3.53675693350062,-0.4394945776128981
us,midpoint,practical,221,645,-0.0002499825297234068,-0.00039283314657130586,0.02818696979166528,-0.03863187877488006,-0.3319953339589385,-0.7309179015058562
us,midpoint,practical,222,1038,0.0002820370031838479,7.931204479158516e-05,0.02818696979166528,-0.03863187877488006,0.3748349356207479,0.14721992122738864
us,midpoint,practical,223,648,0.00038810182889126993,-8.316472006909825e-05,0.02818696979166528,-0.03863187877488006,0.5157504936229553,-0.15496888668496459
us,midpoint,practical,224,862,-0.00015779394657432222,0.0005683802795224541,0.02818696979166528,-0.03863187877488006,-0.2095154679973325,1.0568327324366984
us,midpoint,practical,225,848,-0.0003658114578173194,0.0007541511944551688,0.02818696979166528,-0.03863187877488006,-0.4858832786784771,1.4023460824621004
us,midpoint,practical,226,747,-0.00014365427496208436,8.163568638717977e-06,0.02818696979166528,-0.03863187877488006,-0.1907297895038539,0.01489162670570149
us,midpoint,practical,227,708,0.00012353195362737115,0.00044365576432012915,0.02818696979166528,-0.03863187877488006,0.16424836881648563,0.8248589323751662
us,midpoint,practical,228,758,-3.000359463291996e-06,-0.0003805083666243436,0.02818696979166528,-0.03863187877488006,-0.0038598742844419723,-0.7079951742891486
us,midpoint,practical,229,708,-0.00018774238495610635,-0.0002589587234760257,0.02818696979166528,-0.03863187877488006,-0.24930435067088902,-0.48192628501345885
us,midpoint,practical,230,731,0.0003894223118215967,0.00021467609893905532,0.02818696979166528,-0.03863187877488006,0.5175048602352447,0.3989820866796728
us,midpoint,practical,231,541,-0.0008278360661396998,9.426613864186445e-05,0.02818696979166528,-0.03863187877488006,-1.099719723119489,0.1750328814244984
us,midpoint,practical,232,618,0.0009693784630613461,0.00010579556053195993,0.02818696979166528,-0.03863187877488006,1.2880227404436981,0.19647633064552378
us,midpoint,practical,233,549,0.00014191452716475622,0.001257534753569517,0.02818696979166528,-0.03863187877488006,0.1886710800240897,2.338583813327039
us,midpoint,practical,235,664,0.001525433777498985,0.00043531824920222534,0.02818696979166528,-0.03863187877488006,2.0267864577406915,0.8093520766312637
us,midpoint,practical,236,661,0.00010325855614391755,-0.0006136105151462803,0.02818696979166528,-0.03863187877488006,0.13731354758873998,-1.141539382558265
us,midpoint,practical,237,664,-0.0006893658937815947,0.0012584392838787747,0.02818696979166528,-0.03863187877488006,-0.9157510843708676,2.3402661396344935
us,midpoint,practical,238,796,0.0003284349876365722,-0.0003571505965832486,0.02818696979166528,-0.03863187877488006,0.4364783487478189,-0.6645523060718888
us,midpoint,practical,239,700,0.0012763611028838613,5.051256782468566e-05,0.02818696979166528,-0.03863187877488006,1.6958735967389658,0.09365608014162499
us,midpoint,practical,240,664,-0.0005061379625153871,-0.00010326935402334148,0.02818696979166528,-0.03863187877488006,-0.6723182026048535,-0.19236128167360408
us,midpoint,practical,241,1041,-0.00037514990692663966,9.342238764017963e-06,0.02818696979166528,-0.03863187877488006,-0.49829015115800257,0.01708382274303468
us,midpoint,practical,242,632,-0.00018801818284037985,0.00010568138633238605,0.02818696979166528,-0.03863187877488006,-0.24967077009880978,0.1962639792653547
us,midpoint,practical,243,744,0.00231236061478729,-0.0008581954430317978,0.02818696979166528,-0.03863187877488006,3.0722813580885466,-1.5964402901091301
us,midpoint,practical,244,618,0.0007472306222716524,0.00016031325645739225,0.02818696979166528,-0.03863187877488006,0.992881662946272,0.29787321379962167
us,midpoint,practical,245,666,-0.0005932478144848631,0.00012961053225921115,0.02818696979166528,-0.03863187877488006,-0.7880505702007722,0.24076954341902543
us,midpoint,practical,246,681,-0.0005457523836712302,-0.0004716118253316609,0.02818696979166528,-0.03863187877488006,-0.7249491122855872,-0.8774375287517244
us,midpoint,practical,247,1000,0.0009511551616630115,-0.0012115303938016742,0.02818696979166528,-0.03863187877488006,1.26381163494231,-2.2536042092607254
us,midpoint,practical,248,578,0.0015111154578501124,-0.001833867785632791,0.02818696979166528,-0.03863187877488006,2.007763431119778,-3.4110829091719665
us,midpoint,practical,249,585,9.175059930605425e-05,-0.000486304845459834,0.02818696979166528,-0.03863187877488006,0.12202431151583001,-0.9047649207081805
us,midpoint,practical,250,681,0.00040976678826480303,-0.00015032448484831457,0.02818696979166528,-0.03863187877488006,0.5445341155150804,-0.2798786193209351
us,midpoint,practical,251,744,0.0009847856713356175,-0.0013837427217643222,0.02818696979166528,-0.03863187877488006,1.3084924422203659,-2.5739000875019395
us,midpoint,practical,252,731,0.00035310539794067286,0.00019747058080084312,0.02818696979166528,-0.03863187877488006,0.469254951273292,0.36698172638102394
us,midpoint,practical,253,796,-0.0006286216280113888,3.5678137270185595e-05,0.02818696979166528,-0.03863187877488006,-0.8350474953218925,0.06606568043637014
us,midpoint,practical,254,848,-0.0007231794277993558,-0.00033397711681572295,0.02818696979166528,-0.03863187877488006,-0.9606750540503465,-0.6214521973755212
us,midpoint,practical,255,867,6.537821794132953e-05,-0.0004877460254622476,0.02818696979166528,-0.03863187877488006,0.08698650505105071,-0.9074453560756001
us,midpoint,practical,256,501,0.00013568372510852633,4.48640009976381e-05,0.02818696979166528,-0.03863187877488006,0.1803929638559933,0.08315037074162318
us,midpoint,practical,257,673,-0.00045642546687226643,0.0003238225941116918,0.02818696979166528,-0.03863187877488006,-0.6062711977046941,0.6019824928750556
us,midpoint,practical,258,796,7.937529894911505e-05,-4.031503069455711e-05,0.02818696979166528,-0.03863187877488006,0.10558274058397889,-0.07527320488941586
us,midpoint,practical,259,601,-0.0004010014744124796,-0.0003717744094998976,0.02818696979166528,-0.03863187877488006,-0.5326360149559378,-0.6917509802712715
us,midpoint,practical,260,606,-0.0002929884835673989,-0.00011577762163295091,0.02818696979166528,-0.03863187877488006,-0.38913216459928957,-0.2156252756436812
us,midpoint,practical,261,1035,-0.0002541667197442539,0.00021151503467423116,0.02818696979166528,-0.03863187877488006,-0.3375543632378946,0.3931028568541613
us,midpoint,practical,262,1129,7.262688595242872e-05,-0.00022159172377105713,0.02818696979166528,-0.03863187877488006,0.09661693710752196,-0.4124277994559208
us,midpoint,practical,263,441,0.0006209375838402559,-0.00011274692350758675,0.02818696979166528,-0.03863187877488006,0.8250913152635612,-0.20998851241522024
us,midpoint,practical,264,696,-0.0005681152170512356,0.00048532043273886993,0.02818696979166528,-0.03863187877488006,-0.75465991530851,0.9023506062912404
us,midpoint,practical,265,856,-0.0010832466930810435,-0.00027596284640434704,0.02818696979166528,-0.03863187877488006,-1.4390530579463858,-0.5135520725019685
us,midpoint,practical,266,758,0.00010481080582630184,0.00022830997335852865,0.02818696979166528,-0.03863187877488006,0.1393758347672935,0.42433958479074174
us,midpoint,practical,267,808,0.00035365260930270495,7.35121498643132e-05,0.02818696979166528,-0.03863187877488006,0.4699819650963157,0.13643275830232643
us,midpoint,practical,268,786,-0.0003627647125962405,-0.0001035221915919246,0.02818696979166528,-0.03863187877488006,-0.48183543529538225,-0.19283153157986674
us,midpoint,practical,269,531,0.0015672732219713069,0.0002781282212869357,0.02818696979166528,-0.03863187877488006,2.082373487889434,0.516996014568107
us,midpoint,practical,270,619,-0.00021994666423832618,-0.00021112850319437992,0.02818696979166528,-0.03863187877488006,-0.292090297424162,-0.3929673667245007
us,midpoint,practical,271,1176,0.000262120779943472,-0.0004677679087910641,0.02818696979166528,-0.03863187877488006,0.34837464878677155,-0.8702882692369038
us,midpoint,practical,272,606,0.0006565552468713043,-0.0005556258731351169,0.02818696979166528,-0.03863187877488006,0.8724122138487325,-1.0336943632313313
us,midpoint,practical,273,795,-0.00017221006747788342,0.000485723191068238,0.02818696979166528,-0.03863187877488006,-0.22866843136481446,0.9030996922268995
us,midpoint,practical,274,601,-0.000344945383376493,-0.0008152876195253456,0.02818696979166528,-0.03863187877488006,-0.45816103896768395,-1.5166364852595786
us,midpoint,practical,275,666,-0.000361050383525411,-0.0001884797955267678,0.02818696979166528,-0.03863187877488006,-0.47955781275648585,-0.35084327607868027
us,midpoint,practical,276,700,-0.001201769740282254,-0.0015998946855932464,0.02818696979166528,-0.03863187877488006,-1.596520354206807,-2.975918827433059
us,midpoint,practical,277,573,-0.0004423200491588779,0.0001368337834359301,0.02818696979166528,-0.03863187877488006,-0.587531028240603,0.2542039915028228
us,midpoint,practical,278,708,-9.839638509471713e-05,-0.0005875210591042637,0.02818696979166528,-0.03863187877488006,-0.1306010827235794,-1.0930158805844359
us,midpoint,practical,279,588,0.0011136895707402235,-0.0013623024822973714,0.02818696979166528,-0.03863187877488006,1.4797515263899577,-2.5340236140170775
us,midpoint,practical,280,606,-0.0017467767743148989,-0.0005581178533124592,0.02818696979166528,-0.03863187877488006,-2.3206055521374536,-1.0383291706745863
us,midpoint,practical,281,758,-0.0005135278213021822,-0.0001356514877433948,0.02818696979166528,-0.03863187877488006,-0.6821362178380214,-0.2525884679725926
us,midpoint,practical,282,396,-2.852911286071666e-05,8.257332486896751e-05,0.02818696979166528,-0.03863187877488006,-0.037776853887295486,0.15328554137742992
us,midpoint,practical,283,856,-0.0003845374664035936,-2.178765146342715e-05,0.02818696979166528,-0.03863187877488006,-0.5107622706674707,-0.04081432919481456
us,midpoint,practical,284,501,-0.0001478631922940815,0.00012857927811799064,0.02818696979166528,-0.03863187877488006,-0.19632167098263562,0.23885152480351868
us,midpoint,practical,285,700,-0.0010213736482559098,0.0016429939752273387,0.02818696979166528,-0.03863187877488006,-1.3568497961328967,3.055495322437147
us,midpoint,practical,286,681,0.0005423447334862858,-0.00030362488852226505,0.02818696979166528,-0.03863187877488006,0.7206744618086396,-0.565000410602512
us,midpoint,practical,287,673,-3.208345309213198e-05,0.00023407980847935106,0.02818696979166528,-0.03863187877488006,-0.04249907761885757,0.4350708398013101
us,midpoint,practical,288,731,-2.3096468141900472e-05,9.081145895609849e-05,0.02818696979166528,-0.03863187877488006,-0.030559153232306728,0.16860755939857186
us,midpoint,practical,289,961,-0.00013176817709086366,9.994796160364694e-05,0.02818696979166528,-0.03863187877488006,-0.17493816298846043,0.18560044355599656
us,midpoint,practical,290,606,0.00025866309899926637,6.488187700332687e-05,0.02818696979166528,-0.03863187877488006,0.34378084460714287,0.1203814055439427
us,midpoint,practical,292,1129,0.00011338295583579808,0.00048385928072672973,0.02818696979166528,-0.03863187877488006,0.1507646179365498,0.8996330251952235
us,midpoint,practical,293,478,-0.00019478184486029088,-0.0005390497259933485,0.02818696979166528,-0.03863187877488006,-0.258656833115622,-1.0028645633590492
us,midpoint,practical,294,664,-0.00010405928228259323,9.1099538270141e-05,0.02818696979166528,-0.03863187877488006,-0.13812469209941464,0.16914335505261113
us,midpoint,practical,295,1082,0.0007181970693356174,-0.00018298727872356063,0.02818696979166528,-0.03863187877488006,0.9543082783630199,-0.3406278024592804
us,midpoint,practical,296,856,-0.0006144383548092984,8.558116292623624e-05,0.02818696979166528,-0.03863187877488006,-0.8162038886479557,0.15887978740823203
us,midpoint,practical,297,531,-0.0020241572284670634,-0.0002520355744272812,0.02818696979166528,-0.03863187877488006,-2.6891275500293785,-0.46904999368753586
us,midpoint,practical,298,604,-0.0002937931223104366,0.0008163616141797364,0.02818696979166528,-0.03863187877488006,-0.39020119117533963,1.5180505808401532
us,midpoint,practical,299,636,-0.00037536143812991196,0.0009075820083733269,0.02818696979166528,-0.03863187877488006,-0.4985711871880454,1.6877104223706791
us,midpoint,practical,300,681,-0.0002588821039300436,9.525458197714304e-05,0.02818696979166528,-0.03863187877488006,-0.34381912621943456,0.17687127667709263
us,midpoint,practical,301,721,-0.0008469346988264972,0.00011744780035380376,0.02818696979166528,-0.03863187877488006,-1.1250937758668451,0.21814820763231071
us,midpoint,practical,302,816,0.00032123802374904586,4.781071589392283e-05,0.02818696979166528,-0.03863187877488006,0.42691660973237877,0.08863093445502176
us,midpoint,practical,303,515,0.00021697257673235562,0.002128109029286347,0.02818696979166528,-0.03863187877488006,0.28839166945447886,3.9577556549353248
us,midpoint,practical,304,913,-0.0003458868016286733,-1.3118398289650723e-05,0.02818696979166528,-0.03863187877488006,-0.459411788001915,-0.024690477367015042
us,midpoint,practical,305,582,0.0010904028271856957,-0.001206784615383892,0.02818696979166528,-0.03863187877488006,1.4488132352066727,-2.244777586426898
us,midpoint,practical,306,816,0.0008052338215440887,-0.0005128326510076761,0.02818696979166528,-0.03863187877488006,1.0699435271116382,-0.9541037042684442
us,midpoint,practical,307,652,0.0011046957929975627,7.057974293468022e-05,0.02818696979166528,-0.03863187877488006,1.467802577238324,0.13097880582401641
us,midpoint,practical,308,664,0.0001812449050978271,0.0013571399119198038,0.02818696979166528,-0.03863187877488006,0.24092461568882195,2.5238383885864826
us,midpoint,practical,309,609,-0.0017743314643844273,-0.00015687325939384156,0.02818696979166528,-0.03863187877488006,-2.3572141497646855,-0.29205861548774975
us,midpoint,practical,310,961,-5.642391246299394e-05,-0.0006338493312803353,0.02818696979166528,-0.03863187877488006,-0.0748373140831924,-1.1791813415568424
us,midpoint,practical,311,498,0.001008979260811442,0.0006368861196498626,0.02818696979166528,-0.03863187877488006,1.3406355503462069,1.1842460163046202
us,midpoint,practical,312,639,-0.0005350056013290055,0.0004177153340964787,0.02818696979166528,-0.03863187877488006,-0.7106711570786435,0.7766126019368416
us,midpoint,practical,313,1000,-0.0002221654761744192,0.00040676298027177843,0.02818696979166528,-0.03863187877488006,-0.2950381655792371,0.756242435476681
us,midpoint,practical,314,606,-0.0011772065606909486,0.00018913832514023954,0.02818696979166528,-0.03863187877488006,-1.5638862162130742,0.35148465264584866
us,midpoint,practical,315,574,-0.00045895133908156055,0.0007459741992496133,0.02818696979166528,-0.03863187877488006,-0.6096270198581833,1.3871377759969228
us,midpoint,practical,317,540,0.0004079856429715159,0.0003068983603962197,0.02818696979166528,-0.03863187877488006,0.5421677223096748,0.5705052904843392
us,midpoint,practical,318,696,0.0001806476454959162,0.00023264253033705024,0.02818696979166528,-0.03863187877488006,0.24013110879797378,0.4323976614620394
us,midpoint,practical,319,913,-0.00020651629430739477,-5.467660770466787e-05,0.02818696979166528,-0.03863187877488006,-0.2742469826365261,-0.10198414931367311
us,midpoint,practical,320,796,0.00020925129021840197,3.452412294270568e-05,0.02818696979166528,-0.03863187877488006,0.27813332612197705,0.0639193414553229
us,midpoint,practical,321,681,-0.0011542122996273559,-0.0009926018602601575,0.02818696979166528,-0.03863187877488006,-1.5333365112848563,-1.8464213568347931
us,midpoint,practical,322,604,-0.0011899017144892457,0.00045185776618344303,0.02818696979166528,-0.03863187877488006,-1.5807527378848831,0.8401137484572994
us,midpoint,practical,323,1082,-0.0003508934949329849,-0.0002162039910734645,0.02818696979166528,-0.03863187877488006,-0.4660635783199339,-0.40240721268074736
us,midpoint,practical,324,796,-0.0002672052708696908,0.0004957757265530577,0.02818696979166528,-0.03863187877488006,-0.35487711557474855,0.9217962961213642
us,midpoint,practical,325,1176,0.00015361045329126757,-0.0001300882434811662,0.02818696979166528,-0.03863187877488006,0.20421004824920425,-0.24224144910395862
us,midpoint,practical,326,825,0.0003716356372593897,-0.00035945165925592437,0.02818696979166528,-0.03863187877488006,0.49387384821764163,-0.6688320280775782
us,midpoint,practical,327,1035,-9.877227420774723e-05,0.00042441088853893694,0.02818696979166528,-0.03863187877488006,-0.13110048131077648,0.789065592473757
us,midpoint,practical,328,758,0.0016026325975072343,-0.0005478638173141287,0.02818696979166528,-0.03863187877488006,2.129351230991558,-1.019257798116899
us,midpoint,practical,329,816,0.0005192900038264309,-0.00019927274404880208,0.02818696979166528,-0.03863187877488006,0.6900444195402426,-0.3709169663108161
us,midpoint,practical,330,640,0.0003351422557608813,-0.0002270196384788134,0.02818696979166528,-0.03863187877488006,0.44538948798840594,-0.4225231203246816
us,midpoint,practical,331,616,0.0006996710788368492,0.0007788278375230676,0.02818696979166528,-0.03863187877488006,0.9296950263139493,1.4482419086029088
us,midpoint,practical,332,856,0.00023771303252216602,0.0001692676413715538,0.02818696979166528,-0.03863187877488006,0.3159470147949156,0.31452737912054646
us,midpoint,practical,333,889,7.946115493167802e-05,0.00047870436152077506,0.02818696979166528,-0.03863187877488006,0.10569680708632777,0.890045445758449
us,midpoint,practical,334,606,0.00011845270446404765,-2.9018931113101998e-05,0.02818696979166528,-0.03863187877488006,0.1575001822682293,-0.05426370935012368
us,midpoint,practical,335,652,0.0004505800835832331,-5.199665929289665e-05,0.02818696979166528,-0.03863187877488006,0.5987578248866502,-0.09699974174921823
us,midpoint,practical,336,744,-0.0003771535193894081,0.000651423639875949,0.02818696979166528,-0.03863187877488006,-0.5009521096944737,1.2112841956460765
us,midpoint,practical,337,542,0.0009581798724212082,-0.0006568846608578788,0.02818696979166528,-0.03863187877488006,1.2731445219733601,-1.2220245061833341
us,midpoint,practical,338,633,-0.0006335689716224016,-0.000264718611014729,0.02818696979166528,-0.03863187877488006,-0.8416204348513235,-0.492639038621782
us,midpoint,practical,339,724,2.4300881038552546e-05,-0.00011479176057123397,0.02818696979166528,-0.03863187877488006,0.03241199543118119,-0.21379168313423594
us,midpoint,practical,340,1035,0.0009858200066530168,-0.00037502371344732416,0.02818696979166528,-0.03863187877488006,1.3098666389669364,-0.6977943261445086
us,midpoint,practical,341,946,3.548987104085716e-05,9.876119951955642e-05,0.02818696979166528,-0.03863187877488006,0.047277458690463604,0.1833931973705226
us,midpoint,practical,342,673,0.0003665055823951456,8.089378418348059e-06,0.02818696979166528,-0.03863187877488006,0.4870581622543137,0.014753641103442829
us,midpoint,practical,343,825,0.0004207366133144978,0.0006031130426344955,0.02818696979166528,-0.03863187877488006,0.5591084007010896,1.1214318293557544
us,midpoint,practical,344,1000,0.0001277656185787908,5.7812867229861675e-05,0.02818696979166528,-0.03863187877488006,0.16987312947624825,0.10723382940654301
us,midpoint,practical,345,825,-0.00039679000570617615,-6.449293744523882e-05,0.02818696979166528,-0.03863187877488006,-0.5270407437734382,-0.12024143665516626
us,midpoint,practical,346,687,0.0003975208510023018,-7.166309796785564e-05,0.02818696979166528,-0.03863187877488006,0.5282644137445278,-0.1335771419957279
us,midpoint,practical,347,732,7.582226561935607e-05,-0.00013221630148462643,0.02818696979166528,-0.03863187877488006,0.10086225317522626,-0.24619940156433284
us,midpoint,practical,348,648,0.0003314162699900383,0.0002892066834148735,0.02818696979166528,-0.03863187877488006,0.44043921950397014,0.5376007285209866
us,midpoint,practical,349,882,-0.0001796309547764524,0.0006092491263248317,0.02818696979166528,-0.03863187877488006,-0.23852767044407283,1.1328442661877105
us,midpoint,practical,350,675,-0.00032210181965415877,0.00067721803229083,0.02818696979166528,-0.03863187877488006,-0.4278115474447232,1.2592589119161843
us,midpoint,practical,351,616,-0.0007802317286063273,0.00026945543279757733,0.02818696979166528,-0.03863187877488006,-1.0364735739640185,0.5008655874444353
us,midpoint,practical,352,556,0.0003407936181856891,0.00014352827983565852,0.02818696979166528,-0.03863187877488006,0.4528977725139588,0.26665501419731147
us,midpoint,practical,353,384,0.0012906112056679728,-0.0014470908643579236,0.02818696979166528,-0.03863187877488006,1.7148059918286545,-2.6917206245506464
us,midpoint,practical,354,631,-0.0004019545643205759,0.0004366185667868394,0.02818696979166528,-0.03863187877488006,-0.5339022707134888,0.8117705234851196
us,midpoint,practical,355,664,-0.0010563804817657792,-0.0004950368141289144,0.02818696979166528,-0.03863187877488006,-1.403359159110037,-0.9210054164190594
us,midpoint,practical,356,816,-3.065420113852746e-05,0.0004245369146547995,0.02818696979166528,-0.03863187877488006,-0.040600202706985326,0.789299987107051
us,midpoint,practical,357,744,-0.0001986601459510358,0.0005913359253550757,0.02818696979166528,-0.03863187877488006,-0.26380946461864674,1.0995276941130108
us,midpoint,practical,358,582,-0.00020744887211459478,-0.00024599903994920735,0.02818696979166528,-0.03863187877488006,-0.2754859864363774,-0.45782270737730496
us,midpoint,practical,359,1176,-0.00220959871741264,0.001160958311441966,0.02818696979166528,-0.03863187877488006,-2.9355013192524537,2.1589623151764252
us,midpoint,practical,360,510,0.0012254026372227854,-0.0002707077663241242,0.02818696979166528,-0.03863187877488006,1.628171221557819,-0.5037782049198058
us,midpoint,practical,361,685,-0.00039664851514218183,-0.00045441714279895185,0.02818696979166528,-0.03863187877488006,-0.5268527623041402,-0.8454573214805735
us,midpoint,practical,362,848,0.000540327572936438,-0.0005410536472961469,0.02818696979166528,-0.03863187877488006,0.7179945035607853,-1.0065916352893773
us,midpoint,practical,363,661,0.0005564003778535734,-0.0006309640789029167,0.02818696979166528,-0.03863187877488006,0.7393485034231568,-1.173815091328965
us,midpoint,practical,364,664,-6.502390326269814e-05,-0.0007595177980157936,0.02818696979166528,-0.03863187877488006,-0.08626308595686799,-1.412910787041086
us,midpoint,practical,365,561,0.003166451335777372,-6.2426507167478995e-06,0.02818696979166528,-0.03863187877488006,4.207008820563442,-0.01190234754215449
us,midpoint,practical,366,574,0.0007961929272703276,-0.0012873918464086087,0.02818696979166528,-0.03863187877488006,1.0579319799004985,-2.3946981185925966
us,midpoint,practical,367,585,1.292719374050566e-05,-0.0003209383259876117,0.02818696979166528,-0.03863187877488006,0.017301147122544002,-0.5972014889105662
us,midpoint,practical,368,666,-2.824444496524886e-06,-9.508145880892521e-05,0.02818696979166528,-0.03863187877488006,-0.0036261572577312743,-0.17713270239780854
us,midpoint,practical,369,882,-0.00043433011004680513,0.0005972969398818709,0.02818696979166528,-0.03863187877488006,-0.5769157585612167,1.1106145216686003
us,midpoint,practical,370,777,0.0004520220980585958,-0.00024661087014736516,0.02818696979166528,-0.03863187877488006,0.6006736558238878,-0.4589606438593898
us,midpoint,practical,371,618,0.0001603478769768331,0.0001341502848549725,0.02818696979166528,-0.03863187877488006,0.21316125155167964,0.24921298101643477
us,midpoint,practical,372,601,-0.0001963855814385261,-0.0005235508301700414,0.02818696979166528,-0.03863187877488006,-0.2607875247308985,-0.9740383317632951
us,midpoint,practical,373,640,-0.0002570007014449788,1.394043207517126e-05,0.02818696979166528,-0.03863187877488006,-0.34131953335967746,0.025635953605804042
us,midpoint,practical,375,996,-3.0589514933981876e-05,0.0003120573345543054,0.02818696979166528,-0.03863187877488006,-0.04051426193870716,0.5801004116834799
us,midpoint,practical,376,604,-0.0007237702270017181,0.001281007250834805,0.02818696979166528,-0.03863187877488006,-0.9614599777864943,2.3822400614890786
us,midpoint,practical,377,604,0.001723668483272496,0.0002397797876131924,0.02818696979166528,-0.03863187877488006,2.290157033170987,0.4456721704042289
us,midpoint,practical,378,786,-0.0002968045334669524,-3.15884664688279e-05,0.02818696979166528,-0.03863187877488006,-0.39420209044297305,-0.05904276084527905
us,midpoint,practical,379,744,0.0006490427979278443,0.00046472340484064734,0.02818696979166528,-0.03863187877488006,0.8624313278408589,0.8640424130401111
us,midpoint,practical,380,604,-8.106231622521942e-05,0.0015879245404888942,0.02818696979166528,-0.03863187877488006,-0.10757139337178673,2.9530722661294533
us,midpoint,practical,381,952,-0.0001990156123735723,-6.261329115242464e-06,0.02818696979166528,-0.03863187877488006,-0.2642817300369764,-0.01193708729697189
us,midpoint,practical,382,587,-0.000696405166255732,-0.0002087658760223654,0.02818696979166528,-0.03863187877488006,-0.9251033177998735,-0.3885731415608929
us,midpoint,practical,383,522,0.00015219778631185912,-0.00045036906794155424,0.02818696979166528,-0.03863187877488006,0.20233320779482256,-0.8379283500824424
us,midpoint,practical,384,666,0.0005100040240148852,0.0004340586749650849,0.02818696979166528,-0.03863187877488006,0.6777072566965421,0.8070094078962914
us,midpoint,practical,385,601,0.0006138081310750124,-0.0004699072057565215,0.02818696979166528,-0.03863187877488006,0.8156192701443246,-0.8742671249232317
us,midpoint,practical,386,585,-0.0003896543346207544,-0.00023906897490450635,0.02818696979166528,-0.03863187877488006,-0.5175604371212013,-0.4449335530640163
us,midpoint,practical,387,856,-0.001153055320345188,-0.0008127846732283381,0.02818696979166528,-0.03863187877488006,-1.5317993722752337,-1.511981282046923
us,midpoint,practical,388,1000,0.000506533730443081,-0.000340795640214997,0.02818696979166528,-0.03863187877488006,0.6730966956378626,-0.6341338965681157
us,midpoint,practical,389,667,-0.0001364859854754083,-0.0002902026450596132,0.02818696979166528,-0.03863187877488006,-0.181206146710882,-0.5400365226584972
us,midpoint,practical,390,889,-0.0006158044158658706,8.771005585974517e-05,0.02818696979166528,-0.03863187877488006,-0.818018809426527,0.16283929274612893
us,midpoint,practical,391,601,-0.001958899017513862,0.0008691508059333608,0.02818696979166528,-0.03863187877488006,-2.6024268257377754,1.6162326374582967
us,midpoint,practical,392,909,0.0010239252245954449,-1.998089131542702e-05,0.02818696979166528,-0.03863187877488006,1.3604924521273236,-0.0374539552005646
us,midpoint,practical,393,796,-1.8999752300078582e-05,-8.7598063399974e-05,0.02818696979166528,-0.03863187877488006,-0.025116340358420884,-0.16321441482169394
us,midpoint,practical,394,616,-0.0013928285485583745,0.0004985583295416193,0.02818696979166528,-0.03863187877488006,-1.8503571789967082,0.9269716298420214
us,midpoint,practical,395,559,-0.0008496291775577751,0.00047162000948158117,0.02818696979166528,-0.03863187877488006,-1.1286736051967918,0.8768693347041016
us,midpoint,practical,396,649,0.0010952350330831195,-0.00038246694835511463,0.02818696979166528,-0.03863187877488006,1.4552332051248376,-0.7116379196314017
us,midpoint,practical,397,848,0.00015063621890611112,0.0006600099361170758,0.02818696979166528,-0.03863187877488006,0.20025854127959117,1.2272537567566342
us,midpoint,practical,398,856,0.0006293126225947812,-7.857978947447414e-05,0.02818696979166528,-0.03863187877488006,0.8362182204511447,-0.14644142300769136
us,midpoint,practical,399,744,-0.00017139389662232385,0.000470900693381876,0.02818696979166528,-0.03863187877488006,-0.2275840834599438,0.8755314863362538
us,midpoint,practical,400,889,0.0002092417013507819,-9.572601022309751e-05,0.02818696979166528,-0.03863187877488006,0.2781205865485862,-0.17833149672174747
us,midpoint,practical,401,700,0.0007722315483721549,4.152064584406895e-05,0.02818696979166528,-0.03863187877488006,1.0260973819985284,0.07693210002980176
us,midpoint,practical,402,632,0.0012929515443484557,-0.00012961651027280224,0.02818696979166528,-0.03863187877488006,1.717915317930638,-0.24136407752402586
us,midpoint,practical,403,711,-0.0013679702702802457,0.00048525533817880134,0.02818696979166528,-0.03863187877488006,-1.817330978923562,0.9022295376108936
us,midpoint,practical,404,718,0.00010482809481352287,0.0001421302991302803,0.02818696979166528,-0.03863187877488006,0.13939880456208925,0.2640549247432597
us,midpoint,practical,405,627,-0.0003132550321825363,0.0002540995832377435,0.02818696979166528,-0.03863187877488006,-0.4160578865606759,0.4723054060736004
us,midpoint,practical,406,889,-0.0002411158633416101,0.0004987100796938343,0.02818696979166528,-0.03863187877488006,-0.3202152623614337,0.9272538683370929
us,midpoint,practical,407,1038,0.0005029113852669902,0.0004654003398417497,0.02818696979166528,-0.03863187877488006,0.6682841219277667,0.8653014372531589
us,midpoint,practical,408,732,0.0007140830307455354,0.00032431297793659997,0.02818696979166528,-0.03863187877488006,0.9488424508401123,0.6028945525384516
us,midpoint,practical,409,561,-0.0024975657467910146,-0.0008785293298099253,0.02818696979166528,-0.03863187877488006,-3.318088424453836,-1.6342590699880617
us,midpoint,practical,410,681,-0.00020385609554687475,0.0007952215314328756,0.02818696979166528,-0.03863187877488006,-0.27071269697457145,1.4787323656484608
us,midpoint,practical,411,848,-0.0003055216853591336,8.485294603415017e-05,0.02818696979166528,-0.03863187877488006,-0.40578352014771973,0.15752538455124618
us,midpoint,practical,412,553,0.0010961053041749075,0.00016472411457136432,0.02818696979166528,-0.03863187877488006,1.4563894294970037,0.3060769219204392
us,midpoint,practical,413,664,0.0002500929142724047,0.00028568371959947214,0.02818696979166528,-0.03863187877488006,0.3323946724721973,0.5310484055681796
us,midpoint,practical,414,636,0.0001790753148060778,-0.000188498509096989,0.02818696979166528,-0.03863187877488006,0.23804214240365038,-0.3508780812490182
us,midpoint,feminine,0,542,0.00014400740810792054,-0.0003276442932904841,-0.017114683350205953,-0.03437734080549351,0.11432613162985869,-0.3460084539921056
us,midpoint,feminine,1,578,0.0023480640623637326,-0.0003214466654608075,-0.017114683350205953,-0.03437734080549351,1.8456092354284617,-0.3394593116693898
us,midpoint,feminine,2,632,-0.002470958943256548,0.0006749946323618417,-0.017114683350205953,-0.03437734080549351,-1.939725905724774,0.7134977317374476
us,midpoint,feminine,3,619,0.0003092798709396702,-0.00013655285374927773,-0.017114683350205953,-0.03437734080549351,0.24414739637425437,-0.14407876918344018
us,midpoint,feminine,4,564,-0.0007757828917765684,0.00025434417868595155,-0.017114683350205953,-0.03437734080549351,-0.6081677308364567,0.26898899953399363
us,midpoint,feminine,5,568,0.00014611067439930514,0.0006303906185583796,-0.017114683350205953,-0.03437734080549351,0.11597824405901619,0.666363885919136
us,midpoint,feminine,6,675,0.0017498219831248371,0.00042207695529090233,-0.017114683350205953,-0.03437734080549351,1.3756910045301038,0.446235174418852
us,midpoint,feminine,7,708,0.0005331059166066889,8.410220976411142e-05,-0.017114683350205953,-0.03437734080549351,0.4199624101603693,0.08909131699975922
us,midpoint,feminine,8,864,-0.0010357406920588168,-0.0008841672094149836,-0.017114683350205953,-0.03437734080549351,-0.8123641821664561,-0.9340960067973508
us,midpoint,feminine,10,639,0.0002770457156538973,-0.0006049374979346794,-0.017114683350205953,-0.03437734080549351,0.21882751709450793,-0.6390290599796009
us,midpoint,feminine,11,490,-0.0021318880314077915,0.00032144629152583426,-0.017114683350205953,-0.03437734080549351,-1.6733862272324602,0.33989698226877835
us,midpoint,feminine,12,769,0.0007227482514597129,0.000828833968263297,-0.017114683350205953,-0.03437734080549351,0.5689261718050601,0.8760624634927735
us,midpoint,feminine,13,825,0.0004103448020003689,-0.0006791411207748496,-0.017114683350205953,-0.03437734080549351,0.32353374390488837,-0.7174413332229849
us,midpoint,feminine,14,1041,-0.0006611653972617183,-0.0007432061508192492,-0.017114683350205953,-0.03437734080549351,-0.5181358656073437,-0.7851399771558737
us,midpoint,feminine,15,453,-0.005042921062729222,-0.002528174053470493,-0.017114683350205953,-0.03437734080549351,-3.9599981852304684,-2.6713469513737143
us,midpoint,feminine,17,633,-6.799355004784291e-05,-5.379361775791763e-05,-0.017114683350205953,-0.03437734080549351,-0.05220029414757437,-0.0566256290591926
us,midpoint,feminine,18,609,0.0014687411243663982,0.00042429782035821595,-0.017114683350205953,-0.03437734080549351,1.154902423333676,0.4485820015929103
us,midpoint,feminine,19,681,0.0002413471166935327,0.0004350253194695952,-0.017114683350205953,-0.03437734080549351,0.19078632264969927,0.45991793856395885
us,midpoint,feminine,20,1000,-0.0001174483302010497,-0.00044121655221217304,-0.017114683350205953,-0.03437734080549351,-0.09104694771067463,-0.46602225734261865
us,midpoint,feminine,21,796,-8.179470558267177e-05,0.00012636853604058168,-0.017114683350205953,-0.03437734080549351,-0.06304108054215703,0.13375488729636284
us,midpoint,feminine,22,585,-0.0018714814141308628,-0.0011298578692579345,-0.017114683350205953,-0.03437734080549351,-1.4688372308451059,-1.1937216479125925
us,midpoint,feminine,23,618,0.0005814317421321061,0.0008742874775197959,-0.017114683350205953,-0.03437734080549351,0.45792227160391435,0.9240939860960317
us,midpoint,feminine,24,711,0.0009356232000176899,-0.0006889589323471612,-0.017114683350205953,-0.03437734080549351,0.7361391156959513,-0.7278159873732052
us,midpoint,feminine,25,609,0.001200532863886588,0.0006762838064374374,-0.017114683350205953,-0.03437734080549351,0.9442252482386947,0.7148600246552966
us,midpoint,feminine,26,1081,-0.0002981870152214093,0.00023806705889229535,-0.017114683350205953,-0.03437734080549351,-0.23301690613907022,0.251788680789118
us,midpoint,feminine,27,685,0.0003178737647993278,-0.0008498017649633469,-0.017114683350205953,-0.03437734080549351,0.25089788675132113,-0.8977814372745633
us,midpoint,feminine,28,786,0.0002839733024382514,9.798350883973711e-05,-0.017114683350205953,-0.03437734080549351,0.22426912583296402,0.103759929857592
us,midpoint,feminine,29,781,0.000862904128471776,0.0004714011542471877,-0.017114683350205953,-0.03437734080549351,0.679018397111759,0.4983569229000803
us,midpoint,feminine,30,721,-0.0012177988710831665,0.0020876920704472265,-0.017114683350205953,-0.03437734080549351,-0.9553706011006471,2.2063199590831006
us,midpoint,feminine,31,1000,-0.0012141134440822841,-0.0002737211011389143,-0.017114683350205953,-0.03437734080549351,-0.9524757038734861,-0.2890268685208444
us,midpoint,feminine,32,685,-0.0011286597019426088,-0.00011865909544749031,-0.017114683350205953,-0.03437734080549351,-0.8853519211716593,-0.12517012009587486
us,midpoint,feminine,33,571,-0.00047462786730768924,0.0011958622244534894,-0.017114683350205953,-0.03437734080549351,-0.3716109234239594,1.2639076765818609
us,midpoint,feminine,35,535,-0.003742341248171032,-0.0023756223576140018,-0.017114683350205953,-0.03437734080549351,-2.9383947460727855,-2.5101428914990906
us,midpoint,feminine,36,841,0.00040892346208619076,-0.0003064932593563746,-0.017114683350205953,-0.03437734080549351,0.3224172835936619,-0.32365778445951715
us,midpoint,feminine,37,553,-0.0008953067793478903,-0.0010067432351710606,-0.017114683350205953,-0.03437734080549351,-0.7020535602469634,-1.0636242489072552
us,midpoint,feminine,38,708,0.0010467738297021412,0.0003387636444984188,-0.017114683350205953,-0.03437734080549351,0.8234477639458485,0.3581965337079748
us,midpoint,feminine,39,681,7.806923946909045e-05,0.0007581832071556702,-0.017114683350205953,-0.03437734080549351,0.06253180182467762,0.8014045617248661
us,midpoint,feminine,40,673,0.00042950065144815863,0.00034573231291994827,-0.017114683350205953,-0.03437734080549351,0.33858063411246603,0.36556044818407096
us,midpoint,feminine,41,649,-0.000672076785345168,0.001327875741246723,-0.017114683350205953,-0.03437734080549351,-0.5267067441241866,1.4034086814439481
us,midpoint,feminine,42,664,0.0008532050112210927,0.001252304611011744,-0.017114683350205953,-0.03437734080549351,0.6713997554650273,1.3235513390866875
us,midpoint,feminine,43,471,0.0005185337339859153,0.0004053190176338539,-0.017114683350205953,-0.03437734080549351,0.40851598317851334,0.4285267669817865
us,midpoint,feminine,44,816,-0.00022561064202115955,-0.0006457506285546116,-0.017114683350205953,-0.03437734080549351,-0.17600827688539103,-0.6821570128691947
us,midpoint,feminine,45,748,-0.00034127803374185695,-4.8103711458226395e-05,-0.017114683350205953,-0.03437734080549351,-0.26686483475101097,-0.05061300500629915
us,midpoint,feminine,46,1176,-0.0002494476075213005,-5.341947198915509e-05,-0.017114683350205953,-0.03437734080549351,-0.19473217653494806,-0.05623026264539558
us,midpoint,feminine,47,801,-0.0002970617088200976,0.000415851927962535,-0.017114683350205953,-0.03437734080549351,-0.2321329796957887,0.4396570785640061
us,midpoint,feminine,48,721,0.0006751954670017532,-0.00013682063795657923,-0.017114683350205953,-0.03437734080549351,0.5315735329281617,-0.14436174146470487
us,midpoint,feminine,49,848,0.00048286943347074923,-0.0005070394793439265,-0.017114683350205953,-0.03437734080549351,0.38050173010952826,-0.5355785020431174
us,midpoint,feminine,50,648,-0.0008495070677371451,0.001387135188126623,-0.017114683350205953,-0.03437734080549351,-0.66607795738874,1.4660291811331232
us,midpoint,feminine,51,619,0.00026276884539821674,0.0006913361447175373,-0.017114683350205953,-0.03437734080549351,0.20761305752013265,0.7307660952350755
us,midpoint,feminine,52,664,-0.0001493372596739137,0.0010831363484703274,-0.017114683350205953,-0.03437734080549351,-0.1160956526466354,1.144788260967473
us,midpoint,feminine,53,686,-0.0006758417237467604,0.0009019278942880085,-0.017114683350205953,-0.03437734080549351,-0.5296640974340181,0.953302100595487
us,midpoint,feminine,54,758,-0.0008213572834541369,0.0003704083233666833,-0.017114683350205953,-0.03437734080549351,-0.6439663452345584,0.391636022389843
us,midpoint,feminine,55,633,0.0010411190827155602,-0.00041857323719146633,-0.017114683350205953,-0.03437734080549351,0.8190059689061338,-0.4420946681416976
us,midpoint,feminine,56,711,-0.00042984758525914726,-0.0007221093540209847,-0.017114683350205953,-0.03437734080549351,-0.33643608091513405,-0.7628466209585786
us,midpoint,feminine,57,956,0.001120811063690559,0.0005766405088489038,-0.017114683350205953,-0.03437734080549351,0.8816038970963418,0.6095651997083642
us,midpoint,feminine,58,443,-0.00014066401423051822,-0.0014290798707781369,-0.017114683350205953,-0.03437734080549351,-0.10928283172288342,-1.509914799211572
us,midpoint,feminine,59,515,0.000952547753267096,0.0008708294903131408,-0.017114683350205953,-0.03437734080549351,0.7494333261798147,0.9204398702005799
us,midpoint,feminine,60,664,-0.0007635158619719307,0.0010930406931521572,-0.017114683350205953,-0.03437734080549351,-0.5985319978376904,1.155254356176343
us,midpoint,feminine,61,1041,-0.0005586895851924546,-0.0012933674059759162,-0.017114683350205953,-0.03437734080549351,-0.4376412732197173,-1.3665050509365315
us,midpoint,feminine,62,956,-0.0007736169422621481,0.0007513656943462094,-0.017114683350205953,-0.03437734080549351,-0.6064663808322469,0.7942003760423536
us,midpoint,feminine,63,835,-0.0006218748402909147,-0.000907198080347775,-0.017114683350205953,-0.03437734080549351,-0.4872731936832609,-0.958433133146356
us,midpoint,feminine,64,681,-0.00035331481623129823,0.00013434154320067504,-0.017114683350205953,-0.03437734080549351,-0.27631970883867585,0.14218010418038612
us,midpoint,feminine,65,685,0.0007227188193679769,-0.0009598398904216016,-0.017114683350205953,-0.03437734080549351,0.5689030529423786,-1.0140606596409336
us,midpoint,feminine,66,361,-0.001096446505065525,0.0005462656707486968,-0.017114683350205953,-0.03437734080549351,-0.8600485046896253,0.5774675740982624
us,midpoint,feminine,67,918,-0.0005565177847173114,-0.0007263837973938772,-0.017114683350205953,-0.03437734080549351,-0.43593532729488044,-0.7673635004435675
us,midpoint,feminine,68,961,-9.946645260176107e-05,-0.0002446619820838311,-0.017114683350205953,-0.03437734080549351,-0.07692221058011552,-0.25831958636472724
us,midpoint,feminine,69,571,-0.0005873320203518342,0.0017193480595336583,-0.017114683350205953,-0.03437734080549351,-0.46013986187774075,1.8170843648381922
us,midpoint,feminine,70,493,-0.0007150257787598806,0.00023739949723497467,-0.017114683350205953,-0.03437734080549351,-0.5604431122345407,0.2510832566456987
us,midpoint,feminine,71,700,-0.001322374703405113,-0.00042177770011223026,-0.017114683350205953,-0.03437734080549351,-1.0375147561590354,-0.4454808804656222
us,midpoint,feminine,72,531,0.003138319001377468,0.00045016617598134245,-0.017114683350205953,-0.03437734080549351,2.466353271642824,0.4759175479158527
us,midpoint,feminine,73,631,-0.0004773313651935604,0.0011915699292262202,-0.017114683350205953,-0.03437734080549351,-0.37373451684517495,1.259371932728399
us,midpoint,feminine,74,796,0.0002683343851221029,-0.00013264890693200082,-0.017114683350205953,-0.03437734080549351,0.2119847803925365,-0.13995339992453873
us,midpoint,feminine,75,758,0.000410419012672969,-0.0006985859861525015,-0.017114683350205953,-0.03437734080549351,0.3235920362738009,-0.7379890644362896
us,midpoint,feminine,76,758,-0.0004878935841858799,0.0007305005147314539,-0.017114683350205953,-0.03437734080549351,-0.3820311235792689,0.7721517737962272
us,midpoint,feminine,77,585,-0.0045693084636100785,-0.002007562057939963,-0.017114683350205953,-0.03437734080549351,-3.5879762188178272,-2.121207099910504
us,midpoint,feminine,78,1176,0.0005432697233588718,0.0013356896035230797,-0.017114683350205953,-0.03437734080549351,0.4279460646940908,1.4116657271305124
us,midpoint,feminine,79,664,-0.0005554217198883646,0.0008851966030102507,-0.017114683350205953,-0.03437734080549351,-0.43507437006160815,0.9356218508560367
us,midpoint,feminine,80,748,0.0013162419431988516,0.0006251598936863542,-0.017114683350205953,-0.03437734080549351,1.0351145516432179,0.6608364869562893
us,midpoint,feminine,83,700,0.0028338350010886325,0.00018056253886667567,-0.017114683350205953,-0.03437734080549351,2.227181558856222,0.19102264317002815
us,midpoint,feminine,84,795,-0.0007542581105407543,0.0007122156188858197,-0.017114683350205953,-0.03437734080549351,-0.5912600483617027,0.7528298027873062
us,midpoint,feminine,85,889,-0.0010698949711356702,-0.0004176491200274732,-0.017114683350205953,-0.03437734080549351,-0.8391923157237324,-0.44111813728244276
us,midpoint,feminine,86,556,0.004116848130049252,-9.099503902103984e-05,-0.017114683350205953,-0.03437734080549351,3.2349863935605705,-0.09593702515381865
us,midpoint,feminine,87,616,0.0016473465107167788,0.0019173938162002635,-0.017114683350205953,-0.03437734080549351,1.2951966789458307,2.0263627988559425
us,midpoint,feminine,88,769,-6.314272982331504e-05,-0.0009469796764167426,-0.017114683350205953,-0.03437734080549351,-0.048389982339992796,-1.0004710453347774
us,midpoint,feminine,89,882,0.0005004628235792744,6.013563605050676e-05,-0.017114683350205953,-0.03437734080549351,0.3943213109150459,0.063765417066454
us,midpoint,feminine,90,631,-0.00020602710408238953,0.0004818043032526545,-0.017114683350205953,-0.03437734080549351,-0.16062543802753998,0.5093501134100011
us,midpoint,feminine,91,604,0.0009338431428659172,0.00047052216621722154,-0.017114683350205953,-0.03437734080549351,0.734740883547649,0.4974280807904191
us,midpoint,feminine,92,633,-0.0009346322038970671,0.00036412651332425744,-0.017114683350205953,-0.03437734080549351,-0.7329436206001011,0.3849979232424376
us,midpoint,feminine,93,1225,-0.00014926820311866526,0.0001572025668668403,-0.017114683350205953,-0.03437734080549351,-0.11604140882895618,0.1663377499357144
us,midpoint,feminine,94,664,0.0016395489076028065,5.6517186680669906e-05,-0.017114683350205953,-0.03437734080549351,1.289071673721813,0.05994173798118702
us,midpoint,feminine,95,541,0.0007826420678531364,-0.0009615307464821005,-0.017114683350205953,-0.03437734080549351,0.6159726722403954,-1.0158474169764433
us,midpoint,feminine,98,721,0.0005382092458785931,-0.0001698254854169967,-0.017114683350205953,-0.03437734080549351,0.42397106743535745,-0.17923854421861912
us,midpoint,feminine,99,618,-0.0016058872284171518,0.000323851757825587,-0.017114683350205953,-0.03437734080549351,-1.260213407448628,0.34243888081165996
us,midpoint,feminine,100,633,-9.483702407908287e-05,0.0004927244056632113,-0.017114683350205953,-0.03437734080549351,-0.0732858016130047,0.5208895776745246
us,midpoint,feminine,101,588,-0.0004610646138212479,-0.0013281265384554042,-0.017114683350205953,-0.03437734080549351,-0.360957008721598,-1.4032356375219768
us,midpoint,feminine,102,514,0.0007475250903361021,-0.0010591569805324247,-0.017114683350205953,-0.03437734080549351,0.5883883405426039,-1.1190107754092946
us,midpoint,feminine,103,685,0.0004993507555852879,-0.00013696367727036862,-0.017114683350205953,-0.03437734080549351,0.39344778322030793,-0.14451289362315892
us,midpoint,feminine,104,490,-0.0007279558261435032,-0.0005208789329946978,-0.017114683350205953,-0.03437734080549351,-0.5705996445193877,-0.5502028961045885
us,midpoint,feminine,105,625,0.001698766767396935,0.00356973563555138,-0.017114683350205953,-0.03437734080549351,1.335587211290563,3.772421458410909
us,midpoint,feminine,106,578,0.0038153718376532086,0.0016787752399407066,-0.017114683350205953,-0.03437734080549351,2.998177230686603,1.7742103528370587
us,midpoint,feminine,107,600,-0.008122232560486399,-0.0003766460886899248,-0.017114683350205953,-0.03437734080549351,-6.378792619169285,-0.3977895129648392
us,midpoint,feminine,108,587,0.0007816517957011312,-0.0005552876541043972,-0.017114683350205953,-0.03437734080549351,0.6151948149917542,-0.5865631968330395
us,midpoint,feminine,109,354,0.00048303783818136325,-0.0007898081717145622,-0.017114683350205953,-0.03437734080549351,0.3806340117500765,-0.834385152206262
us,midpoint,feminine,110,650,0.0004983298293451538,0.000378456489569412,-0.017114683350205953,-0.03437734080549351,0.39264584723270257,0.4001406611560099
us,midpoint,feminine,111,387,-0.0003875930645716383,3.449786399331578e-05,-0.017114683350205953,-0.03437734080549351,-0.3032452200612904,0.03667353245281265
us,midpoint,feminine,112,848,0.0003356324698457168,-0.0006578572336935207,-0.017114683350205953,-0.03437734080549351,0.2648473221856554,-0.6949502754332967
us,midpoint,feminine,113,769,-0.001179906258371232,-0.0007466276510399647,-0.017114683350205953,-0.03437734080549351,-0.9256060122366159,-0.7887555366116016
us,midpoint,feminine,114,588,-0.0009699379080079437,-0.0003358544201594732,-0.017114683350205953,-0.03437734080549351,-0.7606761967463852,-0.3546842394426445
us,midpoint,feminine,115,514,-0.0025868741990264666,0.00030350315930709887,-0.017114683350205953,-0.03437734080549351,-2.030777160418911,0.3209361588948556
us,midpoint,feminine,116,786,0.00046830986484386675,0.0007860138594284957,-0.017114683350205953,-0.03437734080549351,0.36906521140042603,0.8308137014276386
us,midpoint,feminine,117,486,0.0011078381668313785,6.97951415825418e-05,-0.017114683350205953,-0.03437734080549351,0.8714137066145073,0.07397278643985174
us,midpoint,feminine,118,601,0.0006010994265368622,0.00029025877969676706,-0.017114683350205953,-0.03437734080549351,0.47337120738106403,0.30694059003723595
us,midpoint,feminine,119,673,0.001405788115097617,0.0011241019983940295,-0.017114683350205953,-0.03437734080549351,1.1054529316112784,1.188077383687654
us,midpoint,feminine,120,1038,-0.0007782776839419733,-0.0009604886070792226,-0.017114683350205953,-0.03437734080549351,-0.6101273862360195,-1.0147461699417513
us,midpoint,feminine,121,889,-3.555832365367481e-05,0.0003966069558714383,-0.017114683350205953,-0.03437734080549351,-0.02672247382218623,0.41932057810204415
us,midpoint,feminine,122,848,0.0008578718639016512,0.0003775253650911345,-0.017114683350205953,-0.03437734080549351,0.6750655610504541,0.39915672554451603
us,midpoint,feminine,123,577,0.001106947261711986,-0.0005128231131332622,-0.017114683350205953,-0.03437734080549351,0.8707139020167834,-0.5416901695826645
us,midpoint,feminine,124,542,-0.0007545315925857887,0.0010155579154829467,-0.017114683350205953,-0.03437734080549351,-0.5914748680864343,1.0733769423559834
us,midpoint,feminine,125,556,-0.0003884918988457005,0.0011303515627178254,-0.017114683350205953,-0.03437734080549351,-0.3039512529977824,1.1946814082170911
us,midpoint,feminine,126,618,0.0003906412403170932,-0.0005079304801470369,-0.017114683350205953,-0.03437734080549351,0.30805662658077554,-0.5365200382614238
us,midpoint,feminine,127,577,-0.0014395625849406499,0.0006555675512303072,-0.017114683350205953,-0.03437734080549351,-1.129565656429986,0.6929687934497794
us,midpoint,feminine,128,747,0.0009237313649997254,-9.239184966720188e-05,-0.017114683350205953,-0.03437734080549351,0.7267980976236577,-0.09741305952874452
us,midpoint,feminine,129,744,0.0020404218536025018,-0.0008843261937097197,-0.017114683350205953,-0.03437734080549351,1.6039567547559825,-0.9342640082975889
us,midpoint,feminine,130,354,-0.000407063246362329,0.0008209405955357518,-0.017114683350205953,-0.03437734080549351,-0.3185390178395928,0.8677213977141215
us,midpoint,feminine,131,949,-0.0005636797496415095,-0.0010205838992782754,-0.017114683350205953,-0.03437734080549351,-0.44156103970083,-1.0782499220793378
us,midpoint,feminine,132,702,0.0008230256671043559,0.0003607910967115546,-0.017114683350205953,-0.03437734080549351,0.6476939271905396,0.3814733298492132
us,midpoint,feminine,133,708,6.69380882925251e-05,6.385431528719426e-05,-0.017114683350205953,-0.03437734080549351,0.053788299737013566,0.06769501081472294
us,midpoint,feminine,134,1000,-0.00022686857195902688,-0.0006542056026344473,-0.017114683350205953,-0.03437734080549351,-0.17699637891216377,-0.6910915326734609
us,midpoint,feminine,135,856,0.001363760272264234,0.0005736793825193154,-0.017114683350205953,-0.03437734080549351,1.0724401258623688,0.606436125439794
us,midpoint,feminine,136,739,0.00045280659559372716,-0.0005169041393773416,-0.017114683350205953,-0.03437734080549351,0.3568874173067122,-0.5460026617860901
us,midpoint,feminine,137,708,0.00022287697085746072,-0.0003626211978225158,-0.017114683350205953,-0.03437734080549351,0.1762780515719377,-0.3829691641353401
us,midpoint,feminine,138,429,-0.00015949278237863476,-0.00022285630850739369,-0.017114683350205953,-0.03437734080549351,-0.1240728000738476,-0.2352771476092164
us,midpoint,feminine,139,478,0.0027199759926098133,-0.0011309508635639273,-0.017114683350205953,-0.03437734080549351,2.13774548323901,-1.1948766342177701
us,midpoint,feminine,140,1084,0.00017986653306251849,0.0001630711704993168,-0.017114683350205953,-0.03437734080549351,0.14249341899564558,0.1725392066028375
us,midpoint,feminine,142,841,0.00038057060779442264,-0.0012194878349474636,-0.017114683350205953,-0.03437734080549351,0.300146160260684,-1.2884352089415536
us,midpoint,feminine,144,762,5.2715405197734794e-05,-0.0004787712441458175,-0.017114683350205953,-0.03437734080549351,0.04261640409397418,-0.5057069607676096
us,midpoint,feminine,145,711,0.00041472145212546885,9.860954596600108e-05,-0.017114683350205953,-0.03437734080549351,0.3269715958304243,0.10442147429876905
us,midpoint,feminine,146,889,0.00022039974449641203,0.00011637625082522307,-0.017114683350205953,-0.03437734080549351,0.17433219408461456,0.12319586377913956
us,midpoint,feminine,147,604,-0.001331387920170176,-0.0013254953550527124,-0.017114683350205953,-0.03437734080549351,-1.044594624031804,-1.400455219746827
us,midpoint,feminine,148,666,0.0007792156650496471,-0.0004410244300470864,-0.017114683350205953,-0.03437734080549351,0.6132812381209344,-0.4658192384719992
us,midpoint,feminine,149,889,0.0006847702669642193,-0.00046487323205416514,-0.017114683350205953,-0.03437734080549351,0.5390945235366658,-0.49102068697181656
us,midpoint,feminine,150,685,0.0006697049769530776,-0.00048390635833065604,-0.017114683350205953,-0.03437734080549351,0.5272607614599273,-0.5111333262358405
us,midpoint,feminine,151,681,0.0006776021526384429,2.0444765478321025e-05,-0.017114683350205953,-0.03437734080549351,0.5334639807852575,0.021823376106033476
us,midpoint,feminine,153,456,0.00043330943532376986,6.220748475709026e-05,-0.017114683350205953,-0.03437734080549351,0.3415724279745402,0.06595477603144015
us,midpoint,feminine,154,961,-0.0011224479308788171,-5.677622490890544e-05,-0.017114683350205953,-0.03437734080549351,-0.8804725845780912,-0.059777402489509794
us,midpoint,feminine,155,619,-0.00045531334630950077,-0.00040281384750577576,-0.017114683350205953,-0.03437734080549351,-0.35643939695817645,-0.4254414439070128
us,midpoint,feminine,156,744,-0.0007507881913161214,-7.066459726617902e-06,-0.017114683350205953,-0.03437734080549351,-0.588534432160525,-0.007248219396472511
us,midpoint,feminine,157,576,-0.0037838711459529124,-0.002271059447421203,-0.017114683350205953,-0.03437734080549351,-2.97101641675145,-2.3996494253940557
us,midpoint,feminine,158,588,0.001168736518063318,-0.0011824090355365621,-0.017114683350205953,-0.03437734080549351,0.9192492676167486,-1.2492533895146687
us,midpoint,feminine,159,619,0.0017667626826685726,-0.0014633599764665509,-0.017114683350205953,-0.03437734080549351,1.3889978979032693,-1.546139189762445
us,midpoint,feminine,160,956,0.0010900965606517182,0.0008774603397279299,-0.017114683350205953,-0.03437734080549351,0.8574777023136262,0.9274468053911715
us,midpoint,feminine,161,596,0.0006753841906032565,-0.0009048984314810882,-0.017114683350205953,-0.03437734080549351,0.5317217750261766,-0.9560030537459623
us,midpoint,feminine,162,609,-0.0002881342668883437,-0.0007687148848695979,-0.017114683350205953,-0.03437734080549351,-0.2251204878223403,-0.8120955050383473
us,midpoint,feminine,163,769,0.001273267444528433,-0.00040750076717994965,-0.017114683350205953,-0.03437734080549351,1.0013581491938297,-0.4303941943536144
us,midpoint,feminine,164,786,0.0010741547690226554,0.0006018598573508394,-0.017114683350205953,-0.03437734080549351,0.844955449567363,0.6362149287925265
us,midpoint,feminine,165,600,0.00016222728099323305,0.0006708932089616454,-0.017114683350205953,-0.03437734080549351,0.12863781369065871,0.709163685500437
us,midpoint,feminine,166,816,0.0016919245616310655,-0.0010192170763044656,-0.017114683350205953,-0.03437734080549351,1.3302126692104896,-1.0768055762051671
us,midpoint,feminine,167,632,-0.0028739688620622577,-0.00043408759519607265,-0.017114683350205953,-0.03437734080549351,-2.2562895756033754,-0.4584889630897107
us,midpoint,feminine,168,769,-0.0013482339278836908,-0.0003890932056306029,-0.017114683350205953,-0.03437734080549351,-1.057827137118323,-0.4109426003383097
us,midpoint,feminine,169,681,0.0009861384135004397,-0.0005193888219165305,-0.017114683350205953,-0.03437734080549351,0.7758187380044774,-0.5486282695223269
us,midpoint,feminine,170,601,-0.0015516789975691704,0.00014342530873584503,-0.017114683350205953,-0.03437734080549351,-1.2176329256934473,0.15177907897379728
us,midpoint,feminine,172,567,0.0005747876742645021,0.0004201447523351637,-0.017114683350205953,-0.03437734080549351,0.45270336653744825,0.4441933815746752
us,midpoint,feminine,173,700,-0.00042504747220526926,0.00013046891423193485,-0.017114683350205953,-0.03437734080549351,-0.3326655995119198,0.13808782904280736
us,midpoint,feminine,174,652,0.0003582999436150258,0.0005906397077299202,-0.017114683350205953,-0.03437734080549351,0.2826525878837158,0.624358399364008
us,midpoint,feminine,175,825,-0.0004084193075589368,0.00045405515911382116,-0.017114683350205953,-0.03437734080549351,-0.3196042018188116,0.4800271047858678
us,midpoint,feminine,176,529,0.0014758236686577691,-0.0010107909470899526,-0.017114683350205953,-0.03437734080549351,1.160465750954987,-1.0679015372773701
us,midpoint,feminine,177,601,0.003154938420869436,-0.001412573415738333,-0.017114683350205953,-0.03437734080549351,2.4794078000306614,-1.4924721378788688
us,midpoint,feminine,178,909,-0.0015802710744476766,-0.00026260110788581953,-0.017114683350205953,-0.03437734080549351,-1.240091957999485,-0.2772761760876143
us,midpoint,feminine,179,825,0.0003851543438933326,-0.0007441809360359888,-0.017114683350205953,-0.03437734080549351,0.3037466778993715,-0.7861700498375437
us,midpoint,feminine,180,856,0.00040514043562368124,-0.0011642682960539552,-0.017114683350205953,-0.03437734080549351,0.31944572213986744,-1.2300837510697764
us,midpoint,feminine,181,648,0.001181343277093811,-0.0010997948821274486,-0.017114683350205953,-0.03437734080549351,0.9291518573986445,-1.161953560706588
us,midpoint,feminine,182,484,7.23168018749859e-05,-0.0020261063120114026,-0.017114683350205953,-0.03437734080549351,0.05801327096336829,-2.140803139317859
us,midpoint,feminine,184,909,0.0001220380846265294,-0.0002686233766557092,-0.017114683350205953,-0.03437734080549351,0.09706926190657984,-0.2836400134078866
us,midpoint,feminine,185,694,0.0011901848270013705,-0.00029056384971919147,-0.017114683350205953,-0.03437734080549351,0.9360968812195127,-0.3068248971520201
us,midpoint,feminine,186,632,0.0007956193672599456,0.0008468855515596369,-0.017114683350205953,-0.03437734080549351,0.6261663209166044,0.8951378890276848
us,midpoint,feminine,188,889,0.0007766542748913162,0.0005381425484378352,-0.017114683350205953,-0.03437734080549351,0.6112692701006063,0.5688837278944098
us,midpoint,feminine,190,732,0.0012208153965242302,-0.0012968702500781304,-0.017114683350205953,-0.03437734080549351,0.9601571463548301,-1.3702065679024
us,midpoint,feminine,191,696,0.0012564188894825662,-0.0014154585196635983,-0.017114683350205953,-0.03437734080549351,0.9881236351816756,-1.4955208779358165
us,midpoint,feminine,192,769,-0.00039559835913916333,-0.00010490778191664385,-0.017114683350205953,-0.03437734080549351,-0.309533366601864,-0.11063886524921188
us,midpoint,feminine,193,918,-0.00039684320092220685,-0.0002612135225511722,-0.017114683350205953,-0.03437734080549351,-0.3105111879032014,-0.2758098902616077
us,midpoint,feminine,194,582,0.004800193521361025,-0.001031614802313674,-0.017114683350205953,-0.03437734080549351,3.7717531448835637,-1.089906471312736
us,midpoint,feminine,195,686,2.9041586777654727e-05,0.0009967985783190178,-0.017114683350205953,-0.03437734080549351,0.02402065622427185,1.0535536208622187
us,midpoint,feminine,196,442,0.0015208410752187707,-0.0006090644801055867,-0.017114683350205953,-0.03437734080549351,1.1958268544027608,-0.6433901146191133
us,midpoint,feminine,197,889,6.468421557478607e-05,-0.00010247677042248687,-0.017114683350205953,-0.03437734080549351,0.052017886192153154,-0.10806997265015064
us,midpoint,feminine,198,796,-0.0005205593291561818,-0.0006785324776577908,-0.017114683350205953,-0.03437734080549351,-0.40769001589080656,-0.7167981693372362
us,midpoint,feminine,200,632,0.00010976654262205218,1.8246293771964628e-05,-0.017114683350205953,-0.03437734080549351,0.08742998458179634,0.019500212390321413
us,midpoint,feminine,201,856,-0.00035308870026995454,-0.00022628983255970625,-0.017114683350205953,-0.03437734080549351,-0.2761420950996562,-0.238905412859251
us,midpoint,feminine,202,796,-0.00018576136916433408,0.00042708642536750524,-0.017114683350205953,-0.03437734080549351,-0.14470673449424207,0.4515287695482599
us,midpoint,feminine,203,786,0.00039920182205829477,-0.00013363887887711534,-0.017114683350205953,-0.03437734080549351,0.31478095034015424,-0.14099952068916508
us,midpoint,feminine,204,571,-0.0004749770710703004,0.0006459603767027464,-0.017114683350205953,-0.03437734080549351,-0.37188522244110317,0.682816723169133
us,midpoint,feminine,205,796,0.0006055859576340854,-0.0009429749098000054,-0.017114683350205953,-0.03437734080549351,0.47689537064079307,-0.9962391380207105
us,midpoint,feminine,206,664,-0.0007871429412401425,0.00042038000726751096,-0.017114683350205953,-0.03437734080549351,-0.6170910321756606,0.444441979599017
us,midpoint,feminine,207,633,-0.0005535779445399736,0.0010227097832896243,-0.017114683350205953,-0.03437734080549351,-0.43362608736810015,1.0809344468442168
us,midpoint,feminine,208,786,0.00026966398637368397,-2.6103803876624532e-05,-0.017114683350205953,-0.03437734080549351,0.21302918012573166,-0.027365315761618565
us,midpoint,feminine,209,777,0.0002493380088215598,-0.0005117746133712561,-0.017114683350205953,-0.03437734080549351,0.19706315609625225,-0.5405822014446245
us,midpoint,feminine,210,1082,0.0010217006783811398,0.00017998784747368796,-0.017114683350205953,-0.03437734080549351,0.8037528422399035,0.19041535666820014
us,midpoint,feminine,211,601,-0.0025687863901950204,-0.0008972744183867176,-0.017114683350205953,-0.03437734080549351,-2.016569214468812,-0.9479466250288014
us,midpoint,feminine,212,664,-0.0013831025928176602,-0.0001753493846797724,-0.017114683350205953,-0.03437734080549351,-1.0852164196649545,-0.18507574571610738
us,midpoint,feminine,213,675,0.00014938096144784252,8.174049305906261e-06,-0.017114683350205953,-0.03437734080549351,0.118547049493655,0.008856694526673679
us,midpoint,feminine,214,640,0.0012477520588020652,0.0007830415827445938,-0.017114683350205953,-0.03437734080549351,0.9813158530442871,0.8276728443835687
us,midpoint,feminine,215,507,0.0009235529571947065,0.0012856202891364452,-0.017114683350205953,-0.03437734080549351,0.7266579585678767,1.3587566020699997
us,midpoint,feminine,217,956,0.0007883422381830228,0.0002584051561357742,-0.017114683350205953,-0.03437734080549351,0.6204501472462449,0.2732803058239384
us,midpoint,feminine,218,961,-7.5096049910503e-05,0.0004380867832048385,-0.017114683350205953,-0.03437734080549351,-0.057779296839366404,0.46315304113367667
us,midpoint,feminine,219,758,-0.0002534987783412955,0.0008952765290286199,-0.017114683350205953,-0.03437734080549351,-0.197914364968134,0.9462734859511036
us,midpoint,feminine,221,731,0.0003011799310567963,-0.0003597096097522276,-0.017114683350205953,-0.03437734080549351,0.23778490608439432,-0.3798924378165811
us,midpoint,feminine,222,996,-0.00040653181128160257,-0.0013927909985413725,-0.017114683350205953,-0.03437734080549351,-0.3181215764030258,-1.4715677097217175
us,midpoint,feminine,224,1129,0.0008078406094365713,0.00015660234442643056,-0.017114683350205953,-0.03437734080549351,0.6357660878041607,0.1657034843270716
us,midpoint,feminine,225,848,0.0005041283754465033,-0.001155254563361921,-0.017114683350205953,-0.03437734080549351,0.3972005962553647,-1.2205587812133452
us,midpoint,feminine,226,747,-0.0006327103006695672,-0.0013508752167015123,-0.017114683350205953,-0.03437734080549351,-0.4957844311050477,-1.4272745658961585
us,midpoint,feminine,227,708,0.0007182130684331121,0.00013988935372183375,-0.017114683350205953,-0.03437734080549351,0.5653637925298145,0.14804257312512503
us,midpoint,feminine,228,796,-6.04192083893812e-06,-0.0009854937286532667,-0.017114683350205953,-0.03437734080549351,-0.0035373849183253474,-1.041169521663691
us,midpoint,feminine,229,696,-9.202272544680395e-05,-0.0008865247136871993,-0.017114683350205953,-0.03437734080549351,-0.07107517437631367,-0.9365872230222458
us,midpoint,feminine,230,762,0.0005761544620812437,-0.0005577289818532657,-0.017114683350205953,-0.03437734080549351,0.4537769762602443,-0.5891429907998821
us,midpoint,feminine,231,786,0.0005981138617806754,0.0005482314127164198,-0.017114683350205953,-0.03437734080549351,0.4710260508680941,0.5795448082062397
us,midpoint,feminine,232,636,0.0016592630821640267,-0.0008831732235910425,-0.017114683350205953,-0.03437734080549351,1.3045571274451888,-0.9330456444963781
us,midpoint,feminine,233,616,0.00037453167854194225,0.00011359283683090582,-0.017114683350205953,-0.03437734080549351,0.2954025906434209,0.12025458126060312
us,midpoint,feminine,234,531,-0.0007564085172477759,5.324234868232802e-05,-0.017114683350205953,-0.03437734080549351,-0.5929491895146639,0.0564811590751287
us,midpoint,feminine,235,511,-0.0006768765283058642,0.00045323971531485013,-0.017114683350205953,-0.03437734080549351,-0.5304769348197772,0.47916541098262505
us,midpoint,feminine,236,696,0.0004552690083938389,0.0003950234172444417,-0.017114683350205953,-0.03437734080549351,0.3588216387647583,0.4176472249858632
us,midpoint,feminine,237,664,-0.0021933096636232666,0.0009474218037168955,-0.017114683350205953,-0.03437734080549351,-1.7216328246404966,1.0013763147714085
us,midpoint,feminine,238,758,0.0009928917265656055,-0.00041783405777107846,-0.017114683350205953,-0.03437734080549351,0.7811234550051988,-0.44131356424853346
us,midpoint,feminine,239,700,-0.00014090273029315759,0.0005315744621337201,-0.017114683350205953,-0.03437734080549351,-0.10947034282204451,0.5619431155866561
us,midpoint,feminine,240,632,0.0004919888197034081,-0.000639620623214876,-0.017114683350205953,-0.03437734080549351,0.38766499393540604,-0.675679328420848
us,midpoint,feminine,241,1041,0.0007357034672464124,-0.00035331814374073983,-0.017114683350205953,-0.03437734080549351,0.5791024738317205,-0.37313846327819417
us,midpoint,feminine,242,391,0.0013249135032320572,-0.00027727964235931685,-0.017114683350205953,-0.03437734080549351,1.0419260486798643,-0.29278724161102454
us,midpoint,feminine,243,661,-0.0014233152237878542,0.0012077360415463784,-0.017114683350205953,-0.03437734080549351,-1.1168033792939447,1.2764549479237872
us,midpoint,feminine,244,588,0.0003971642904431888,-0.0006228334288785262,-0.017114683350205953,-0.03437734080549351,0.3131804723978667,-0.6579400049362397
us,midpoint,feminine,245,652,-0.000706290756742417,0.0004494151585197198,-0.017114683350205953,-0.03437734080549351,-0.5535817659071026,0.47512393455632507
us,midpoint,feminine,246,681,0.000500179127196361,-0.0004936026653507147,-0.017114683350205953,-0.03437734080549351,0.39409846784365826,-0.5213795843888452
us,midpoint,feminine,247,956,0.00031943362233412265,-0.0003293761513884566,-0.017114683350205953,-0.03437734080549351,0.2521231524399815,-0.34783853890169947
us,midpoint,feminine,248,578,0.0024175993776619463,-0.0007734458883632625,-0.017114683350205953,-0.03437734080549351,1.9002291183886633,-0.8170948396322885
us,midpoint,feminine,249,540,-0.00020962262929683992,0.00030018995113698793,-0.017114683350205953,-0.03437734080549351,-0.16344971754006532,0.31743503355348873
us,midpoint,feminine,250,841,0.0014149680453051164,-0.0010010956371092963,-0.017114683350205953,-0.03437734080549351,1.1126637526360494,-1.0576563327134365
us,midpoint,feminine,251,744,0.001069995976922998,0.0012308053782255982,-0.017114683350205953,-0.03437734080549351,0.8416887247849282,1.3008327217035243
us,midpoint,feminine,252,889,-0.0008811253176464785,0.00032949757525652795,-0.017114683350205953,-0.03437734080549351,-0.6909140439448695,0.3484049153815724
us,midpoint,feminine,253,796,0.0004824792870430743,0.000802003208353122,-0.017114683350205953,-0.03437734080549351,0.3801952706921005,0.847709927634304
us,midpoint,feminine,254,882,0.00011468248565567676,0.0005878132241085438,-0.017114683350205953,-0.03437734080549351,0.09129145025551984,0.6213716044131106
us,midpoint,feminine,255,672,0.0009295397973658019,0.0007763974689981024,-0.017114683350205953,-0.03437734080549351,0.7313606122920207,0.8206518925403928
us,midpoint,feminine,256,732,0.0009762950872326953,-0.00027349104596256085,-0.017114683350205953,-0.03437734080549351,0.7680868203971793,-0.2887837651701073
us,midpoint,feminine,257,696,0.00019558731857746356,-0.00046100703259258774,-0.017114683350205953,-0.03437734080549351,0.15484207178000695,-0.48693520600752976
us,midpoint,feminine,258,796,-0.0009715810175012878,0.0005222478754550314,-0.017114683350205953,-0.03437734080549351,-0.7619668567201318,0.5520875474204944
us,midpoint,feminine,259,601,0.0001235626519652186,-3.501630200696687e-05,-0.017114683350205953,-0.03437734080549351,0.09826680720060815,-0.036783309276339916
us,midpoint,feminine,260,639,-6.423721111741346e-05,-8.16324667003987e-05,-0.017114683350205953,-0.03437734080549351,-0.04924969570908313,-0.08604343032694142
us,midpoint,feminine,261,1128,-9.959186572457493e-05,-0.0006915004413729706,-0.017114683350205953,-0.03437734080549351,-0.07702072239472926,-0.7305016446572374
us,midpoint,feminine,262,1129,0.00015220812430473754,2.213210625613693e-05,-0.017114683350205953,-0.03437734080549351,0.12076778155894848,0.023606418780510275
us,midpoint,feminine,263,462,0.00043918927533786664,0.0003496895945369824,-0.017114683350205953,-0.03437734080549351,0.3461910332403299,0.3697421772638527
us,midpoint,feminine,264,696,0.0006252432745672866,1.5125553447153939e-05,-0.017114683350205953,-0.03437734080549351,0.4923361627850205,0.016202471205935043
us,midpoint,feminine,265,816,0.0006747568864829689,0.00028769223785821835,-0.017114683350205953,-0.03437734080549351,0.5312290286068411,0.3042284801397403
us,midpoint,feminine,266,758,-0.001195304537394224,0.00024550107513645475,-0.017114683350205953,-0.03437734080549351,-0.9377013366687748,0.2596443364932653
us,midpoint,feminine,267,694,-0.0011568984814012973,-0.0003365889737005634,-0.017114683350205953,-0.03437734080549351,-0.9075334388991287,-0.35546045508780133
us,midpoint,feminine,268,952,0.0003806502055021706,-0.0008408713769321244,-0.017114683350205953,-0.03437734080549351,0.3002086841373997,-0.8883445391869597
us,midpoint,feminine,269,531,-0.0021599205171163247,0.005258094731010639,-0.017114683350205953,-0.03437734080549351,-1.6954057015372375,5.556540207050168
us,midpoint,feminine,270,652,0.0001301196045723485,-0.00043546988361130995,-0.017114683350205953,-0.03437734080549351,0.10341728336428241,-0.45994965156782197
us,midpoint,feminine,272,673,-0.001507322931781227,0.0011666432937680604,-0.017114683350205953,-0.03437734080549351,-1.1827913044032838,1.2330315186654168
us,midpoint,feminine,273,808,0.00031027051464792635,0.000413983709250651,-0.017114683350205953,-0.03437734080549351,0.2449255454797579,0.4376828989955747
us,midpoint,feminine,274,666,-0.0012023370566474727,0.0004983180571705298,-0.017114683350205953,-0.03437734080549351,-0.9432253696997671,0.5268004875955249
us,midpoint,feminine,275,700,0.000749946052592234,-0.0006205530725689676,-0.017114683350205953,-0.03437734080549351,0.5902900026622605,-0.6555303123202535
us,midpoint,feminine,276,700,-0.0003438422160165419,0.0008611968900269495,-0.017114683350205953,-0.03437734080549351,-0.26887899597443055,0.9102609320736367
us,midpoint,feminine,277,606,0.0015281271519784687,-0.0004560608666167171,-0.017114683350205953,-0.03437734080549351,1.2015500564641453,-0.48170850543466853
us,midpoint,feminine,278,696,-0.0010756762215739964,0.0006591808379923583,-0.017114683350205953,-0.03437734080549351,-0.8437334790297554,0.6967870171166065
us,midpoint,feminine,279,588,-0.0032103140329941982,0.0011701323947956518,-0.017114683350205953,-0.03437734080549351,-2.5204881888079598,1.2367185130826377
us,midpoint,feminine,280,606,-0.002492020770540875,0.00037907733309910235,-0.017114683350205953,-0.03437734080549351,-1.9562699385843973,0.40079671743234996
us,midpoint,feminine,281,758,-0.001305397658482338,0.0002178551833471945,-0.017114683350205953,-0.03437734080549351,-1.02417931354667,0.23043043644278194
us,midpoint,feminine,282,399,8.027497397705002e-05,0.0001383277209219616,-0.017114683350205953,-0.03437734080549351,0.06426440287997369,0.1463923682817152
us,midpoint,feminine,283,856,0.0001916937166935341,0.00018922865637469727,-0.017114683350205953,-0.03437734080549351,0.15178365350316755,0.2001802819481499
us,midpoint,feminine,284,700,-0.0005525487811421335,0.00022990272854658822,-0.017114683350205953,-0.03437734080549351,-0.43281768110581653,0.24316128933013553
us,midpoint,feminine,285,700,-0.0017897689121212663,0.002002774471232281,-0.017114683350205953,-0.03437734080549351,-1.4046521864973736,2.1165860385822564
us,midpoint,feminine,287,652,-0.0006120826200616512,0.0016110293602345713,-0.017114683350205953,-0.03437734080549351,-0.4795814197903966,1.7026220903330453
us,midpoint,feminine,288,666,0.00018453535098824497,-0.0009109556266398006,-0.017114683350205953,-0.03437734080549351,0.14616076827812194,-0.9624037983955394
us,midpoint,feminine,289,913,-0.0004831087558363964,-0.0012764782902592933,-0.017114683350205953,-0.03437734080549351,-0.3782726482877913,-1.3486580253369398
us,midpoint,feminine,290,619,-5.957149920847449e-05,-5.0872052352685104e-05,-0.017114683350205953,-0.03437734080549351,-0.04558478619800464,-0.05353835951513074
us,midpoint,feminine,291,478,0.0005446622938383126,0.0005737867678839853,-0.017114683350205953,-0.03437734080549351,0.42903992665868657,0.6065496014431824
us,midpoint,feminine,292,1129,-0.0006583658881176777,-0.000505570964228777,-0.017114683350205953,-0.03437734080549351,-0.515936855490862,-0.534026696294776
us,midpoint,feminine,293,466,-0.00332914749835435,-0.0008146348961326905,-0.017114683350205953,-0.03437734080549351,-2.613831692636056,-0.8606199885161492
us,midpoint,feminine,294,664,0.0018906467986111002,-0.00029587604044005456,-0.017114683350205953,-0.03437734080549351,1.4863086799769465,-0.31243838251003947
us,midpoint,feminine,295,1129,-3.832019839966963e-05,-0.000525494136047619,-0.017114683350205953,-0.03437734080549351,-0.028891922177025985,-0.5550798623362622
us,midpoint,feminine,297,510,-0.0013042762332812659,0.0015134219895570275,-0.017114683350205953,-0.03437734080549351,-1.0232984357801929,1.5994786651579536
us,midpoint,feminine,298,604,-0.0018205344288628952,-0.001157160572426888,-0.017114683350205953,-0.03437734080549351,-1.4288184524649783,-1.2225728945124825
us,midpoint,feminine,299,636,-0.00038505594963927567,-0.0010813543287215913,-0.017114683350205953,-0.03437734080549351,-0.3012523201935338,-1.1424671036162943
us,midpoint,feminine,300,681,-0.0016596462587987228,0.0006754697363086579,-0.017114683350205953,-0.03437734080549351,-1.3024410429300013,0.7139997824335034
us,midpoint,feminine,301,686,0.0005477868297460199,-0.0006197167884523791,-0.017114683350205953,-0.03437734080549351,0.43149424479691617,-0.6546465961868744
us,midpoint,feminine,302,816,-0.00015156446001454368,0.00027239590717847983,-0.017114683350205953,-0.03437734080549351,-0.117845115080399,0.2880645785002707
us,midpoint,feminine,303,561,-0.00261159303329582,-0.0012867350129283153,-0.017114683350205953,-0.03437734080549351,-2.050193766627057,-1.3594964845620006
us,midpoint,feminine,304,1000,-0.00016711032861133415,-0.0003331286366848249,-0.017114683350205953,-0.03437734080549351,-0.13005637089522926,-0.35180385610776616
us,midpoint,feminine,305,553,0.00016010587402578297,0.0020727470274960746,-0.017114683350205953,-0.03437734080549351,0.12697145178842031,2.1905272693643796
us,midpoint,feminine,307,652,0.0011976388233662337,-0.0015034266117029266,-0.017114683350205953,-0.03437734080549351,0.9419519838718632,-1.5884783078519316
us,midpoint,feminine,308,601,0.0005965282218739557,-8.392044770752505e-05,-0.017114683350205953,-0.03437734080549351,0.46978053316603685,-0.08846118009493985
us,midpoint,feminine,309,609,-0.003090201602620593,-0.0016329182395833225,-0.017114683350205953,-0.03437734080549351,-2.4261400599336493,-1.7253143883484146
us,midpoint,feminine,311,632,-0.00024520547573741655,-0.0009644848870115491,-0.017114683350205953,-0.03437734080549351,-0.19139998855904275,-1.0189691092271496
us,midpoint,feminine,312,673,-0.0014651837157756697,0.00039864741799591763,-0.017114683350205953,-0.03437734080549351,-1.1496910151993416,0.4214767703137381
us,midpoint,feminine,313,1000,0.0003017797617905285,-0.0007446008384898589,-0.017114683350205953,-0.03437734080549351,0.23825607220094788,-0.7866137681451976
us,midpoint,feminine,314,625,-0.0004860681134211606,-0.00015335555403038492,-0.017114683350205953,-0.03437734080549351,-0.38059721910801386,-0.1618344780725702
us,midpoint,feminine,315,633,-0.0006820702296181924,0.0006897465554387416,-0.017114683350205953,-0.03437734080549351,-0.5345565791931867,0.7290863482887282
us,midpoint,feminine,316,367,-0.0019655668717230585,-0.0031724938927015917,-0.017114683350205953,-0.03437734080549351,-1.5427412127268816,-3.3522110568735832
us,midpoint,feminine,317,587,0.0009151519074339122,-0.0002654119366620744,-0.017114683350205953,-0.03437734080549351,0.7200589469331484,-0.28024642828835655
us,midpoint,feminine,318,696,0.0013225545515263525,0.0005180714370318501,-0.017114683350205953,-0.03437734080549351,1.0400730957519628,0.5476742314894376
us,midpoint,feminine,319,871,-0.0010733961429072632,0.00021545863559367662,-0.017114683350205953,-0.03437734080549351,-0.8419424807523632,0.22789796228455347
us,midpoint,feminine,320,758,0.0011733384648378864,-0.0009991441377960944,-0.017114683350205953,-0.03437734080549351,0.9228640897130893,-1.055594149068971
us,midpoint,feminine,321,652,-0.0011890264451963686,-8.996690565167553e-05,-0.017114683350205953,-0.03437734080549351,-0.9327699049266506,-0.0948505785410585
us,midpoint,feminine,322,604,5.6072470686723e-06,0.002370082214714589,-0.017114683350205953,-0.03437734080549351,0.005613018512918785,2.504726590808149
us,midpoint,feminine,323,1082,-0.00012491827270897857,-0.0008943028146054174,-0.017114683350205953,-0.03437734080549351,-0.0969145760338181,-0.9448064790527448
us,midpoint,feminine,324,685,0.0005885398396804908,-0.0007500814692896762,-0.017114683350205953,-0.03437734080549351,0.4635056712692128,-0.7924052470969333
us,midpoint,feminine,325,1035,-7.627508998459334e-05,-0.00022012427911791838,-0.017114683350205953,-0.03437734080549351,-0.05870543099977131,-0.23239016410629607
us,midpoint,feminine,326,825,0.00016223502519385063,0.0004079527734731775,-0.017114683350205953,-0.03437734080549351,0.12864389674830418,0.4313099030959655
us,midpoint,feminine,327,946,-0.00017865842003659746,0.0006591203728025935,-0.017114683350205953,-0.03437734080549351,-0.1391273789054251,0.6967231224872059
us,midpoint,feminine,328,758,-0.0005553927543962348,0.0001649356628564691,-0.017114683350205953,-0.03437734080549351,-0.4350516177121979,0.17450944846669003
us,midpoint,feminine,329,816,-0.0005822203473473606,-0.0005683925436333892,-0.017114683350205953,-0.03437734080549351,-0.45612465061368335,-0.6004113640685534
us,midpoint,feminine,330,786,0.0005457379576226142,-0.00015316003378768733,-0.017114683350205953,-0.03437734080549351,0.42988485890284345,-0.16162786839357868
us,midpoint,feminine,331,664,-0.00015053947179829302,-9.564801832386699e-05,-0.017114683350205953,-0.03437734080549351,-0.11703998841681665,-0.10085391021312307
us,midpoint,feminine,332,856,0.0006878493968544563,0.00016833806232822296,-0.017114683350205953,-0.03437734080549351,0.5415131753181776,0.17810482382507323
us,midpoint,feminine,333,889,2.1279054137072345e-05,-0.0007037616839540503,-0.017114683350205953,-0.03437734080549351,0.017923198803031885,-0.7434583153260255
us,midpoint,feminine,334,732,0.0004895585155969828,0.00022328330113716155,-0.017114683350205953,-0.03437734080549351,0.3857559938067469,0.23616642397348445
us,midpoint,feminine,335,633,-0.0012609158350871848,0.0007792512751038372,-0.017114683350205953,-0.03437734080549351,-0.9892389098499309,0.823667559641021
us,midpoint,feminine,336,744,0.0001713773741252693,0.00021784739586075408,-0.017114683350205953,-0.03437734080549351,0.13582519773865487,0.23042220726890505
us,midpoint,feminine,337,542,0.0015719883594390721,0.000367036212961927,-0.017114683350205953,-0.03437734080549351,1.2360029673011343,0.38807265402123736
us,midpoint,feminine,338,542,-0.002393555762521489,0.00167646785480028,-0.017114683350205953,-0.03437734080549351,-1.8789258265942654,1.7717720983801497
us,midpoint,feminine,339,882,-0.000898384011667426,0.0005048326422566751,-0.017114683350205953,-0.03437734080549351,-0.704470721489615,0.5336845642253463
us,midpoint,feminine,341,1036,0.0003083977929914834,-0.0006223041007903801,-0.017114683350205953,-0.03437734080549351,0.24345452550590335,-0.6573806546364234
us,midpoint,feminine,342,744,0.0003623280262718409,0.0005363490502105286,-0.017114683350205953,-0.03437734080549351,0.2858166406003202,0.5669885067761093
us,midpoint,feminine,343,825,0.0015620897730705477,-0.0005012454611262318,-0.017114683350205953,-0.03437734080549351,1.2282276429698713,-0.5294558610954968
us,midpoint,feminine,344,1000,0.00022411075883655568,-0.0004228973677352227,-0.017114683350205953,-0.03437734080549351,0.1772471901273158,-0.4466640529339659
us,midpoint,feminine,345,825,0.0007536693262493073,-0.0003770647619042791,-0.017114683350205953,-0.03437734080549351,0.5932146283795091,-0.39823193231347875
us,midpoint,feminine,346,790,0.0006829162483955944,7.714980467470045e-05,-0.017114683350205953,-0.03437734080549351,0.5376381948094567,0.08174458827272911
us,midpoint,feminine,348,664,0.002343652571938963,0.0002632924561860109,-0.017114683350205953,-0.03437734080549351,1.8421440165012506,0.2784448017379318
us,midpoint,feminine,349,882,0.0012414878934238448,0.00061010266034707,-0.017114683350205953,-0.03437734080549351,0.9763953607975147,0.6449252436813829
us,midpoint,feminine,350,796,0.0006149714307786026,8.14181791908078e-05,-0.017114683350205953,-0.03437734080549351,0.48426764532569433,0.08625505469002268
us,midpoint,feminine,351,535,-0.0005797962691405818,0.0014690863924550351,-0.017114683350205953,-0.03437734080549351,-0.4542205409195977,1.5526284599886175
us,midpoint,feminine,352,556,0.001274669835236681,0.0017631387718781283,-0.017114683350205953,-0.03437734080549351,1.002459724933013,1.8633587807015934
us,midpoint,feminine,353,389,0.0004825254024912601,0.0012439272133779253,-0.017114683350205953,-0.03437734080549351,0.38023149430555164,1.314698795677232
us,midpoint,feminine,354,721,0.0007267997844899211,-0.001124275416127675,-0.017114683350205953,-0.03437734080549351,0.5721086447538101,-1.1878225715135715
us,midpoint,feminine,355,664,-0.0006223021044454435,0.0007708002794751465,-0.017114683350205953,-0.03437734080549351,-0.4876088090179059,0.814737243936047
us,midpoint,feminine,356,816,0.0002565864028139554,1.4538063679875313e-05,-0.017114683350205953,-0.03437734080549351,0.2027567584020183,0.015581660436914129
us,midpoint,feminine,357,744,0.0011771478362599674,-0.0002046564663333722,-0.017114683350205953,-0.03437734080549351,0.9258563450920098,-0.2160450543108919
us,midpoint,feminine,358,582,-0.0023397910274561493,0.0036253396219447023,-0.017114683350205953,-0.03437734080549351,-1.836693710092587,3.831179168716858
us,midpoint,feminine,359,1176,-0.004672923172992583,-0.005882661881897417,-0.017114683350205953,-0.03437734080549351,-3.6693654132891016,-6.2160932336512476
us,midpoint,feminine,360,588,-0.0012394468622673842,-0.000123719717367049,-0.017114683350205953,-0.03437734080549351,-0.9723750647999124,-0.13051776827732026
us,midpoint,feminine,361,685,-9.27657536187107e-05,-0.0004730964373725541,-0.017114683350205953,-0.03437734080549351,-0.07165882185977768,-0.49971029264984146
us,midpoint,feminine,363,541,-0.00017726570580740494,-0.00032688399959779346,-0.017114683350205953,-0.03437734080549351,-0.138033404025621,-0.34520503827607124
us,midpoint,feminine,364,664,0.0002006929354286778,-0.0012738820702485679,-0.017114683350205953,-0.03437734080549351,0.15885252594501623,-1.3459145539929673
us,midpoint,feminine,365,616,0.002537020751821807,-0.0012397413939843269,-0.017114683350205953,-0.03437734080549351,1.994034423672518,-1.3098375009667054
us,midpoint,feminine,366,648,-0.001266482059204408,-0.0005263803476153323,-0.017114683350205953,-0.03437734080549351,-0.9936111703122459,-0.5560163376852981
us,midpoint,feminine,367,649,0.0008143930611677966,-0.0006204429537533598,-0.017114683350205953,-0.03437734080549351,0.6409130285367511,-0.6554139478311871
us,midpoint,feminine,368,666,-0.00038329515412811876,0.00019879500700480113,-0.017114683350205953,-0.03437734080549351,-0.2998692180342385,0.21028921289840055
us,midpoint,feminine,369,882,-0.0008362051778539534,6.956040994544888e-05,-0.017114683350205953,-0.03437734080549351,-0.6556293433937721,0.07372474139080822
us,midpoint,feminine,370,816,0.0007130702405717219,0.0001173221903568375,-0.017114683350205953,-0.03437734080549351,0.5613241091736824,0.12419545471804065
us,midpoint,feminine,371,636,0.0002047747240440899,0.0007316663518002822,-0.017114683350205953,-0.03437734080549351,0.16205876460929708,0.7733837343299486
us,midpoint,feminine,373,685,-0.0006242980887608864,0.0006138279022034482,-0.017114683350205953,-0.03437734080549351,-0.48917665162036383,0.6488617722652931
us,midpoint,feminine,374,632,0.00015809805295317544,-0.00019133259978097034,-0.017114683350205953,-0.03437734080549351,0.12539431143145888,-0.2019654902036831
us,midpoint,feminine,375,996,0.0010424216245763541,0.000930277034103956,-0.017114683350205953,-0.03437734080549351,0.8200291135295846,0.9832591352035006
us,midpoint,feminine,376,604,-0.0004581744590027581,2.3525718603707724e-05,-0.017114683350205953,-0.03437734080549351,-0.3586867965675901,0.02507907345706763
us,midpoint,feminine,377,604,-0.002523657544047774,-0.00011405819342074491,-0.017114683350205953,-0.03437734080549351,-1.9811205753978558,-0.12030826601006737
us,midpoint,feminine,378,909,-0.00033750520892766867,0.00041163780646806536,-0.017114683350205953,-0.03437734080549351,-0.2639012866762444,0.4352039422688024
us,midpoint,feminine,379,744,3.59173014617617e-05,0.0001263217189882218,-0.017114683350205953,-0.03437734080549351,0.029421519507957995,0.13370541489378218
us,midpoint,feminine,380,604,-0.0014775106904182864,0.002731780712591836,-0.017114683350205953,-0.03437734080549351,-1.15937383477592,2.8869397545557094
us,midpoint,feminine,381,952,-0.000528779896368653,-0.0004078895402773175,-0.017114683350205953,-0.03437734080549351,-0.4141472587620873,-0.4308050177227934
us,midpoint,feminine,382,606,6.663486764041035e-05,-0.0003078200405605136,-0.017114683350205953,-0.03437734080549351,0.05355012038226994,-0.32505981749147866
us,midpoint,feminine,383,504,0.0012276935329026371,-0.0007467796734336382,-0.017114683350205953,-0.03437734080549351,0.9655599118756552,-0.7889161813485509
us,midpoint,feminine,384,666,0.00046944967873764273,0.0010306145903247604,-0.017114683350205953,-0.03437734080549351,0.36996053345667124,1.0892875954567907
us,midpoint,feminine,385,649,-3.3981891001781672e-06,0.0008152823931849851,-0.017114683350205953,-0.03437734080549351,-0.0014607377135207945,0.8617422757816207
us,midpoint,feminine,386,540,0.00012496786336956,0.0009318331095404531,-0.017114683350205953,-0.03437734080549351,0.09937059859222408,0.984903467483297
us,midpoint,feminine,387,808,0.0003969821676961874,-2.1744921739938472e-05,-0.017114683350205953,-0.03437734080549351,0.3130374152608861,-0.02275920834993968
us,midpoint,feminine,389,864,0.0003072566277269907,0.0005590741884919162,-0.017114683350205953,-0.03437734080549351,0.24255814195004363,0.5910025600555835
us,midpoint,feminine,390,889,0.0009362643249953562,0.0006824144428749651,-0.017114683350205953,-0.03437734080549351,0.7366427183774493,0.721338375995779
us,midpoint,feminine,392,996,0.0024318601002379196,0.001611425813098706,-0.017114683350205953,-0.03437734080549351,1.9114308939855242,1.7030410290468279
us,midpoint,feminine,393,796,5.0080325966581074e-05,0.0004499333308866857,-0.017114683350205953,-0.03437734080549351,0.04054655342055426,0.47567149640937934
us,midpoint,feminine,394,648,-0.0009998610048342037,0.0013419088777639823,-0.017114683350205953,-0.03437734080549351,-0.7841807431692743,1.418237743596657
us,midpoint,feminine,395,606,-0.0014716334237360497,-0.0002034151143359489,-0.017114683350205953,-0.03437734080549351,-1.1547572508583388,-0.2147332958240747
us,midpoint,feminine,396,649,-1.2241953613125606e-05,-0.0002549792143599003,-0.017114683350205953,-0.03437734080549351,-0.00840750110350692,-0.2692219871557119
us,midpoint,feminine,398,856,-0.0012345991320662428,0.0004778597255097952,-0.017114683350205953,-0.03437734080549351,-0.9685671802009368,0.5051818087374776
us,midpoint,feminine,399,744,0.0003700294438867338,-1.0289128691845506e-05,-0.017114683350205953,-0.03437734080549351,0.29186609226310556,-0.010653670367763938
us,midpoint,feminine,400,889,-0.0003427101273722963,0.0006297297383760433,-0.017114683350205953,-0.03437734080549351,-0.267989742089781,0.665665522207837
us,midpoint,feminine,401,666,1.6951485198625493e-05,0.0004100561375601705,-0.017114683350205953,-0.03437734080549351,0.014523900073940726,0.4335325649176783
us,midpoint,feminine,402,664,0.001329557338325918,-0.0009449781716209457,-0.017114683350205953,-0.03437734080549351,1.0455737739864275,-0.9983560200174285
us,midpoint,feminine,404,882,-0.0001500055504693107,-0.00044812329555744823,-0.017114683350205953,-0.03437734080549351,-0.11662059403607787,-0.4733207345015864
us,midpoint,feminine,405,461,0.00018650573029191375,0.0002417557955616753,-0.017114683350205953,-0.03437734080549351,0.14770849818330808,0.25568663369992556
us,midpoint,feminine,406,889,0.0007689348848078023,0.0006456245631237326,-0.017114683350205953,-0.03437734080549351,0.6052057010914282,0.6824618630543757
us,midpoint,feminine,407,996,-0.0006986078962480623,-0.001077310307187787,-0.017114683350205953,-0.03437734080549351,-0.5475468908338894,-1.138193714941003
us,midpoint,feminine,408,769,0.00019426153192422801,0.00032782563231781303,-0.017114683350205953,-0.03437734080549351,0.15380066840793102,0.346638143874469
us,midpoint,feminine,409,588,-0.00130778816013509,0.0011388601234379042,-0.017114683350205953,-0.03437734080549351,-1.0260570489093344,1.203672553966508
us,midpoint,feminine,410,681,0.0015526907537110855,-0.0009335817356621243,-0.017114683350205953,-0.03437734080549351,1.2208447277540158,-0.9863132057153744
us,midpoint,feminine,411,848,0.0006484582174599435,0.00022577669164602215,-0.017114683350205953,-0.03437734080549351,0.5105714646354064,0.23880123357441674
us,midpoint,feminine,412,552,0.0013248776684383276,-0.0013439102426478014,-0.017114683350205953,-0.03437734080549351,1.041897900504638,-1.4199145553235077
us,midpoint,feminine,413,664,0.0002890642422960915,0.001761656685836166,-0.017114683350205953,-0.03437734080549351,0.22826805124230626,1.8617926343162225
us,midpoint,feminine,414,636,0.00032263458156598507,-0.0007241536955726255,-0.017114683350205953,-0.03437734080549351,0.2546375009815088,-0.7650069126291799
us,midpoint,strong,1,578,0.0012124508829404884,0.0011016651060641394,0.04218024677258683,-0.0016033441185022222,1.5015974178038216,1.9702283733876411
us,midpoint,strong,2,632,0.0011386427254554965,-0.0005477974661341407,0.04218024677258683,-0.0016033441185022222,1.4102070386830958,-0.9795271187697029
us,midpoint,strong,3,594,-0.0007941966969541372,0.0003058373821001872,0.04218024677258683,-0.0016033441185022222,-0.9830640252832317,0.547039245522085
us,midpoint,strong,4,551,4.661186787390664e-05,-0.00027262880424170233,0.04218024677258683,-0.0016033441185022222,0.05803788168705309,-0.4874394016140111
us,midpoint,strong,5,541,-0.0004559486011362357,-0.0009291564394340898,0.04218024677258683,-0.0016033441185022222,-0.5642401070740918,-1.6615163587412456
us,midpoint,strong,6,640,0.00039774781092535155,-7.081112215194161e-05,0.04218024677258683,-0.0016033441185022222,0.4928197276491384,-0.12652620104023377
us,midpoint,strong,7,708,-0.0010141216708510828,-0.0005288322196967924,0.04218024677258683,-0.0016033441185022222,-1.2553784608067637,-0.9456113205081338
us,midpoint,strong,8,823,-3.98157575285385e-05,0.00037926254487250194,0.04218024677258683,-0.0016033441185022222,-0.0489781138502915,0.6783464244788846
us,midpoint,strong,9,625,0.00018408115444659007,0.0002166420967641494,0.04218024677258683,-0.0016033441185022222,0.2282544355942258,0.38753015011783276
us,midpoint,strong,10,673,0.0004498435925772287,0.00024847299690024965,0.04218024677258683,-0.0016033441185022222,0.557325513973959,0.44445376516636315
us,midpoint,strong,11,541,-0.0003168622751394401,9.921722573870612e-05,0.04218024677258683,-0.0016033441185022222,-0.3920213104466233,0.1775377173937929
us,midpoint,strong,12,769,0.0011335719973733296,-9.315748941561824e-05,0.04218024677258683,-0.0016033441185022222,1.4039283863276084,-0.16648850189920197
us,midpoint,strong,13,825,-0.00037252599572042133,0.00023479995352918438,0.04218024677258683,-0.0016033441185022222,-0.4609449728236502,0.42000208286807755
us,midpoint,strong,14,996,0.001247644300372476,-0.0003405106193736754,0.04218024677258683,-0.0016033441185022222,1.5451744406053636,-0.6088333394808699
us,midpoint,strong,15,471,8.754041420054592e-05,-0.0017538162063328968,0.04218024677258683,-0.0016033441185022222,0.1087162279987373,-3.13626620609852
us,midpoint,strong,16,361,-0.0006215824764740016,0.00033388950380559986,0.04218024677258683,-0.0016033441185022222,-0.7693304816093381,0.597205221678142
us,midpoint,strong,17,648,-0.0010602554571363387,0.0008455579582443845,0.04218024677258683,-0.0016033441185022222,-1.3125020141178105,1.5122286111649292
us,midpoint,strong,18,609,0.001043601618538198,-0.0002406288852463915,0.04218024677258683,-0.0016033441185022222,1.2925256998013943,-0.4302135279288569
us,midpoint,strong,19,681,-0.00018809949301024087,7.454465595803763e-05,0.04218024677258683,-0.0016033441185022222,-0.23258528228375056,0.13341543814791157
us,midpoint,strong,20,1000,0.00019024053609246333,-0.00029345898708542286,0.04218024677258683,-0.0016033441185022222,0.23588107529025207,-0.5246902900437003
us,midpoint,strong,21,796,0.000116940232565102,-0.0003610621463251329,0.04218024677258683,-0.0016033441185022222,0.14511952863611735,-0.6455859039337201
us,midpoint,strong,22,585,-0.0001893079331680425,-0.00102573376560858,0.04218024677258683,-0.0016033441185022222,-0.2340815912003992,-1.8342268543309743
us,midpoint,strong,23,632,0.000844306355586695,0.0016022038305812142,0.04218024677258683,-0.0016033441185022222,1.045755285002649,2.8653483212831237
us,midpoint,strong,24,786,0.0006585989304251083,-0.00041186414739431904,0.04218024677258683,-0.0016033441185022222,0.8158095368717293,-0.7364357869151215
us,midpoint,strong,25,609,-7.0093997297134e-05,-0.0001863137411706058,0.04218024677258683,-0.0016033441185022222,-0.08646908918215566,-0.3330810453582813
us,midpoint,strong,26,1081,-0.0007921277909700708,-0.0003805634725177287,0.04218024677258683,-0.0016033441185022222,-0.9805022745406066,-0.680460380633302
us,midpoint,strong,27,616,0.0001473611033160696,0.000605258466266481,0.04218024677258683,-0.0016033441185022222,0.18278711181185023,1.082497886641867
us,midpoint,strong,28,825,-0.00023867443575711217,7.313759513151831e-05,0.04218024677258683,-0.0016033441185022222,-0.2952079428288998,0.13089917286806751
us,midpoint,strong,29,823,0.0006497747749988972,-0.0001538925153867015,0.04218024677258683,-0.0016033441185022222,0.8048833338976796,-0.27510174323256514
us,midpoint,strong,30,721,0.0002061710636181019,-0.0007992532865504546,0.04218024677258683,-0.0016033441185022222,0.25560649589104817,-1.4292088513593828
us,midpoint,strong,31,1000,-4.863607369107181e-06,6.28879030594681e-05,0.04218024677258683,-0.0016033441185022222,-0.0056998318419039596,0.11256951447384402
us,midpoint,strong,32,711,0.00015902905423431646,-9.823518121224086e-05,0.04218024677258683,-0.0016033441185022222,0.197234545460325,-0.17556900455323213
us,midpoint,strong,33,571,0.00040857722279452613,0.00023849095151055226,0.04218024677258683,-0.0016033441185022222,0.506228869539445,0.42660274283490024
us,midpoint,strong,34,739,-0.0001791846351894208,0.0002465594454492655,0.04218024677258683,-0.0016033441185022222,-0.22154677023015024,0.44103173607809865
us,midpoint,strong,35,561,0.0007647250932399721,-0.0013428448013384161,0.04218024677258683,-0.0016033441185022222,0.9472165599538382,-2.401320667209163
us,midpoint,strong,36,616,-0.00012914536753964173,-8.811915441479822e-05,0.04218024677258683,-0.0016033441185022222,-0.15958739070808775,-0.1574783815178764
us,midpoint,strong,37,529,-0.0010146129392786321,-0.0009452639807868077,0.04218024677258683,-0.0016033441185022222,-1.2559867568186633,-1.6903216856223575
us,midpoint,strong,38,661,-8.672581877419011e-05,-0.00037197467166573905,0.04218024677258683,-0.0016033441185022222,-0.1070628625813285,-0.66510091573169
us,midpoint,strong,39,681,-0.0002217291440794883,-3.011972836022554e-05,0.04218024677258683,-0.0016033441185022222,-0.27422602587691214,-0.05375724929573606
us,midpoint,strong,40,673,0.0003286480152845869,0.000540634264690923,0.04218024677258683,-0.0016033441185022222,0.40725931351661865,0.9669295817061971
us,midpoint,strong,41,416,-0.0003277842163841582,-0.000870215779192055,0.04218024677258683,-0.0016033441185022222,-0.40554502361196065,-1.556112005110709
us,midpoint,strong,42,664,-0.0006232808966892614,0.0007130731887517283,0.04218024677258683,-0.0016033441185022222,-0.771433491258515,1.275304365034666
us,midpoint,strong,43,913,-0.0006400486065739203,0.00014378369035173279,0.04218024677258683,-0.0016033441185022222,-0.792195523743297,0.25723650897238026
us,midpoint,strong,44,739,-0.00011351070522127443,-0.0006097553374604164,0.04218024677258683,-0.0016033441185022222,-0.1402283148906125,-1.0903271904460734
us,midpoint,strong,46,1176,0.00026020581362392464,0.0004692804554366906,0.04218024677258683,-0.0016033441185022222,0.3225131422157436,0.8393266313382404
us,midpoint,strong,47,841,0.00018772520468674642,2.4799307916880406e-05,0.04218024677258683,-0.0016033441185022222,0.2327665538252029,0.04445518159712333
us,midpoint,strong,48,721,0.00045134007545438726,-0.00017909270543490412,0.04218024677258683,-0.0016033441185022222,0.5591784817508474,-0.32016757270393487
us,midpoint,strong,49,848,-0.00021328717071295022,-0.0002543198311520847,0.04218024677258683,-0.0016033441185022222,-0.2637730465209126,-0.4546972255639755
us,midpoint,strong,50,648,0.0004431026351908868,-0.0003915807211939254,0.04218024677258683,-0.0016033441185022222,0.5489787583826178,-0.7001626705420468
us,midpoint,strong,51,664,0.000544912642252135,-0.0001310296800667403,0.04218024677258683,-0.0016033441185022222,0.6750414520015879,-0.2342158357933525
us,midpoint,strong,52,664,-0.0011065793844486846,0.0006938089471943763,0.04218024677258683,-0.0016033441185022222,-1.3698610029300848,1.2408538698892606
us,midpoint,strong,53,666,-0.0002906800449965913,-0.0006274407195609044,0.04218024677258683,-0.0016033441185022222,-0.35960207630617486,-1.1219541905739336
us,midpoint,strong,54,796,-0.0002982589126254709,0.0006987512242608537,0.04218024677258683,-0.0016033441185022222,-0.36898634505790384,1.249692208610203
us,midpoint,strong,55,648,0.0002070242970672806,0.00046355693183571813,0.04218024677258683,-0.0016033441185022222,0.25666298247811387,0.8290911792212757
us,midpoint,strong,56,711,-6.316254308062069e-05,-0.00043175410485568025,0.04218024677258683,-0.0016033441185022222,-0.0778864575288196,-0.7720052579957745
us,midpoint,strong,57,1000,-0.000828428336297371,0.0002891399442492427,0.04218024677258683,-0.0016033441185022222,-1.0254501598800507,0.5171789990175898
us,midpoint,strong,58,443,0.001029428610565715,0.0008165580117607525,0.04218024677258683,-0.0016033441185022222,1.274976466545576,1.4603676275608228
us,midpoint,strong,59,541,0.0030829382847270548,0.000668977889144486,0.04218024677258683,-0.0016033441185022222,3.817663264923432,1.1964481639985682
us,midpoint,strong,60,664,2.8038833269787566e-05,-0.00013840635482631697,0.04218024677258683,-0.0016033441185022222,0.0350404687759132,-0.24740763974978935
us,midpoint,strong,61,909,-0.00042357216787743124,0.0006913181132686558,0.04218024677258683,-0.0016033441185022222,-0.5241511167656605,1.2363994790008066
us,midpoint,strong,62,956,-0.00039436109043443357,0.00015005878439420064,0.04218024677258683,-0.0016033441185022222,-0.48798151799762096,0.2684583417241866
us,midpoint,strong,63,756,1.9492837957608977e-05,0.0002553271604298262,0.04218024677258683,-0.0016033441185022222,0.024458687870425107,0.45671115545595775
us,midpoint,strong,64,648,0.00018726413383771123,0.0005976597777180013,0.04218024677258683,-0.0016033441185022222,0.23219564891264755,1.0689090525228857
us,midpoint,strong,65,732,-0.0004598895811937717,-7.005021589130732e-05,0.04218024677258683,-0.0016033441185022222,-0.5691198883047596,-0.1251654624219991
us,midpoint,strong,66,380,-0.0019644537377099397,0.00016735813305542783,0.04218024677258683,-0.0016033441185022222,-2.4320940277611887,0.29939499320345736
us,midpoint,strong,67,918,-1.7113472314998768e-05,0.00028472083959472103,0.04218024677258683,-0.0016033441185022222,-0.020867800258001622,0.509276256363829
us,midpoint,strong,68,961,-0.00024441988290112987,-0.0005190104929261286,0.04218024677258683,-0.0016033441185022222,-0.3023220425517744,-0.9280469980599906
us,midpoint,strong,69,601,0.0004299692343959008,0.0006205734774672224,0.04218024677258683,-0.0016033441185022222,0.5327167824886624,1.1098859214862296
us,midpoint,strong,70,808,-0.00036144970396304044,0.00010555189101749953,0.04218024677258683,-0.0016033441185022222,-0.44723014051443505,0.18886608216668763
us,midpoint,strong,71,700,-0.002105052908476693,0.0010847340874016876,0.04218024677258683,-0.0016033441185022222,-2.606186051709165,1.939950411262786
us,midpoint,strong,72,531,0.002400267852835418,-0.0010145787687178046,0.04218024677258683,-0.0016033441185022222,2.972370390653099,-1.8142782274884082
us,midpoint,strong,73,666,0.0002888052746398903,0.00040741369538044975,0.04218024677258683,-0.0016033441185022222,0.35792542825511514,0.7286894951377713
us,midpoint,strong,74,796,-0.00021998910024448315,-0.000373137587677993,0.04218024677258683,-0.0016033441185022222,-0.2720714772309832,-0.6671805736468691
us,midpoint,strong,75,748,-0.00017844824434578438,-0.0004912297111387962,0.04218024677258683,-0.0016033441185022222,-0.22063495992795365,-0.8783662626284517
us,midpoint,strong,76,796,0.0005750352112597473,-5.3678118059174995e-05,0.04218024677258683,-0.0016033441185022222,0.7123396734380963,-0.0958870257284599
us,midpoint,strong,78,1225,0.00010166365663848154,-3.5650301203338664e-05,0.04218024677258683,-0.0016033441185022222,0.12620384081550912,-0.06364764504870385
us,midpoint,strong,79,664,0.00023050704688115653,-0.000260470996236765,0.04218024677258683,-0.0016033441185022222,0.28573967916606,-0.46569743453963036
us,midpoint,strong,80,631,0.00014645018105600288,0.0004686892969448756,0.04218024677258683,-0.0016033441185022222,0.18165919406490016,0.8382694548752164
us,midpoint,strong,81,585,0.00014631852632860515,8.342795358093737e-05,0.04218024677258683,-0.0016033441185022222,0.18149617718627992,0.1493015554768393
us,midpoint,strong,82,721,0.0003877093730838138,-0.0005013063191235307,0.04218024677258683,-0.0016033441185022222,0.4803899817866364,-0.8963863924854596
us,midpoint,strong,83,666,-0.0011276988282016356,-0.00021129870606824636,0.04218024677258683,-0.0016033441185022222,-1.3960114182387655,-0.377761984877844
us,midpoint,strong,84,876,-0.0005385000225556699,8.760162098191398e-05,0.04218024677258683,-0.0016033441185022222,-0.666456528097892,0.15676537947986668
us,midpoint,strong,85,889,0.0007098265456647254,-3.5107830252588835e-05,0.04218024677258683,-0.0016033441185022222,0.879240346388296,-0.06267753715217998
us,midpoint,strong,86,582,-0.0005930998193737005,6.493692950057745e-05,0.04218024677258683,-0.0016033441185022222,-0.7340628239484429,0.11623381525890684
us,midpoint,strong,87,616,0.0018736775653186016,3.498281718890641e-05,0.04218024677258683,-0.0016033441185022222,2.3203383164580544,0.06266648442441962
us,midpoint,strong,88,769,0.000288985126247962,-0.0002675542463064049,0.04218024677258683,-0.0016033441185022222,0.35814812324178363,-0.4783645032851784
us,midpoint,strong,89,924,-0.0002551296300471115,-0.0009815650953469508,0.04218024677258683,-0.0016033441185022222,-0.3155830137683691,-1.7552394435939782
us,midpoint,strong,90,711,9.75908131431516e-05,8.364567439799581e-05,0.04218024677258683,-0.0016033441185022222,0.12116078427784563,0.14969090846168406
us,midpoint,strong,91,604,0.00040003663078435475,-0.0002921326803636006,0.04218024677258683,-0.0016033441185022222,0.49565377908438635,-0.5223184383855166
us,midpoint,strong,92,666,0.0002053037853249548,-0.00018536493012551668,0.04218024677258683,-0.0016033441185022222,0.2545326187653388,-0.3313842741562884
us,midpoint,strong,93,1176,3.17981681720661e-05,0.00021714521447258636,0.04218024677258683,-0.0016033441185022222,0.03969533422260684,0.3884298820964042
us,midpoint,strong,94,601,-0.0006092831102804605,0.0001851961760175058,0.04218024677258683,-0.0016033441185022222,-0.7541012199982362,0.3312949987468405
us,midpoint,strong,95,556,-8.804393549264461e-05,-0.0006255841667989434,0.04218024677258683,-0.0016033441185022222,-0.10869497467746662,-1.1186340929867686
us,midpoint,strong,96,421,0.00038145430407457437,0.00048437411075274886,0.04218024677258683,-0.0016033441185022222,0.4726448605471998,0.8663188125587795
us,midpoint,strong,97,744,-0.0008809886036959119,0.00012240141093408608,0.04218024677258683,-0.0016033441185022222,-1.0905310794954213,0.21899829901834172
us,midpoint,strong,98,758,0.0014689204151611887,-0.0013695561785164083,0.04218024677258683,-0.0016033441185022222,1.8191618792568933,-2.4490889723904448
us,midpoint,strong,99,618,-0.00045878257317235466,-0.0008630000518411978,0.04218024677258683,-0.0016033441185022222,-0.5677491741965317,-1.5432080255104113
us,midpoint,strong,100,633,-0.0002780774787621565,-0.0004296815466624602,0.04218024677258683,-0.0016033441185022222,-0.34399738780960526,-0.7682988750706264
us,midpoint,strong,101,618,0.0009926887830295772,-0.0004792603904815848,0.04218024677258683,-0.0016033441185022222,1.2294846553180643,-0.8569613699433466
us,midpoint,strong,102,571,-0.0004967951051247782,0.0006577113197250523,0.04218024677258683,-0.0016033441185022222,-0.6148168673194372,1.1763000105436794
us,midpoint,strong,103,685,-0.00047218828412787933,3.643795286347568e-05,0.04218024677258683,-0.0016033441185022222,-0.5843483286579797,0.06526872258383073
us,midpoint,strong,104,588,6.552240008653176e-05,0.002028527146866469,0.04218024677258683,-0.0016033441185022222,0.08145318925163934,3.6277478839304864
us,midpoint,strong,105,606,0.0022255110410805065,0.0010938067927331442,0.04218024677258683,-0.0016033441185022222,2.755983857992963,1.9561752488743012
us,midpoint,strong,106,578,-0.0009871376547021665,-0.0006830873345395787,0.04218024677258683,-0.0016033441185022222,-1.2219664430829682,-1.2214677599752393
us,midpoint,strong,107,600,-0.0019466023575065022,0.0005535543783816582,0.04218024677258683,-0.0016033441185022222,-2.409990178265256,0.9900347900091366
us,midpoint,strong,108,587,9.55485489109939e-05,8.505112303731823e-05,0.04218024677258683,-0.0016033441185022222,0.1186320217561753,0.15220429064607716
us,midpoint,strong,109,378,-6.121607962979864e-05,-0.00029597937363311146,0.04218024677258683,-0.0016033441185022222,-0.0754763169864082,-0.529197530272556
us,midpoint,strong,110,721,4.095364967291598e-05,0.000603226114331411,0.04218024677258683,-0.0016033441185022222,0.05103179016334211,1.0788634050940502
us,midpoint,strong,111,711,0.0005155467242409367,-0.0011249620493437203,0.04218024677258683,-0.0016033441185022222,0.6386801272954771,-2.011678091999853
us,midpoint,strong,112,808,-0.0001683539480771129,0.0005370163909955946,0.04218024677258683,-0.0016033441185022222,-0.20813604931447036,0.9604596908565346
us,midpoint,strong,113,769,-0.00031062528302109454,0.0006333871692509347,0.04218024677258683,-0.0016033441185022222,-0.384298572287437,1.132800814100885
us,midpoint,strong,114,632,-5.626646443843142e-05,0.0002739201354121604,0.04218024677258683,-0.0016033441185022222,-0.06934762844770931,0.48996121580536695
us,midpoint,strong,115,478,-0.002191777712226013,0.0012820794024293685,0.04218024677258683,-0.0016033441185022222,-2.713570017979188,2.2928656193227157
us,midpoint,strong,116,777,-0.00023233358555448808,0.0002862667997952464,0.04218024677258683,-0.0016033441185022222,-0.28735660601584656,0.512040917210955
us,midpoint,strong,117,531,0.0006365018717433141,5.422744003526908e-05,0.04218024677258683,-0.0016033441185022222,0.7884486239429283,0.09708189517235812
us,midpoint,strong,118,585,-0.0007407620516471231,0.0011531886724300007,0.04218024677258683,-0.0016033441185022222,-0.9169004376908639,2.062368641026865
us,midpoint,strong,119,673,-0.0014325763615585935,0.0005034385778411299,0.04218024677258683,-0.0016033441185022222,-1.7735154002958935,0.9004120484083561
us,midpoint,strong,120,993,-0.0004627803318178053,-0.0004601550818703608,0.04218024677258683,-0.0016033441185022222,-0.5726992595352042,-0.8227950966642799
us,midpoint,strong,121,889,-0.00037461702926924745,4.6108130682078656e-05,0.04218024677258683,-0.0016033441185022222,-0.46353412225229207,0.08256202805880536
us,midpoint,strong,122,808,-0.00032245917045928274,0.0006760511623862067,0.04218024677258683,-0.0016033441185022222,-0.3989514710495816,1.2090973910522556
us,midpoint,strong,123,549,0.0001912535703662635,7.22846644832019e-05,0.04218024677258683,-0.0016033441185022222,0.23713542968005935,0.1293738658336996
us,midpoint,strong,124,555,0.00016586068466248327,0.00011424424023739627,0.04218024677258683,-0.0016033441185022222,0.20569357378615477,0.20441072396899815
us,midpoint,strong,125,578,-0.0005513179219996805,-4.986532740957868e-05,0.04218024677258683,-0.0016033441185022222,-0.6823278454378171,-0.08906856234004606
us,midpoint,strong,126,618,-0.0004196594239376586,0.00036789709971839766,0.04218024677258683,-0.0016033441185022222,-0.5193062979239105,0.6580214502544303
us,midpoint,strong,127,515,0.001189236740271972,-0.000761710630963441,0.04218024677258683,-0.0016033441185022222,1.4728533145538558,-1.3620708293305612
us,midpoint,strong,128,913,-0.0003981893710252732,4.5587577236824457e-05,0.04218024677258683,-0.0016033441185022222,-0.49272175304072563,0.08163111552403132
us,midpoint,strong,129,744,0.0003316220448497456,0.00015538322704645676,0.04218024677258683,-0.0016033441185022222,0.41094180199401176,0.2779801121607463
us,midpoint,strong,130,487,0.000300973151024439,-0.0004043310062390971,0.04218024677258683,-0.0016033441185022222,0.3729918771920656,-0.7229641720568358
us,midpoint,strong,131,1038,0.001290712573728127,-0.0002887803460829364,0.04218024677258683,-0.0016033441185022222,1.598502229350779,-0.5163234151442448
us,midpoint,strong,132,739,0.0005835207532405434,0.0003867707949189996,0.04218024677258683,-0.0016033441185022222,0.722846600112529,0.691773526241873
us,midpoint,strong,133,744,-0.0012396220910541739,-8.062902836603785e-05,0.04218024677258683,-0.0016033441185022222,-1.5345964984394465,-0.14408369113709593
us,midpoint,strong,134,1000,-0.0010757344458348778,-0.0008053258543979137,0.04218024677258683,-0.0016033441185022222,-1.3316683325000649,-1.4400685038676955
us,midpoint,strong,135,856,0.0015281232696878339,3.30761309489246e-05,0.04218024677258683,-0.0016033441185022222,1.892467750919107,0.059256732482784714
us,midpoint,strong,136,739,-0.00022558436053107117,0.0004327608955539679,0.04218024677258683,-0.0016033441185022222,-0.27899961331098755,0.7740182247390751
us,midpoint,strong,137,721,0.0002885337433286006,3.0269881587359406e-05,0.04218024677258683,-0.0016033441185022222,0.3575892140705657,0.0542382800449049
us,midpoint,strong,138,601,0.00025813407522410486,-0.00017398908654597876,0.04218024677258683,-0.0016033441185022222,0.31994788433300897,-0.31104070429162395
us,midpoint,strong,139,541,0.002510535459612377,-0.00018839688626882153,0.04218024677258683,-0.0016033441185022222,3.108905412410423,-0.33680636098410555
us,midpoint,strong,140,906,-0.00010202107456271786,-0.00014921038148165713,0.04218024677258683,-0.0016033441185022222,-0.12600168009003354,-0.26672862192977964
us,midpoint,strong,141,918,-0.000852669596426131,0.00022212741598858768,0.04218024677258683,-0.0016033441185022222,-1.0554660555347009,0.39733961823262554
us,midpoint,strong,142,841,-0.0005527034509162365,-0.0009265119454754379,0.04218024677258683,-0.0016033441185022222,-0.6840434283392399,-1.6567871756060901
us,midpoint,strong,143,577,0.0006922298119999767,0.0004486284684325659,0.04218024677258683,-0.0016033441185022222,0.8574518040955985,0.802394412859229
us,midpoint,strong,144,841,-0.0008582458729843798,-0.00042105754015677723,0.04218024677258683,-0.0016033441185022222,-1.0623706856745874,-0.752876451438039
us,midpoint,strong,145,675,0.0003127114923386007,-0.0005205304102991225,0.04218024677258683,-0.0016033441185022222,0.38752646929549067,-0.9307650861780127
us,midpoint,strong,146,889,0.00031752883599057286,0.00031206311027863866,0.04218024677258683,-0.0016033441185022222,0.39349137720960675,0.5581727966535857
us,midpoint,strong,147,604,0.0006990766579382038,-0.00020624195944556186,0.04218024677258683,-0.0016033441185022222,0.8659296724965677,-0.36871893875232176
us,midpoint,strong,148,633,-0.0002553475097861191,0.0002403927055944742,0.04218024677258683,-0.0016033441185022222,-0.31585279576305825,0.4300036745373427
us,midpoint,strong,149,889,0.0007917071487624217,4.7740131443748356e-05,0.04218024677258683,-0.0016033441185022222,0.9806261500002305,0.08548055636680112
us,midpoint,strong,150,685,0.00018759838451930938,0.0001592227949052667,0.04218024677258683,-0.0016033441185022222,0.23260952317199116,0.2848464615826318
us,midpoint,strong,151,681,0.0001363976042193793,0.0002073333585606563,0.04218024677258683,-0.0016033441185022222,0.16921194108441406,0.3708832118340413
us,midpoint,strong,152,721,-0.00042554935115636516,-0.0002910220228148513,0.04218024677258683,-0.0016033441185022222,-0.5265992950647824,-0.5203322349641422
us,midpoint,strong,153,632,8.731019770349957e-05,-0.00029924724106045316,0.04218024677258683,-0.0016033441185022222,0.10843117044328769,-0.5350415003352393
us,midpoint,strong,154,961,4.109640367416095e-05,-0.00040365569331430044,0.04218024677258683,-0.0016033441185022222,0.05120855033104351,-0.7217565011206054
us,midpoint,strong,155,633,0.0006666060143245209,-0.00013389423200958978,0.04218024677258683,-0.0016033441185022222,0.8257240294990188,-0.23933855149991692
us,midpoint,strong,156,744,-8.277169784894761e-05,0.00019072247292282627,0.04218024677258683,-0.0016033441185022222,-0.10216681012912378,0.3411777477843262
us,midpoint,strong,157,576,-0.0006933236976951127,-0.0011189471176596302,0.04218024677258683,-0.0016033441185022222,-0.8581615489248225,-2.000921510996351
us,midpoint,strong,158,571,0.00027290080039322345,0.00032428981424179135,0.04218024677258683,-0.0016033441185022222,0.3382322672191652,0.5800379712711738
us,midpoint,strong,159,666,0.0002071858284390382,-0.00022473807804823318,0.04218024677258683,-0.0016033441185022222,0.25686299307054494,-0.40179578957113793
us,midpoint,strong,160,867,0.00028703797310525997,0.00034912865843931174,0.04218024677258683,-0.0016033441185022222,0.3557371287124345,0.6244576012315127
us,midpoint,strong,161,549,0.0012775091245012804,0.0006197903616404629,0.04218024677258683,-0.0016033441185022222,1.5821535184269475,1.1084854652104013
us,midpoint,strong,162,609,0.0008992415283991598,-0.0010119000119464896,0.04218024677258683,-0.0016033441185022222,1.1137768484919504,-1.8094877717172237
us,midpoint,strong,163,758,-0.0007733311729544654,7.298175023552752e-05,0.04218024677258683,-0.0016033441185022222,-0.9572280172610782,0.13062047340217975
us,midpoint,strong,164,786,0.0003933554495676034,-0.00031932474723201515,0.04218024677258683,-0.0016033441185022222,0.4873810392521078,-0.5709463672274047
us,midpoint,strong,166,694,0.00022974575527247992,0.0003712977675672071,0.04218024677258683,-0.0016033441185022222,0.28479703635923304,0.6641029090477995
us,midpoint,strong,167,632,-0.0009735466887788313,0.0005932601134204629,0.04218024677258683,-0.0016033441185022222,-1.2051379031129383,1.06104107531379
us,midpoint,strong,168,769,0.000733933752748335,-0.00035009954544908605,0.04218024677258683,-0.0016033441185022222,0.9090902555309394,-0.6259813414007541
us,midpoint,strong,169,585,6.431340092615673e-05,-3.961383195235247e-05,0.04218024677258683,-0.0016033441185022222,0.07995618816953293,-0.07073567892852478
us,midpoint,strong,170,633,-0.0009032291411320351,-0.0007741298195789941,0.04218024677258683,-0.0016033441185022222,-1.1180696499921754,-1.3842802267696577
us,midpoint,strong,171,856,0.0001681803176936253,-0.0005142986871567029,0.04218024677258683,-0.0016033441185022222,0.20856577855810202,-0.9196208141740362
us,midpoint,strong,172,786,0.0006857110892924748,0.000493674083123706,0.04218024677258683,-0.0016033441185022222,0.8493802228514437,0.8829500747895935
us,midpoint,strong,173,700,8.749075986025368e-05,4.278963057009408e-05,0.04218024677258683,-0.0016033441185022222,0.1086547452421027,0.07662751090392046
us,midpoint,strong,174,556,0.00022368840550913982,-0.0002510000871009618,0.04218024677258683,-0.0016033441185022222,0.27729673408639743,-0.4487604838564593
us,midpoint,strong,175,825,-0.00031355624333335996,8.989724876099859e-05,0.04218024677258683,-0.0016033441185022222,-0.3879277317632064,0.16087068066307522
us,midpoint,strong,176,576,0.0012587385303956602,-0.000588839339155232,0.04218024677258683,-0.0016033441185022222,1.5589114843471412,-1.0529228371042172
us,midpoint,strong,177,601,0.0030088071148905507,0.0008561286963883841,0.04218024677258683,-0.0016033441185022222,3.725872927013986,1.531132400448771
us,midpoint,strong,178,826,-0.00032801883356400885,0.0005952697163813731,0.04218024677258683,-0.0016033441185022222,-0.4058355301595485,1.0646348745735696
us,midpoint,strong,179,825,-0.0004405208526993068,9.846460898818945e-05,0.04218024677258683,-0.0016033441185022222,-0.5451372351602819,0.17619180301492496
us,midpoint,strong,180,816,4.792353894999407e-05,0.00041112405688176353,0.04218024677258683,-0.0016033441185022222,0.05966201269113208,0.7353247831405801
us,midpoint,strong,181,616,0.00022179167485202045,-0.0009829813617660984,0.04218024677258683,-0.0016033441185022222,0.2749481734428224,-1.7577721713555248
us,midpoint,strong,182,529,0.002057023576985846,-0.0014267243331836427,0.04218024677258683,-0.0016033441185022222,2.5473601266143318,-2.5513235311179185
us,midpoint,strong,184,826,0.000336282867838468,-7.23018625878502e-05,0.04218024677258683,-0.0016033441185022222,0.4167129036509058,-0.1291921116600437
us,midpoint,strong,185,694,-0.00014257421765750955,-0.00013994105751655075,0.04218024677258683,-0.0016033441185022222,-0.1762151964310106,-0.2501521686440173
us,midpoint,strong,186,632,0.0003303005489822333,-0.0009396679771205101,0.04218024677258683,-0.0016033441185022222,0.4093055057843011,-1.6803142790724805
us,midpoint,strong,187,786,-0.0007595047972473942,1.4535693697545135e-05,0.04218024677258683,-0.0016033441185022222,-0.9401079893293179,0.026100626044813967
us,midpoint,strong,188,848,-0.00031304742132006597,0.0001623989139015586,0.04218024677258683,-0.0016033441185022222,-0.3872977006354226,0.2905263567260368
us,midpoint,strong,190,732,0.00047605262137741244,-0.00013962158250828307,0.04218024677258683,-0.0016033441185022222,0.5897779306180387,-0.2495808473081299
us,midpoint,strong,191,696,-0.000626860601521402,0.0005530528120731425,0.04218024677258683,-0.0016033441185022222,-0.7758659360301671,0.9891378324193361
us,midpoint,strong,192,769,-0.0002888575716979702,0.0007733806576707772,0.04218024677258683,-0.0016033441185022222,-0.3573454622492226,1.3831530004996049
us,midpoint,strong,193,918,0.0005477173714126607,-0.0001955940093162638,0.04218024677258683,-0.0016033441185022222,0.6785143101523082,-0.34967707026526956
us,midpoint,strong,194,582,-0.0014256434133182241,-0.000690467106909218,0.04218024677258683,-0.0016033441185022222,-1.7649309187195776,-1.2346651034282665
us,midpoint,strong,195,686,0.0005678577723654127,-0.00012506492960866374,0.04218024677258683,-0.0016033441185022222,0.7034524598289168,-0.22354899453268015
us,midpoint,strong,196,541,-0.00010392269756403366,-3.373916903201264e-05,0.04218024677258683,-0.0016033441185022222,-0.12835629850833347,-0.06022994238989514
us,midpoint,strong,197,762,0.0006480851677351102,-1.4548690295784154e-05,0.04218024677258683,-0.0016033441185022222,0.802791236578572,-0.02591135826229238
us,midpoint,strong,198,758,0.0005366397951123564,-0.0007150778206017754,0.04218024677258683,-0.0016033441185022222,0.6647978873025787,-1.2786767646227264
us,midpoint,strong,199,601,0.000744578464146918,-0.0006847424240665107,0.04218024677258683,-0.0016033441185022222,0.9222706984995235,-1.224427578224145
us,midpoint,strong,200,649,-0.0008687236970878476,0.0008206753214956661,0.04218024677258683,-0.0016033441185022222,-1.075344486265273,1.4677306664124945
us,midpoint,strong,201,856,0.0005747518878862837,0.000316157356555927,0.04218024677258683,-0.0016033441185022222,0.7119888581434608,0.5654945908223254
us,midpoint,strong,202,796,-0.000783183460612645,0.000212704693242229,0.04218024677258683,-0.0016033441185022222,-0.9694272691455407,0.3804888398999564
us,midpoint,strong,203,786,-9.150643339787823e-05,-0.00027964949018620335,0.04218024677258683,-0.0016033441185022222,-0.11298229205601469,-0.4999945861162602
us,midpoint,strong,204,649,0.0005299397083234486,0.0009472490622145769,0.04218024677258683,-0.0016033441185022222,0.6565017383043524,1.6940841424728321
us,midpoint,strong,205,758,-0.0012009383956799943,-0.00023210305439660636,0.04218024677258683,-0.0016033441185022222,-1.486697760596603,-0.4149666731058091
us,midpoint,strong,206,664,0.0011893684312366398,0.00019173697264229404,0.04218024677258683,-0.0016033441185022222,1.4730163763020132,0.34299199090189136
us,midpoint,strong,207,666,-0.00035455441080622235,-0.0005301171544799077,0.04218024677258683,-0.0016033441185022222,-0.438692284033215,-0.9479091861871999
us,midpoint,strong,208,825,-0.00018863709418599078,-1.1075980864372293e-05,0.04218024677258683,-0.0016033441185022222,-0.23325094820661987,-0.019701066564480903
us,midpoint,strong,209,816,-4.8203093479221026e-05,0.00030771363145066784,0.04218024677258683,-0.0016033441185022222,-0.059363440329978145,0.550394566776123
us,midpoint,strong,210,1082,0.00016698876685782016,-3.842447868424633e-05,0.04218024677258683,-0.0016033441185022222,0.207090382255898,-0.06860874292291674
us,midpoint,strong,211,601,-0.0005455761506858101,0.00014097014041236102,0.04218024677258683,-0.0016033441185022222,-0.675218297183536,0.2522050008157204
us,midpoint,strong,212,632,-0.0004286930340921258,-7.25804308664669e-05,0.04218024677258683,-0.0016033441185022222,-0.5304918509166602,-0.12969027895625299
us,midpoint,strong,213,758,-0.00016141612805441186,-0.0006722649223572568,0.04218024677258683,-0.0016033441185022222,-0.19954553542344228,-1.2021138987168722
us,midpoint,strong,214,769,-0.00023195779908921632,-0.00010182779867424726,0.04218024677258683,-0.0016033441185022222,-0.28689130151970593,-0.18199372935050376
us,midpoint,strong,215,531,-0.002380888994863807,0.001284076597111039,0.04218024677258683,-0.0016033441185022222,-2.947730474020771,2.296437228694436
us,midpoint,strong,216,732,-1.9518918219441073e-05,-5.397266380363121e-05,0.04218024677258683,-0.0016033441185022222,-0.023846259830117077,-0.0964137657358087
us,midpoint,strong,217,913,-0.0005700644559347989,0.0001527446226665557,0.04218024677258683,-0.0016033441185022222,-0.7055400878498891,0.2732614614363042
us,midpoint,strong,218,961,0.0006247152085140442,4.4822691206270956e-05,0.04218024677258683,-0.0016033441185022222,0.7738541989119238,0.08026325983119637
us,midpoint,strong,219,758,0.0005396651079568465,0.0007933112572984606,0.04218024677258683,-0.0016033441185022222,0.6685438755136105,1.418795152497875
us,midpoint,strong,220,582,-0.0007849490228491324,-0.0007517203596720014,0.04218024677258683,-0.0016033441185022222,-0.9716134150629024,-1.3442050965114212
us,midpoint,strong,221,739,0.0005348234408886626,0.0008992212572080281,0.04218024677258683,-0.0016033441185022222,0.6625488499769328,1.608195390595594
us,midpoint,strong,222,996,0.0013149371619632852,6.17528868911432e-05,0.04218024677258683,-0.0016033441185022222,1.6284974816141178,0.11053975021448179
us,midpoint,strong,223,681,-0.000535031372965504,-0.00022129047073187846,0.04218024677258683,-0.0016033441185022222,-0.6621615936098354,-0.39563038831400854
us,midpoint,strong,224,742,-0.0003927754799357974,0.0001386261660758024,0.04218024677258683,-0.0016033441185022222,-0.48601819104913796,0.2480132408514279
us,midpoint,strong,225,882,-0.0002674043892771788,8.617717691064542e-05,0.04218024677258683,-0.0016033441185022222,-0.3307818066643926,0.15421802751607183
us,midpoint,strong,226,747,0.0003177814597849285,-6.195617741887966e-05,0.04218024677258683,-0.0016033441185022222,0.39380417982015525,-0.11069078755504719
us,midpoint,strong,227,673,-0.0007715936353235656,0.0008689266550917848,0.04218024677258683,-0.0016033441185022222,-0.9550765718350527,1.554019157390123
us,midpoint,strong,228,721,0.00015656931422367015,-0.00011686223175438643,0.04218024677258683,-0.0016033441185022222,0.19418885810310987,-0.20888000267194629
us,midpoint,strong,229,708,-0.0001145686448272426,0.0004800112125349814,0.04218024677258683,-0.0016033441185022222,-0.14153827174322628,0.8585165846110234
us,midpoint,strong,230,769,0.0003515739097271764,0.00016310603275863033,0.04218024677258683,-0.0016033441185022222,0.4356465034449951,0.29179090662696333
us,midpoint,strong,231,786,9.372087652016053e-05,0.0006060212363387734,0.04218024677258683,-0.0016033441185022222,0.11636897010445633,1.083861958338868
us,midpoint,strong,232,636,0.0029342295950304936,-0.00033526951041572945,0.04218024677258683,-0.0016033441185022222,3.6335299117411832,-0.5994605957798157
us,midpoint,strong,233,616,0.0003734582901921066,-1.634149208794614e-05,0.04218024677258683,-0.0016033441185022222,0.46274407498265147,-0.029117449156329134
us,midpoint,strong,234,625,-0.00021464346638196824,0.001264356998340691,0.04218024677258683,-0.0016033441185022222,-0.2654524323722199,2.261172412289144
us,midpoint,strong,235,664,0.0014908136619700904,-0.00010098237628793148,0.04218024677258683,-0.0016033441185022222,1.84627042923602,-0.18048184943927656
us,midpoint,strong,236,696,-4.542229475949788e-05,-0.00021377107718573,0.04218024677258683,-0.0016033441185022222,-0.05592021321371254,-0.38218335848484203
us,midpoint,strong,237,664,0.0006011258973850284,0.0007024734177467006,0.04218024677258683,-0.0016033441185022222,0.7446455563886921,1.25634865590571
us,midpoint,strong,238,796,0.0004362797416530076,-0.0007748762023703657,0.04218024677258683,-0.0016033441185022222,0.5405305482067451,-1.3856149928778487
us,midpoint,strong,239,700,0.00044612900603411415,-0.0002136487639751649,0.04218024677258683,-0.0016033441185022222,0.5527260566237194,-0.3819646241705818
us,midpoint,strong,240,632,0.0007195820226487334,-8.348876160720812e-05,0.04218024677258683,-0.0016033441185022222,0.8913197258288855,-0.1491977894964208
us,midpoint,strong,241,1041,-0.00036459385694948,-0.00010523096489752559,0.04218024677258683,-0.0016033441185022222,-0.4511232783901868,-0.18807965601961335
us,midpoint,strong,242,649,-0.0016094284863147623,0.0007869919944697012,0.04218024677258683,-0.0016033441185022222,-1.9924963812675243,1.4074943321278337
us,midpoint,strong,243,744,0.0007577457925486419,-0.0003668814810151963,0.04218024677258683,-0.0016033441185022222,0.9385746840702964,-0.6559926962744759
us,midpoint,strong,244,559,-0.0002825402022193224,0.00024057547237811344,0.04218024677258683,-0.0016033441185022222,-0.3495231996244345,0.4303305187670394
us,midpoint,strong,245,666,-0.0006774494734139297,0.00039717046462204946,0.04218024677258683,-0.0016033441185022222,-0.8385058438545566,0.7103713915952593
us,midpoint,strong,246,681,-0.00022240049049564864,0.00010402371654730865,0.04218024677258683,-0.0016033441185022222,-0.27505729718329464,0.18613322777374883
us,midpoint,strong,247,1000,0.0006240234490345956,0.00030235877226123,0.04218024677258683,-0.0016033441185022222,0.7729976518412287,0.5408184020482854
us,midpoint,strong,248,553,-0.0014351059381124687,0.0008322077740669988,0.04218024677258683,-0.0016033441185022222,-1.7766475603192697,1.488354302185567
us,midpoint,strong,249,497,0.00022285759491298684,4.4466560129974254e-05,0.04218024677258683,-0.0016033441185022222,0.27626801181575444,0.07962638596940629
us,midpoint,strong,250,882,-0.0010651089696190191,0.0007861262209590025,0.04218024677258683,-0.0016033441185022222,-1.3185117068262289,1.405946058034688
us,midpoint,strong,251,744,-0.0010602654544658863,8.037974223167998e-05,0.04218024677258683,-0.0016033441185022222,-1.3125143929627605,0.14385039925160578
us,midpoint,strong,252,848,-0.0002367072052288366,-0.0006207064138404497,0.04218024677258683,-0.0016033441185022222,-0.29277208817647155,-1.1099111435720825
us,midpoint,strong,253,796,-0.0004264737928264678,-0.00018254368550067518,0.04218024677258683,-0.0016033441185022222,-0.5277439527501183,-0.3263390054929597
us,midpoint,strong,254,848,-3.090921674997471e-07,-0.00032339345908608875,0.04218024677258683,-0.0016033441185022222,-6.036209805282327e-05,-0.5782224978531298
us,midpoint,strong,255,830,0.0005941905517710677,-5.910111294277144e-05,0.04218024677258683,-0.0016033441185022222,0.7360581063480648,-0.10558503840934835
us,midpoint,strong,256,732,0.0010599862843335972,-0.00058164463859908,0.04218024677258683,-0.0016033441185022222,1.3128134412900285,-1.0400564599959128
us,midpoint,strong,257,673,-0.0002559104704094803,-0.0008772542158762246,0.04218024677258683,-0.0016033441185022222,-0.31654986213826863,-1.5686989334928796
us,midpoint,strong,258,796,-0.0010487244451484676,-0.000439140112105536,0.04218024677258683,-0.0016033441185022222,-1.2982241403281627,-0.7852137513666425
us,midpoint,strong,259,633,-0.0010034114022313065,-0.000600043816944929,0.04218024677258683,-0.0016033441185022222,-1.2421168438934138,-1.0729599512855148
us,midpoint,strong,260,652,-0.00023451878360480904,-0.000759807695157794,0.04218024677258683,-0.0016033441185022222,-0.29006235135725156,-1.3586677843397015
us,midpoint,strong,261,1176,-0.0005847481247838876,0.0001321522742803883,0.04218024677258683,-0.0016033441185022222,-0.7237216291419105,0.23643589547783456
us,midpoint,strong,262,1129,-0.0001801977885600506,0.00010366376365683648,0.04218024677258683,-0.0016033441185022222,-0.22280127208745681,0.185489519311681
us,midpoint,strong,263,462,1.6059859264817844e-05,-0.00016970734891114765,0.04218024677258683,-0.0016033441185022222,0.020207921628071057,-0.30338361687588017
us,midpoint,strong,264,661,-0.0003965304121172908,-0.00027807997588424806,0.04218024677258683,-0.0016033441185022222,-0.49066760498023454,-0.49718780316146904
us,midpoint,strong,265,808,-0.000637588263593919,4.2238877434412885e-05,0.04218024677258683,-0.0016033441185022222,-0.7891490897802889,0.07564259186775625
us,midpoint,strong,266,758,-0.00026393461283213265,-0.0001370300171739541,0.04218024677258683,-0.0016033441185022222,-0.32648547688754637,-0.2449463171241358
us,midpoint,strong,267,808,0.0006421971741229909,0.00041949320147737054,0.04218024677258683,-0.0016033441185022222,0.7955006336586793,0.7502914338858891
us,midpoint,strong,268,867,-0.0005001083079057833,-0.0002626242610144062,0.04218024677258683,-0.0016033441185022222,-0.6189193252126785,-0.4695481461053078
us,midpoint,strong,269,531,0.00011645986115400159,-0.0008924382020448299,0.04218024677258683,-0.0016033441185022222,0.1445247254751232,-1.5958526545585194
us,midpoint,strong,270,587,-0.00010260028608875121,-0.00025155115691583756,0.04218024677258683,-0.0016033441185022222,-0.12671886857920625,-0.4497459692141692
us,midpoint,strong,271,1176,-0.0008015452941075585,-0.00025474941099896216,0.04218024677258683,-0.0016033441185022222,-0.9921631696426233,-0.455465448822875
us,midpoint,strong,272,639,-0.0007017372946782133,0.00022578401602226547,0.04218024677258683,-0.0016033441185022222,-0.8685793922128211,0.40387876389968297
us,midpoint,strong,273,889,7.73957654089455e-05,-0.0004919731488199793,0.04218024677258683,-0.0016033441185022222,0.09615497012829805,-0.8796957619575719
us,midpoint,strong,274,666,-0.00015785216771423138,-0.0009814254609564364,0.04218024677258683,-0.0016033441185022222,-0.19513258572033457,-1.7549897335870608
us,midpoint,strong,275,666,4.093059997818671e-05,-0.0009539958261676627,0.04218024677258683,-0.0016033441185022222,0.05100324968202264,-1.7059369589259032
us,midpoint,strong,276,700,-0.0002690577579562009,9.36999107168054e-05,0.04218024677258683,-0.0016033441185022222,-0.33282903281866816,0.16767103077590612
us,midpoint,strong,277,589,-0.00019558687780206474,-6.361757504937311e-05,0.04218024677258683,-0.0016033441185022222,-0.2418562756002641,-0.11366188666805944
us,midpoint,strong,278,708,-0.00014978314966290762,-0.0010461232211243848,0.04218024677258683,-0.0016033441185022222,-0.18514140528756998,-1.8706895843156188
us,midpoint,strong,279,571,-0.0008159685342192732,-0.0011917718510843786,0.04218024677258683,-0.0016033441185022222,-1.0100222441253712,-2.1311549342975273
us,midpoint,strong,280,606,-0.0026400511618941414,-0.0007210529409605262,0.04218024677258683,-0.0016033441185022222,-3.2686289967005595,-1.2893621505124087
us,midpoint,strong,281,650,0.00036945763276640536,-0.0001855366238531146,0.04218024677258683,-0.0016033441185022222,0.4577904003303432,-0.33169131629503545
us,midpoint,strong,282,361,0.00024438805290302734,-3.447053508713106e-05,0.04218024677258683,-0.0016033441185022222,0.3029273511814982,-0.061537853872231985
us,midpoint,strong,283,816,-0.00041639597674687084,-0.00020634285360841918,0.04218024677258683,-0.0016033441185022222,-0.5152654481564954,-0.3688993691034138
us,midpoint,strong,284,497,0.0010415238375265576,-0.00016462868770048965,0.04218024677258683,-0.0016033441185022222,1.289952959865131,-0.294301380606051
us,midpoint,strong,285,700,-0.00019298765110178223,0.001012607996558032,0.04218024677258683,-0.0016033441185022222,-0.23863787371009587,1.8109663796273368
us,midpoint,strong,286,681,-0.0006000103252610869,-0.00022210578609992626,0.04218024677258683,-0.0016033441185022222,-0.7426195170631934,-0.3970884274506796
us,midpoint,strong,287,627,4.450261618534068e-05,-0.00010976597680576513,0.04218024677258683,-0.0016033441185022222,0.05542617428169928,-0.19618967713121727
us,midpoint,strong,288,702,0.0001209135802665226,-0.00015687963054547755,0.04218024677258683,-0.0016033441185022222,0.15003938797395722,-0.28044364034124775
us,midpoint,strong,289,918,-0.0003566230155802666,0.00059691246827089,0.04218024677258683,-0.0016033441185022222,-0.44125366181302594,1.0675726292641148
us,midpoint,strong,290,686,-0.0006865956414468799,0.00045552546391511317,0.04218024677258683,-0.0016033441185022222,-0.849830767718198,0.8147284000905455
us,midpoint,strong,291,461,-0.00025778612315258825,0.0011566911008283871,0.04218024677258683,-0.0016033441185022222,-0.31887232378929037,2.0686320795420294
us,midpoint,strong,292,1129,8.609376598452123e-05,-0.00015685154790958397,0.04218024677258683,-0.0016033441185022222,0.10692496625448225,-0.2803934197961699
us,midpoint,strong,293,384,0.00020027547558710418,0.0006212138239871606,0.04218024677258683,-0.0016033441185022222,0.24830648944661077,1.1110310615433057
us,midpoint,strong,294,648,-0.0011100551657939675,0.0006231273965145651,0.04218024677258683,-0.0016033441185022222,-1.3741647680654054,1.1144531283228083
us,midpoint,strong,295,1129,0.00031606344163099404,-0.0009955390983751923,0.04218024677258683,-0.0016033441185022222,0.3916769037063153,-1.7802293359836212
us,midpoint,strong,296,777,-0.00016564564724484698,-0.00018223851066526608,0.04218024677258683,-0.0016033441185022222,-0.20478259018112066,-0.32579325734323566
us,midpoint,strong,297,462,-0.0009922263141532092,-0.0006213478974947697,0.04218024677258683,-0.0016033441185022222,-1.228267298331138,-1.1110583171814465
us,midpoint,strong,298,604,0.00048047007609684084,6.0541180832450687e-05,0.04218024677258683,-0.0016033441185022222,0.5952476899957782,0.10837284042110279
us,midpoint,strong,299,636,-0.0007035913513903994,-0.0010830804876626697,0.04218024677258683,-0.0016033441185022222,-0.8708751133310791,-1.9367807474519498
us,midpoint,strong,300,648,-0.00017183980788437053,0.00014284196062284526,0.04218024677258683,-0.0016033441185022222,-0.21245229375414157,0.2555524013807714
us,midpoint,strong,301,721,-0.0005295784364488312,0.00016510507328165247,0.04218024677258683,-0.0016033441185022222,-0.65540968497858,0.29536581694091546
us,midpoint,strong,302,816,0.0007598119398827957,0.000265798597113354,0.04218024677258683,-0.0016033441185022222,0.9411330190107938,0.47543736263921543
us,midpoint,strong,303,582,-4.361721657536455e-05,0.0003361391572573476,0.04218024677258683,-0.0016033441185022222,-0.053685138051132564,0.6012283063704487
us,midpoint,strong,304,956,-0.00037983002084200634,0.00033376798208971186,0.04218024677258683,-0.0016033441185022222,-0.4699889274177571,0.5969879028041652
us,midpoint,strong,305,486,-6.447753858517674e-05,0.0015689959254381136,0.04218024677258683,-0.0016033441185022222,-0.07951470489060837,2.8059621901699128
us,midpoint,strong,306,777,-0.0002937733298891132,-0.0003263237318638446,0.04218024677258683,-0.0016033441185022222,-0.3634322285371593,-0.5834627429883589
us,midpoint,strong,307,652,0.0015490415666681717,0.00011193461633263679,0.04218024677258683,-0.0016033441185022222,1.9183691032456671,0.2002803933311816
us,midpoint,strong,308,664,0.00010035968277459506,0.0001833532422908313,0.04218024677258683,-0.0016033441185022222,0.12458924061622444,0.3279992562586099
us,midpoint,strong,309,609,-0.0007815565645578129,-0.000479044143793225,0.04218024677258683,-0.0016033441185022222,-0.9674128217957155,-0.8565746531621347
us,midpoint,strong,310,961,6.75688680365355e-05,0.0009139809332379923,0.04218024677258683,-0.0016033441185022222,0.08398715688045172,1.634590312290499
us,midpoint,strong,311,632,-0.001173173328938286,-0.00024084740595772206,0.04218024677258683,-0.0016033441185022222,-1.452318634192412,-0.4306043113750908
us,midpoint,strong,312,673,-0.00018337500366608778,-8.787091782901102e-05,0.04218024677258683,-0.0016033441185022222,-0.22673534798073294,-0.15703445678468023
us,midpoint,strong,313,1000,0.0006349489607715905,1.1212668223869494e-05,0.04218024677258683,-0.0016033441185022222,0.7865257860442122,0.020158016126427057
us,midpoint,strong,314,625,-7.691965620117841e-05,-0.0004854680544520691,0.04218024677258683,-0.0016033441185022222,-0.09492072347632183,-0.8680626166154671
us,midpoint,strong,315,666,0.0003370285353797228,-0.00014740889377532016,0.04218024677258683,-0.0016033441185022222,0.41763620050067685,-0.2635069979018156
us,midpoint,strong,316,553,-0.0001285232377194953,0.0002368869427162143,0.04218024677258683,-0.0016033441185022222,-0.15881706013674063,0.4237342729282073
us,midpoint,strong,317,540,0.001538127361185887,-1.3907296908831574e-05,0.04218024677258683,-0.0016033441185022222,1.904854968618606,-0.024764346079242164
us,midpoint,strong,318,732,-0.0008809072144354349,0.0002751361503522914,0.04218024677258683,-0.0016033441185022222,-1.0904303020796882,0.4921358312277808
us,midpoint,strong,319,913,0.0002030518145022392,-7.341621076446966e-05,0.04218024677258683,-0.0016033441185022222,0.2517441943652494,-0.13118491507951022
us,midpoint,strong,320,796,-0.0003484132097673759,-0.00021540104760615322,0.04218024677258683,-0.0016033441185022222,-0.43108815584032656,-0.38509825590703073
us,midpoint,strong,321,681,0.0004973179148590884,-6.500358443109976e-05,0.04218024677258683,-0.0016033441185022222,0.6161089392711004,-0.11614050537383651
us,midpoint,strong,322,604,-0.00021935134782864046,0.001483409001859111,0.04218024677258683,-0.0016033441185022222,-0.2712818025248929,2.652905975291661
us,midpoint,strong,323,1082,-0.00047801451544539353,-0.0003085320145775328,0.04218024677258683,-0.0016033441185022222,-0.5915624565687183,-0.5516455822568692
us,midpoint,strong,324,786,-0.00018838538704558233,-9.285891025262861e-05,0.04218024677258683,-0.0016033441185022222,-0.2329392806108802,-0.16595454887673441
us,midpoint,strong,325,1035,-0.0002099453489837269,0.00015797618553145174,0.04218024677258683,-0.0016033441185022222,-0.25963515221228284,0.28261713373429825
us,midpoint,strong,326,825,8.827352260935839e-05,-0.0005285893132494191,0.04218024677258683,-0.0016033441185022222,0.10962397394039133,-0.9451769277311793
us,midpoint,strong,327,1128,-0.0012107811269649119,-0.0009236551962223625,0.04218024677258683,-0.0016033441185022222,-1.4988851796348706,-1.6516784135517046
us,midpoint,strong,328,758,0.0004734021213963907,3.597236585713972e-05,0.04218024677258683,-0.0016033441185022222,0.5864960413746403,0.06443610725071271
us,midpoint,strong,329,816,0.00039288313485379145,-0.0005132769702088087,0.04218024677258683,-0.0016033441185022222,0.4867962120157912,-0.9177936643924776
us,midpoint,strong,330,711,-2.953902867951913e-05,0.000531460651293287,0.04218024677258683,-0.0016033441185022222,-0.0362533124511541,0.9505242888800971
us,midpoint,strong,331,632,0.0003102977844166577,5.287054822893686e-05,0.04218024677258683,-0.0016033441185022222,0.3845377795680994,0.09465534780750488
us,midpoint,strong,332,856,-0.0003249640572189835,-0.0001582481076385161,0.04218024677258683,-0.0016033441185022222,-0.40205305979565065,-0.2828909058258487
us,midpoint,strong,333,889,0.0002225782678684715,-0.00028822557175640006,0.04218024677258683,-0.0016033441185022222,0.27592214483618493,-0.5153313049598789
us,midpoint,strong,334,606,-0.0006667894404729299,-0.0002426550941513597,0.04218024677258683,-0.0016033441185022222,-0.8253064295199624,-0.4338370238155945
us,midpoint,strong,335,666,0.0003431918096766656,0.000378309308533595,0.04218024677258683,-0.0016033441185022222,0.4252676601362484,0.6766417394660763
us,midpoint,strong,336,744,4.20131643794619e-05,-9.712790472636286e-05,0.04218024677258683,-0.0016033441185022222,0.052343697329361054,-0.17358884753081336
us,midpoint,strong,337,542,-0.00044442131007416813,0.00034218165259637537,0.04218024677258683,-0.0016033441185022222,-0.5499668405911624,0.6120341798185973
us,midpoint,strong,338,648,-0.0006593989962074553,7.450989277128675e-05,0.04218024677258683,-0.0016033441185022222,-0.8161554694322559,0.13335327068635672
us,midpoint,strong,339,769,0.00013947519630446575,-0.0005132486416646734,0.04218024677258683,-0.0016033441185022222,0.17302266224341586,-0.9177430040864747
us,midpoint,strong,340,1035,-0.0011203191811531704,0.00018261056087887236,0.04218024677258683,-0.0016033441185022222,-1.386873827428786,0.32667110937563487
us,midpoint,strong,341,1082,4.1225802506934806e-05,0.0005494787672507609,0.04218024677258683,-0.0016033441185022222,0.0513687739267536,0.9827463213164279
us,midpoint,strong,342,744,0.00051706508741272,0.0006161476471920047,0.04218024677258683,-0.0016033441185022222,0.6405601875847539,1.1019711513170098
us,midpoint,strong,343,825,0.0008957807201988993,-0.0004522980937697622,0.04218024677258683,-0.0016033441185022222,1.1094916233317067,-0.8087443420777916
us,midpoint,strong,344,1000,-0.00020899399106946714,0.0004662466311823193,0.04218024677258683,-0.0016033441185022222,-0.25845716642553046,0.8339012037429689
us,midpoint,strong,345,825,0.0013854599567724862,-9.912103440388705e-05,0.04218024677258683,-0.0016033441185022222,1.7158198748817803,-0.1771531874024501
us,midpoint,strong,346,876,0.00046902913428523846,0.00012299202258840266,0.04218024677258683,-0.0016033441185022222,0.5810813424633511,0.22005449756471468
us,midpoint,strong,347,696,-0.00031914929242873175,-0.0002527055333996315,0.04218024677258683,-0.0016033441185022222,-0.3948531299127374,-0.45181035577890977
us,midpoint,strong,348,664,-0.0017258879859436901,0.00043357964275121566,0.04218024677258683,-0.0016033441185022222,-2.1366982985889518,0.7754824010607914
us,midpoint,strong,349,882,0.0007261547532536536,0.0001432578417130399,0.04218024677258683,-0.0016033441185022222,0.8994581804700841,0.2562961269739209
us,midpoint,strong,350,758,5.1680431330462795e-05,-2.1774331238105966e-06,0.04218024677258683,-0.0016033441185022222,0.06431385377030571,-0.003787677250673011
us,midpoint,strong,351,561,-0.0016596619132698762,-1.625291174367602e-05,0.04218024677258683,-0.0016033441185022222,-2.054696171783832,-0.028959039768076237
us,midpoint,strong,352,531,0.0017854048613561227,-0.0006924822822767146,0.04218024677258683,-0.0016033441185022222,2.211037716686506,-1.2382688678956295
us,midpoint,strong,353,429,-0.000553740655199704,0.0018773195318752386,0.04218024677258683,-0.0016033441185022222,-0.6853277104013008,3.357341328307969
us,midpoint,strong,354,721,0.00011598155411794708,-7.644666046747431e-05,0.04218024677258683,-0.0016033441185022222,0.14393247845459545,-0.1366043079204349
us,midpoint,strong,355,664,-1.0594648962386488e-05,-0.000323000737274543,0.04218024677258683,-0.0016033441185022222,-0.012796094393545964,-0.577520188300902
us,midpoint,strong,356,816,-0.001142653730545444,-0.00010285982401019782,0.04218024677258683,-0.0016033441185022222,-1.414528804954346,-0.18383931375725301
us,midpoint,strong,357,744,0.0014310579035154494,0.0005437854407152971,0.04218024677258683,-0.0016033441185022222,1.772279943551201,0.9725648710066778
us,midpoint,strong,358,582,0.0006959009099094318,0.001672178128232881,0.04218024677258683,-0.0016033441185022222,0.8619974131605941,2.9904842730087653
us,midpoint,strong,359,1176,-0.0036269064586958097,-0.002120114550879973,0.04218024677258683,-0.0016033441185022222,-4.49056818046002,-3.7913223266844414
us,midpoint,strong,360,588,-0.001691871389393071,-0.00025737895569122034,0.04218024677258683,-0.0016033441185022222,-2.094578433236806,-0.4601678979894083
us,midpoint,strong,361,675,0.00046109644717901715,-0.00013363183691697728,0.04218024677258683,-0.0016033441185022222,0.5712589690728342,-0.2388693069237776
us,midpoint,strong,362,808,6.284622082355917e-05,0.00019093379201981031,0.04218024677258683,-0.0016033441185022222,0.07813950353217369,0.34155565248943004
us,midpoint,strong,363,661,-0.0002630349551062672,-0.0006355097419233297,0.04218024677258683,-0.0016033441185022222,-0.32537150705755225,-1.1363841288041678
us,midpoint,strong,364,664,0.0010674303559301476,0.0002600233836617071,0.04218024677258683,-0.0016033441185022222,1.3220308035517665,0.46510947288620763
us,midpoint,strong,365,616,0.0009999563901084904,-0.0005593723358745725,0.04218024677258683,-0.0016033441185022222,1.2384835165398393,-1.0002266097210748
us,midpoint,strong,366,511,-0.0026537892778921504,-0.0008475017444059945,0.04218024677258683,-0.0016033441185022222,-3.285639740123031,-1.5154921996125208
us,midpoint,strong,367,649,0.002244584635046905,0.0005706030446692562,0.04218024677258683,-0.0016033441185022222,2.779601071092184,1.0205231429208235
us,midpoint,strong,368,666,3.675096638267039e-05,0.00047410072537834645,0.04218024677258683,-0.0016033441185022222,0.04582796402396202,0.8479467831220608
us,midpoint,strong,369,882,0.00026016255913323405,0.0003182925965772279,0.04218024677258683,-0.0016033441185022222,0.32245958384987206,0.5693130684804832
us,midpoint,strong,370,816,0.0008031424088144057,0.0005992969877837383,0.04218024677258683,-0.0016033441185022222,0.9947854622917941,1.0718368966974805
us,midpoint,strong,371,636,-0.00033915269292681544,-0.00035871698013153716,0.04218024677258683,-0.0016033441185022222,-0.41962164355020776,-0.6413920125558992
us,midpoint,strong,372,540,2.358111371529581e-05,0.00013146862270016837,0.04218024677258683,-0.0016033441185022222,0.02952085286920651,0.23521331241504448
us,midpoint,strong,373,616,2.7326369423992525e-05,-0.0002738789495663177,0.04218024677258683,-0.0016033441185022222,0.03415828524504456,-0.48967505284940976
us,midpoint,strong,374,632,0.0007635402318516837,-0.00015840638986571657,0.04218024677258683,-0.0016033441185022222,0.9457494466269244,-0.28317396400301803
us,midpoint,strong,375,996,-0.00045679043931620006,0.0004512827772551575,0.04218024677258683,-0.0016033441185022222,-0.5652824838661271,0.8071411480439422
us,midpoint,strong,376,604,0.0010852228760436233,0.0019152071982346862,0.04218024677258683,-0.0016033441185022222,1.3440617715923155,3.4250963376137338
us,midpoint,strong,377,604,0.0007797246329659183,0.0005391278204756966,0.04218024677258683,-0.0016033441185022222,0.9657892173524374,0.9642355878124343
us,midpoint,strong,378,867,8.685265973459866e-06,0.0005450575322446737,0.04218024677258683,-0.0016033441185022222,0.011076588456728721,0.9748397689270983
us,midpoint,strong,379,594,-2.3475030307189282e-05,-0.00037113636742540433,0.04218024677258683,-0.0016033441185022222,-0.028744777769911356,-0.6636017652940231
us,midpoint,strong,380,578,-0.002131746938112203,0.0011777911038284808,0.04218024677258683,-0.0016033441185022222,-2.639239003737472,2.106365490886498
us,midpoint,strong,381,996,0.00019719070239267167,4.489003232710899e-05,0.04218024677258683,-0.0016033441185022222,0.24448687652919085,0.08038368683838532
us,midpoint,strong,382,606,-0.00024141503235269174,-0.0003724963793953111,0.04218024677258683,-0.0016033441185022222,-0.2986013910658093,-0.6660338924882072
us,midpoint,strong,383,549,0.0007444315694921169,0.0004789534618709157,0.04218024677258683,-0.0016033441185022222,0.9220888113118395,0.8566249952635291
us,midpoint,strong,384,652,-0.0006223116312451399,9.308418772634771e-05,0.04218024677258683,-0.0016033441185022222,-0.7702333320969088,0.16656992529866602
us,midpoint,strong,385,649,0.00014920798104698513,-0.0003137669465799913,0.04218024677258683,-0.0016033441185022222,0.18507394380670547,-0.5610072796276332
us,midpoint,strong,386,616,-0.0008044977454292196,-9.888387170795335e-05,0.04218024677258683,-0.0016033441185022222,-0.995818939611911,-0.17672906625132087
us,midpoint,strong,387,848,-0.00036307758079952984,8.444722658716708e-05,0.04218024677258683,-0.0016033441185022222,-0.44924580228297145,0.15112433472555353
us,midpoint,strong,388,1000,0.0001475322647391461,-0.00027461572831305003,0.04218024677258683,-0.0016033441185022222,0.18299904647976256,-0.4909926439189556
us,midpoint,strong,389,781,0.0005444956335859813,0.0001389003574566207,0.04218024677258683,-0.0016033441185022222,0.674525105551615,0.24850358088405625
us,midpoint,strong,390,889,-7.254774832424205e-05,0.00031796762013741337,0.04218024677258683,-0.0016033441185022222,-0.08950736088919391,0.568731908862604
us,midpoint,strong,391,649,-5.7558664590263986e-05,-0.0005795316299897059,0.04218024677258683,-0.0016033441185022222,-0.07094765025830459,-1.0362777390624816
us,midpoint,strong,392,996,0.0012657477449702775,0.000651964106962938,0.04218024677258683,-0.0016033441185022222,1.567590400054298,1.1660221947900005
us,midpoint,strong,393,796,-0.00043469615387085186,-0.0006234344075597518,0.04218024677258683,-0.0016033441185022222,-0.5379250048007205,-1.1147896504213515
us,midpoint,strong,394,648,-0.00011333209997978211,-9.007089574516189e-05,0.04218024677258683,-0.0016033441185022222,-0.1400071631739306,-0.16096870606694333
us,midpoint,strong,395,588,-0.0007670409096483741,0.0003873488719855643,0.04218024677258683,-0.0016033441185022222,-0.9494393179099291,0.6928073090210222
us,midpoint,strong,396,649,-0.000581553633105969,-8.184914897104312e-06,0.04218024677258683,-0.0016033441185022222,-0.7197661611355137,-0.014530935481256314
us,midpoint,strong,397,808,-0.00017110956733638188,-0.0004447448831228244,0.04218024677258683,-0.0016033441185022222,-0.21154809884122047,-0.7952368366849697
us,midpoint,strong,398,856,0.00027923121316517086,0.0004892296962375339,0.04218024677258683,-0.0016033441185022222,0.3460706802473809,0.875002119590291
us,midpoint,strong,399,744,-0.00013536316100143386,-0.00021362941061472897,0.04218024677258683,-0.0016033441185022222,-0.1672863567997843,-0.3819300143029802
us,midpoint,strong,400,889,0.00012927337947452044,-0.00048761412819150226,0.04218024677258683,-0.0016033441185022222,0.1603906180415472,-0.8719004683534612
us,midpoint,strong,401,700,-0.0005186523969451309,0.00029662761321705726,0.04218024677258683,-0.0016033441185022222,-0.6418808972868639,0.5305692953683773
us,midpoint,strong,402,664,0.0025324299173596562,8.870188385093998e-05,0.04218024677258683,-0.0016033441185022222,3.1360154617918,0.15873299395953377
us,midpoint,strong,403,711,-7.864491864861822e-05,0.0005229969427422616,0.04218024677258683,-0.0016033441185022222,-0.09705696958416346,0.9353885281764557
us,midpoint,strong,404,882,0.00022860667481112984,0.00011560730742280942,0.04218024677258683,-0.0016033441185022222,0.2833866096698395,0.20684831484503322
us,midpoint,strong,405,732,0.00010008189720185634,-0.0003735605439397808,0.04218024677258683,-0.0016033441185022222,0.12424528231036887,-0.6679369518619189
us,midpoint,strong,406,889,-0.0001727049487653537,-0.00014864172201535042,0.04218024677258683,-0.0016033441185022222,-0.21352352430371827,-0.2657116807683504
us,midpoint,strong,407,1041,0.0014963625838154276,0.0002087457655953434,0.04218024677258683,-0.0016033441185022222,1.8531411883558335,0.37340903780787804
us,midpoint,strong,408,758,2.3905137211607808e-06,2.1972406659055482e-05,0.04218024677258683,-0.0016033441185022222,0.0032823308243575024,0.03939979710304389
us,midpoint,strong,409,561,0.0004414252148635736,-0.00032999351235458996,0.04218024677258683,-0.0016033441185022222,0.5469017511129386,-0.5900254594391853
us,midpoint,strong,410,681,9.563123509376964e-05,0.0007392616342765587,0.04218024677258683,-0.0016033441185022222,0.11873440504075271,1.3221375047008663
us,midpoint,strong,411,808,0.0004680223374554579,-0.00016539380886720174,0.04218024677258683,-0.0016033441185022222,0.579834711371254,-0.29566965679595386
us,midpoint,strong,412,556,0.0009683183125535344,-0.0014547752277851084,0.04218024677258683,-0.0016033441185022222,1.1993087694532953,-2.601487312827937
us,midpoint,strong,413,664,0.0001242566660549574,0.0004203502095796272,0.04218024677258683,-0.0016033441185022222,0.15417884745985874,0.7518240326844698
us,midpoint,strong,414,606,-0.00016095559244717894,0.0002184981241129271,0.04218024677258683,-0.0016033441185022222,-0.1989752932553978,0.3908493081017298
us,midpoint,youthful,0,526,0.0001756372154687949,-9.357272920492571e-05,-0.025412237264920732,-0.03331811727539282,0.24404925867114724,-0.19220006331120282
us,midpoint,youthful,1,578,0.0006105245773573263,0.000896405463947654,-0.025412237264920732,-0.03331811727539282,0.8476546896533874,1.8402358123663423
us,midpoint,youthful,2,632,0.00012862463355640952,0.0008031807187872594,-0.025412237264920732,-0.03331811727539282,0.17879776540267478,1.6488444081158042
us,midpoint,youthful,5,568,-0.0004389319113006149,3.2466481787986334e-05,-0.025412237264920732,-0.03331811727539282,-0.6089469310114375,0.0665597921441229
us,midpoint,youthful,6,711,0.00047187747222635773,-0.0003749107792644854,-0.025412237264920732,-0.03331811727539282,0.6552183188110706,-0.7697901052830524
us,midpoint,youthful,7,661,0.0001598038543133215,0.0007662035115661089,-0.025412237264920732,-0.03331811727539282,0.22207321700683091,1.5729298040786162
us,midpoint,youthful,8,903,-1.976905372565868e-06,-0.00039030749690058264,-0.025412237264920732,-0.03331811727539282,-0.002471696762964907,-0.8013997321493062
us,midpoint,youthful,9,625,-0.00027190279154593044,-0.0003010854313131167,-0.025412237264920732,-0.03331811727539282,-0.3771175134392796,-0.618225872102399
us,midpoint,youthful,10,583,-0.0009082271835365828,0.00033563944297833326,-0.025412237264920732,-0.03331811727539282,-1.2603090994262685,0.6889771414560676
us,midpoint,youthful,11,541,-0.0011629771100634505,-0.0005209620444767138,-0.025412237264920732,-0.03331811727539282,-1.6138913201792304,-1.0696349232382278
us,midpoint,youthful,12,769,-0.0003706020919120312,0.00030928325799553513,-0.025412237264920732,-0.03331811727539282,-0.5141080055897411,0.6348676102809939
us,midpoint,youthful,13,825,-0.0010692628244841351,1.5013446916421758e-05,-0.025412237264920732,-0.03331811727539282,-1.4838198196172199,0.030728523882083553
us,midpoint,youthful,14,1041,0.0002445429865043196,0.0005564467331728093,-0.025412237264920732,-0.03331811727539282,0.3396875808390885,1.1422968825437667
us,midpoint,youthful,15,496,0.00010330734907362457,0.0005327788293825256,-0.025412237264920732,-0.03331811727539282,0.1436584356572215,1.0937064215637406
us,midpoint,youthful,16,484,-0.00012631501637829293,0.0005332274547409019,-0.025412237264920732,-0.03331811727539282,-0.17504778348853484,1.0946274542485104
us,midpoint,youthful,17,601,-0.00041921777777036845,-0.0002550478210513116,-0.025412237264920732,-0.03331811727539282,-0.5815845399447229,-0.5237101631971501
us,midpoint,youthful,18,609,-0.00015757471390203184,0.0007053699199302196,-0.025412237264920732,-0.03331811727539282,-0.21843493347204526,1.4480377863126825
us,midpoint,youthful,19,633,-0.00015811757678874105,0.00023976618631890018,-0.025412237264920732,-0.03331811727539282,-0.219188404405929,0.4921483146188276
us,midpoint,youthful,20,1000,-0.000251565515022055,0.0001702029804601657,-0.025412237264920732,-0.03331811727539282,-0.34889022601503544,0.3493343049847347
us,midpoint,youthful,21,650,1.7387656822822478e-05,0.00025894690740163595,-0.025412237264920732,-0.03331811727539282,0.024405503942457617,0.5315265412500363
us,midpoint,youthful,22,483,0.0006148892775488732,0.0006069018943714519,-0.025412237264920732,-0.03331811727539282,0.8537127105827291,1.245881871023821
us,midpoint,youthful,23,601,-0.0005053346558044104,-0.00020980582077756438,-0.025412237264920732,-0.03331811727539282,-0.7011111572620281,-0.4308278501524978
us,midpoint,youthful,24,711,-7.740341770059653e-05,-0.00023057453393724586,-0.025412237264920732,-0.03331811727539282,-0.10716053454279838,-0.47346624159319417
us,midpoint,youthful,25,588,-0.00031965321031453275,-0.00012970439970766412,-0.025412237264920732,-0.03331811727539282,-0.44339309333941995,-0.26637877137352023
us,midpoint,youthful,26,1081,0.00010149697510186684,0.00021224752775451244,-0.025412237264920732,-0.03331811727539282,0.1411457124621475,0.4356522126807897
us,midpoint,youthful,27,510,0.0003146593975715539,-0.00021502936510452847,-0.025412237264920732,-0.03331811727539282,0.4370062206298072,-0.4415518428239985
us,midpoint,youthful,28,825,0.00038207938932714736,0.0002694145393391731,-0.025412237264920732,-0.03331811727539282,0.5305823434302781,0.5530167021751866
us,midpoint,youthful,29,906,0.0011159017647583667,0.0004883746861916588,-0.025412237264920732,-0.03331811727539282,1.5490970440255667,1.0025442381196343
us,midpoint,youthful,30,686,-0.0008176584129991581,-0.00020531801608057731,-0.025412237264920732,-0.03331811727539282,-1.1346034419052617,-0.42161433885267374
us,midpoint,youthful,31,1000,6.132775296233822e-05,0.00023627002588522822,-0.025412237264920732,-0.03331811727539282,0.08539251573447104,0.4849706596546398
us,midpoint,youthful,32,721,-0.0001940920781848092,0.00013747143831358,-0.025412237264920732,-0.03331811727539282,-0.269119504553904,0.2821360969988349
us,midpoint,youthful,33,542,0.0006626139823202766,0.00015978050742102706,-0.025412237264920732,-0.03331811727539282,0.9199526005325015,0.3279368557635856
us,midpoint,youthful,34,786,-0.00040774603801167764,-0.00035791041532799023,-0.025412237264920732,-0.03331811727539282,-0.5656622459716562,-0.7348881753182352
us,midpoint,youthful,35,561,-0.002086128552023541,0.00043954274670836985,-0.025412237264920732,-0.03331811727539282,-2.8951868298174737,0.9022917412755399
us,midpoint,youthful,36,651,-0.00020606744465450494,-0.0004279207269693164,-0.025412237264920732,-0.03331811727539282,-0.2857408112934724,-0.878620097931672
us,midpoint,youthful,37,556,0.0010155962448358813,2.803968121301015e-06,-0.025412237264920732,-0.03331811727539282,1.4098771864518989,0.005662332628411107
us,midpoint,youthful,38,708,-0.0007359733865205734,-0.00039613265627223837,-0.025412237264920732,-0.03331811727539282,-1.0212280487959084,-0.8133588469766644
us,midpoint,youthful,39,681,-0.0022115129178914006,4.968549029288338e-06,-0.025412237264920732,-0.03331811727539282,-3.0692150744402804,0.010106240508028472
us,midpoint,youthful,40,627,0.0002940956387170457,-0.0009163503079481911,-0.025412237264920732,-0.03331811727539282,0.40846458522313883,-1.8813712797151438
us,midpoint,youthful,41,618,-0.0013583617234459895,0.0006278289711394228,-0.025412237264920732,-0.03331811727539282,-1.8850769744505416,1.2888453846552033
us,midpoint,youthful,42,664,0.00024878096233984376,-0.00036790765908841644,-0.025412237264920732,-0.03331811727539282,0.34556971367363515,-0.7554126242577404
us,midpoint,youthful,43,499,-5.043981708779954e-05,-0.00021198200073979656,-0.025412237264920732,-0.03331811727539282,-0.06973618701050113,-0.43529557101520333
us,midpoint,youthful,44,739,-4.03882955720275e-05,-0.0004626192438245483,-0.025412237264920732,-0.03331811727539282,-0.05578509643337383,-0.9498565261451024
us,midpoint,youthful,45,748,7.151340575455023e-05,0.000151772291340585,-0.025412237264920732,-0.03331811727539282,0.09952977490148829,0.31149590203890115
us,midpoint,youthful,46,1176,0.0005408409580681187,-0.0004276961320106368,-0.025412237264920732,-0.03331811727539282,0.7509367467110825,-0.8781590020664559
us,midpoint,youthful,47,724,-7.348699664211714e-05,0.00039678764726849836,-0.025412237264920732,-0.03331811727539282,-0.10172470626154954,0.8145150623842274
us,midpoint,youthful,48,708,0.00022851859310948908,6.999686495812868e-05,-0.025412237264920732,-0.03331811727539282,0.3174463944332283,0.1436100723528363
us,midpoint,youthful,49,762,0.00036102672680798226,5.6658860078107054e-05,-0.025412237264920732,-0.03331811727539282,0.5013621302283561,0.11622700491193558
us,midpoint,youthful,50,648,-0.0015440644524363917,0.00023706031852750026,-0.025412237264920732,-0.03331811727539282,-2.1428245789798277,0.4865931389471611
us,midpoint,youthful,51,664,1.2281479071903079e-05,-0.001048638601397603,-0.025412237264920732,-0.03331811727539282,0.017318343238059808,-2.1529605686494144
us,midpoint,youthful,52,664,0.0009049647993246042,0.0007916569231135664,-0.025412237264920732,-0.03331811727539282,1.2563253769487777,1.6251859316835042
us,midpoint,youthful,53,700,-0.0009661439291872888,-0.00046826444957955016,-0.025412237264920732,-0.03331811727539282,-1.3406951149401976,-0.9614461942624473
us,midpoint,youthful,54,796,-0.0006157787189999091,8.229789828645417e-07,-0.025412237264920732,-0.03331811727539282,-0.8544028879645541,0.001595340625825351
us,midpoint,youthful,55,616,0.00031250792696793303,-0.00025949317176620496,-0.025412237264920732,-0.03331811727539282,0.4340200696060001,-0.5328365160152325
us,midpoint,youthful,56,711,0.00022280732019086189,-0.0006955415628209366,-0.025412237264920732,-0.03331811727539282,0.30951938699724585,-1.4280485516348058
us,midpoint,youthful,57,1000,-0.00034475647380773425,0.00010551443651288239,-0.025412237264920732,-0.03331811727539282,-0.4782353709215366,0.21652802867159726
us,midpoint,youthful,58,342,-0.001384255401792451,0.00020068023895596088,-0.025412237264920732,-0.03331811727539282,-1.9210163147205341,0.41190444439547774
us,midpoint,youthful,59,522,0.0015787700878663602,0.00012871310692311178,-0.025412237264920732,-0.03331811727539282,2.1915388764217894,0.2641551484767528
us,midpoint,youthful,60,664,-0.00013384997549604344,0.00022408110496517641,-0.025412237264920732,-0.03331811727539282,-0.18550599093322281,0.4599466739395407
us,midpoint,youthful,61,909,-0.00035380432515518326,0.00022918624675458826,-0.025412237264920732,-0.03331811727539282,-0.490793409371594,0.4704275849282761
us,midpoint,youthful,62,1000,-7.868139776570637e-05,0.00022014947910914406,-0.025412237264920732,-0.03331811727539282,-0.1089343173095302,0.4518750037807314
us,midpoint,youthful,63,756,-0.0004666566729933791,0.00047540752285302884,-0.025412237264920732,-0.03331811727539282,-0.6474277382203861,0.9759225123508323
us,midpoint,youthful,64,681,-0.000175657551455162,0.0006867025361324344,-0.025412237264920732,-0.03331811727539282,-0.24353315409459952,1.409713446647341
us,midpoint,youthful,65,732,-0.0010314464315386192,-0.0001895449257363624,-0.025412237264920732,-0.03331811727539282,-1.431332251197325,-0.3892320147695567
us,midpoint,youthful,66,380,-0.0003664856018699321,0.0001447533771360629,-0.025412237264920732,-0.03331811727539282,-0.5083944899446666,0.2970859957033434
us,midpoint,youthful,67,795,-1.0058106663518585e-08,-4.343792484781672e-05,-0.025412237264920732,-0.03331811727539282,0.00025820480615801117,-0.0892727708715818
us,midpoint,youthful,68,876,-0.0004975180140504507,-0.00012186750028757992,-0.025412237264920732,-0.03331811727539282,-0.6902619861243715,-0.2502895325947012
us,midpoint,youthful,69,648,2.7540612846994883e-05,-0.0001678277723557095,-0.025412237264920732,-0.03331811727539282,0.03849738136584689,-0.3446464653567244
us,midpoint,youthful,70,681,0.0005022402663756621,0.0003249941943541737,-0.025412237264920732,-0.03331811727539282,0.69736060450254,0.6671223315633872
us,midpoint,youthful,71,700,-0.0014195788450345297,0.0009252742256984844,-0.025412237264920732,-0.03331811727539282,-1.9700437734384002,1.89950369066367
us,midpoint,youthful,72,510,-0.0003427345205499026,0.0007156070436811629,-0.025412237264920732,-0.03331811727539282,-0.47542898454525867,1.4690547114521244
us,midpoint,youthful,73,532,5.0959852079181245e-05,-0.00014249259627829164,-0.025412237264920732,-0.03331811727539282,0.07100230385573823,-0.29263307644320175
us,midpoint,youthful,74,758,-8.22779147309563e-05,-0.00012652553727932753,-0.025412237264920732,-0.03331811727539282,-0.11392613211743223,-0.25985253262615926
us,midpoint,youthful,75,758,0.00028604015107896313,-0.00015355059228715218,-0.025412237264920732,-0.03331811727539282,0.39728390600900426,-0.3153352611549041
us,midpoint,youthful,76,796,0.00036814990515861984,-0.00011349826929224482,-0.025412237264920732,-0.03331811727539282,0.5112488032271498,-0.23310741136778454
us,midpoint,youthful,77,585,0.0032634753364086527,-0.000984697567030117,-0.025412237264920732,-0.03331811727539282,4.529839150792741,-2.021688937541496
us,midpoint,youthful,78,1176,-4.1277598749750455e-06,0.000356021826548078,-0.025412237264920732,-0.03331811727539282,-0.00545699266411264,0.7308223940944609
us,midpoint,youthful,79,664,0.0003562229267586002,-0.00024541026101539826,-0.025412237264920732,-0.03331811727539282,0.49469465710021543,-0.5039241488117125
us,midpoint,youthful,80,666,-0.000306888370501409,0.00042319001724024086,-0.025412237264920732,-0.03331811727539282,-0.42567603068816107,0.8687194118382265
us,midpoint,youthful,81,601,-0.0006708546241325324,2.5878073407793745e-05,-0.025412237264920732,-0.03331811727539282,-0.9308459359067821,0.05303371889509911
us,midpoint,youthful,82,721,0.00042152426666876644,-0.0002769622312216169,-0.025412237264920732,-0.03331811727539282,0.5853301799377282,-0.5687006829202211
us,midpoint,youthful,83,666,-8.833708438652985e-05,-0.00018836994800537632,-0.025412237264920732,-0.03331811727539282,-0.1223360056429922,-0.38681977285342567
us,midpoint,youthful,84,876,-0.0003016795380763014,-0.0003532708283897554,-0.025412237264920732,-0.03331811727539282,-0.41844638959852826,-0.7253630534450304
us,midpoint,youthful,85,889,-0.00014585637116746458,0.00023965858352749392,-0.025412237264920732,-0.03331811727539282,-0.20217036490426735,0.49192740493102866
us,midpoint,youthful,86,582,0.0017527698749802319,-0.0017196760667340383,-0.025412237264920732,-0.03331811727539282,2.4330432881287605,-3.5306077005830545
us,midpoint,youthful,87,616,0.0007938362674330401,-0.0001767929473526289,-0.025412237264920732,-0.03331811727539282,1.1020836323840684,-0.3630520660270191
us,midpoint,youthful,88,694,0.00013674221465748843,-0.0003754123263489742,-0.025412237264920732,-0.03331811727539282,0.1900646277409414,-0.7708197868405928
us,midpoint,youthful,89,882,0.001137724256091193,0.0003935387160509604,-0.025412237264920732,-0.03331811727539282,1.579385747355219,0.8078449716591936
us,midpoint,youthful,90,640,-0.00019130826832724351,0.0004515963522662911,-0.025412237264920732,-0.03331811727539282,-0.2652556931486895,0.9270379230971527
us,midpoint,youthful,91,604,-0.0010050388815462732,-8.94074472924597e-05,-0.025412237264920732,-0.03331811727539282,-1.394679678620611,-0.18364869475605533
us,midpoint,youthful,92,666,-4.375945332774772e-05,0.0003359740187090787,-0.025412237264920732,-0.03331811727539282,-0.06046412210386961,0.689664029028947
us,midpoint,youthful,93,1176,-0.0006830481061517214,0.0007424817510236631,-0.025412237264920732,-0.03331811727539282,-0.9477699778872278,1.524228774607285
us,midpoint,youthful,94,571,-0.0005251567164466717,0.00012299777360201547,-0.025412237264920732,-0.03331811727539282,-0.7286233466366987,0.25242150771214145
us,midpoint,youthful,95,732,9.636630916756012e-05,-0.0004153628285548938,-0.025412237264920732,-0.03331811727539282,0.13402456318557485,-0.852838597453052
us,midpoint,youthful,96,384,0.0009135179639901854,-5.762270394983615e-06,-0.025412237264920732,-0.03331811727539282,1.2681968110180748,-0.011924247157416874
us,midpoint,youthful,97,661,-3.3933992280302944e-05,-0.0008206767935613618,-0.025412237264920732,-0.03331811727539282,-0.04682679398196789,-1.684952525911368
us,midpoint,youthful,98,758,8.773891751940807e-05,0.0001518649387937318,-0.025412237264920732,-0.03331811727539282,0.12205010517552539,0.3116861082564402
us,midpoint,youthful,99,618,-0.0007930743888540856,-2.0410310623969474e-06,-0.025412237264920732,-0.03331811727539282,-1.1004818467756066,-0.004284502793506589
us,midpoint,youthful,100,648,0.00178738368852863,-0.0007607628116982137,-0.025412237264920732,-0.03331811727539282,2.4810858105743194,-1.5619484768973428
us,midpoint,youthful,101,588,0.0007990357665989857,-0.00030400197327005996,-0.025412237264920732,-0.03331811727539282,1.1093003193011668,-0.6242135641012839
us,midpoint,youthful,102,571,-0.0010112739038815703,0.0005853366202547006,-0.025412237264920732,-0.03331811727539282,-1.4033336282951605,1.201608131372921
us,midpoint,youthful,103,685,-0.0003012161446971119,-0.00021559045230905294,-0.025412237264920732,-0.03331811727539282,-0.41780321901029743,-0.4427037608882011
us,midpoint,youthful,104,609,0.0013032806689059137,-0.000741904144989286,-0.025412237264920732,-0.03331811727539282,1.809171109419884,-1.5232314313585802
us,midpoint,youthful,105,596,-0.001931012090332928,0.0006548364414601521,-0.025412237264920732,-0.03331811727539282,-2.6798916823461583,1.3442920116322552
us,midpoint,youthful,106,556,0.00031091710753277865,-8.994249020323475e-06,-0.025412237264920732,-0.03331811727539282,0.4318120789056003,-0.0185595340283786
us,midpoint,youthful,107,529,-0.0017294663288906602,0.0010760956435104593,-0.025412237264920732,-0.03331811727539282,-2.4001546127985134,2.209141683199093
us,midpoint,youthful,108,526,0.0002541820119897585,-5.21477316014346e-06,-0.025412237264920732,-0.03331811727539282,0.35306614421495053,-0.010800229447107691
us,midpoint,youthful,109,244,0.0001442688357890312,-4.127473665856141e-06,-0.025412237264920732,-0.03331811727539282,0.2005112624102409,-0.008567991893714426
us,midpoint,youthful,110,721,-0.0005438485339971308,-0.0002462549887159646,-0.025412237264920732,-0.03331811727539282,-0.7545668059715279,-0.5056583838642467
us,midpoint,youthful,111,524,-0.0003106743213313265,-0.0003277251618778107,-0.025412237264920732,-0.03331811727539282,-0.4309307717605302,-0.6729175254060419
us,midpoint,youthful,112,841,-3.422446143710317e-05,-0.00046235183901443405,-0.025412237264920732,-0.03331811727539282,-0.04722995299724962,-0.9493075411945611
us,midpoint,youthful,113,769,0.000519231018268989,-0.00040735639192386597,-0.025412237264920732,-0.03331811727539282,0.7209430560015848,-0.8364012969571493
us,midpoint,youthful,114,649,0.0005573911124503277,0.00023189117408893567,-0.025412237264920732,-0.03331811727539282,0.7739076673313428,0.47598082983150114
us,midpoint,youthful,115,447,-0.0005454262733223525,0.0005530168480729625,-0.025412237264920732,-0.03331811727539282,-0.7567566420275644,1.135255291552574
us,midpoint,youthful,116,825,-0.0003279542468170825,0.00026332142124353697,-0.025412237264920732,-0.03331811727539282,-0.45491458408581037,0.5405074652061637
us,midpoint,youthful,117,556,-0.0007161815635131318,-0.000610562664606483,-0.025412237264920732,-0.03331811727539282,-0.9937578279910254,-1.2535859598310422
us,midpoint,youthful,118,616,-0.0004388457797918528,0.00028831619651166485,-0.025412237264920732,-0.03331811727539282,-0.6088273840872829,0.5918220075979185
us,midpoint,youthful,119,673,0.0003503555077623219,0.00046347998787323735,-0.025412237264920732,-0.03331811727539282,0.4865509254529625,0.9514351547817441
us,midpoint,youthful,120,904,0.00017008919452334015,-1.5872391048624146e-05,-0.025412237264920732,-0.03331811727539282,0.23634883813159138,-0.032680433572444864
us,midpoint,youthful,121,848,-0.00027637849607177814,0.00045028912385130376,-0.025412237264920732,-0.03331811727539282,-0.3833296037321355,0.9243541691046889
us,midpoint,youthful,122,808,0.00040974998621783054,-0.00017097835452179605,-0.025412237264920732,-0.03331811727539282,0.5689879721641333,-0.3511146444215912
us,midpoint,youthful,123,588,0.0005052350058861836,2.145578095914119e-05,-0.025412237264920732,-0.03331811727539282,0.7015171774254184,0.04395470494555237
us,midpoint,youthful,124,571,-0.0006840432354630992,0.0005397911073451167,-0.025412237264920732,-0.03331811727539282,-0.9491511756628284,1.1081027036232554
us,midpoint,youthful,125,578,-0.000486992433226547,0.0007006340214274209,-0.025412237264920732,-0.03331811727539282,-0.67565292109668,1.4383149357617995
us,midpoint,youthful,126,618,-0.0008653347305451996,0.0006310852501931336,-0.025412237264920732,-0.03331811727539282,-1.2007761724142727,1.2955305605669107
us,midpoint,youthful,127,568,0.0024837549412745283,-0.0006954656784330243,-0.025412237264920732,-0.03331811727539282,3.4476199225613877,-1.4278927601704448
us,midpoint,youthful,128,913,0.0009438532030139647,-0.0003958481860445451,-0.025412237264920732,-0.03331811727539282,1.310300851350226,-0.8127748265403305
us,midpoint,youthful,129,744,0.00014837393746457844,0.0008510985194804879,-0.025412237264920732,-0.03331811727539282,0.20620897147985906,1.7472201681942627
us,midpoint,youthful,130,381,-0.0008629713358487522,0.0015134947307831673,-0.025412237264920732,-0.03331811727539282,-1.1974958796319408,3.1071267126780717
us,midpoint,youthful,131,1038,0.0003344482288557202,-0.00011736555599548004,-0.025412237264920732,-0.03331811727539282,0.4644722890481753,-0.2410469925540689
us,midpoint,youthful,132,739,0.00023165546507486826,1.4859195965506722e-05,-0.025412237264920732,-0.03331811727539282,0.3218002412462891,0.030411845021210124
us,midpoint,youthful,133,673,-0.0007552149517206994,0.00016734106160470885,-0.025412237264920732,-0.03331811727539282,-1.0479345348270475,0.3434587548005581
us,midpoint,youthful,134,1000,-0.00022035024174327927,-0.00038793105941108824,-0.025412237264920732,-0.03331811727539282,-0.30556473502159226,-0.7965208804297824
us,midpoint,youthful,135,856,0.0003868090997385873,0.00042159024797390476,-0.025412237264920732,-0.03331811727539282,0.5371469832462545,0.8654350683322816
us,midpoint,youthful,136,702,-1.952347005050245e-05,0.0001247844623687086,-0.025412237264920732,-0.03331811727539282,-0.02682559311141377,0.25608959896224587
us,midpoint,youthful,137,721,0.00023012093884493962,-0.0001212412923313616,-0.025412237264920732,-0.03331811727539282,0.31967038315534035,-0.24900392092703422
us,midpoint,youthful,138,556,0.0010241630090393576,-0.0005562557163232423,-0.025412237264920732,-0.03331811727539282,1.4217674961098006,-1.1420932110484316
us,midpoint,youthful,139,504,0.0009234051011092412,0.00016169639743631586,-0.025412237264920732,-0.03331811727539282,1.2819197429423597,0.33187019856634487
us,midpoint,youthful,140,1038,0.0008207369835879323,9.138570226709108e-05,-0.025412237264920732,-0.03331811727539282,1.1394206989244535,0.18752158534013857
us,midpoint,youthful,141,876,0.0001233199133751743,0.0004564580975653029,-0.025412237264920732,-0.03331811727539282,0.17143503612645503,0.9370191384738791
us,midpoint,youthful,142,762,0.0002974006747233013,0.0003223536790772849,-0.025412237264920732,-0.03331811727539282,0.41305183667672113,0.661701325306741
us,midpoint,youthful,143,453,-0.0008283367927087622,0.0007300631180735678,-0.025412237264920732,-0.03331811727539282,-1.1494245853820861,1.4987331876244363
us,midpoint,youthful,144,762,0.0007494928567178295,-0.00021854354138862997,-0.025412237264920732,-0.03331811727539282,1.0405368368650076,-0.44876648452284074
us,midpoint,youthful,145,606,0.0002202667276661463,-0.0005292463636791811,-0.025412237264920732,-0.03331811727539282,0.30599315105612357,-1.0866427196413389
us,midpoint,youthful,146,889,3.7985192394923706e-05,-0.00021827916747228088,-0.025412237264920732,-0.03331811727539282,0.05299402001747041,-0.44822372202979005
us,midpoint,youthful,147,604,0.0006436728866472674,0.00023462625036534124,-0.025412237264920732,-0.03331811727539282,0.8936631536115007,0.4815959708369601
us,midpoint,youthful,148,666,0.0004457909790082995,-0.00023455068713094246,-0.025412237264920732,-0.03331811727539282,0.6190113595807004,-0.4816293268550261
us,midpoint,youthful,149,889,0.00026111837393428053,2.0101133567540508e-05,-0.025412237264920732,-0.03331811727539282,0.36269352387204246,0.0411735992842099
us,midpoint,youthful,150,661,0.0005448175033379611,-0.0005766921713934794,-0.025412237264920732,-0.03331811727539282,0.756456024877733,-1.184049473058761
us,midpoint,youthful,151,681,-6.904441459756189e-05,0.0008731411552336879,-0.025412237264920732,-0.03331811727539282,-0.09555858858447375,1.792473936417813
us,midpoint,youthful,152,616,0.0010687177825449146,-0.00022457772865318304,-0.025412237264920732,-0.03331811727539282,1.4836076543230692,-0.46115473586197303
us,midpoint,youthful,153,526,-0.00028970940856167665,-0.00019699986119859486,-0.025412237264920732,-0.03331811727539282,-0.40183235153310326,-0.40453707743568634
us,midpoint,youthful,154,961,0.0003841798965316563,-6.003593282287445e-05,-0.025412237264920732,-0.03331811727539282,0.5334977593921334,-0.12334865972107491
us,midpoint,youthful,155,633,-0.0005965999184717671,0.00042558437137801136,-0.025412237264920732,-0.03331811727539282,-0.82778351666749,0.873635046629317
us,midpoint,youthful,156,708,-0.00010057895425296184,0.00013273554571511387,-0.025412237264920732,-0.03331811727539282,-0.1393272079273441,0.27241325856961024
us,midpoint,youthful,157,507,-0.0003761763489102954,-0.0006359639024107883,-0.025412237264920732,-0.03331811727539282,-0.5218448406709718,-1.3057349741802198
us,midpoint,youthful,158,559,-0.000594890853687087,0.00035365467365083836,-0.025412237264920732,-0.03331811727539282,-0.8254114063779344,0.7259626037426724
us,midpoint,youthful,159,700,-0.0005102212396895928,0.00013855148375434279,-0.025412237264920732,-0.03331811727539282,-0.7078935308845625,0.28435344190234024
us,midpoint,youthful,160,956,0.00012252509231016132,-0.0001901024890194128,-0.025412237264920732,-0.03331811727539282,0.1703318578013422,-0.3903766981850807
us,midpoint,youthful,161,596,-0.00010740062190181185,-0.0008304587762536786,-0.025412237264920732,-0.03331811727539282,-0.14879539670919498,-1.705035041563364
us,midpoint,youthful,162,582,-0.0009069780275536878,0.00026321744283188536,-0.025412237264920732,-0.03331811727539282,-1.2585753232775547,0.5402939964089736
us,midpoint,youthful,163,769,0.00014636589587622983,-0.00046625903012151304,-0.025412237264920732,-0.03331811727539282,0.20342189391774748,-0.9573290465510247
us,midpoint,youthful,164,786,-0.00014212177011053637,9.310885294724208e-05,-0.025412237264920732,-0.03331811727539282,-0.19698689516459789,0.1910592322153534
us,midpoint,youthful,165,600,0.00011176918216884713,-0.00037246035599781263,-0.025412237264920732,-0.03331811727539282,0.15540310533481666,-0.7647593599674198
us,midpoint,youthful,166,856,0.0009411973388603855,0.0007734089176222869,-0.025412237264920732,-0.03331811727539282,1.30661462321959,1.5877225801909514
us,midpoint,youthful,167,542,-0.0008676297214456376,0.00018056817155009258,-0.025412237264920732,-0.03331811727539282,-1.2039615235947336,0.3706141537482052
us,midpoint,youthful,168,627,-0.0002954016428537952,0.00011847027336130828,-0.025412237264920732,-0.03331811727539282,-0.4097329341534526,0.24312650103421776
us,midpoint,youthful,169,616,-3.905974497710532e-05,0.00024693356510185893,-0.025412237264920732,-0.03331811727539282,-0.053941123890811744,0.5068630203303404
us,midpoint,youthful,170,648,-0.00019264415271059293,-0.0003846487795358608,-0.025412237264920732,-0.03331811727539282,-0.2671098446822095,-0.7897823245519172
us,midpoint,youthful,171,856,0.0003789200685127281,-0.0005277257181284523,-0.025412237264920732,-0.03331811727539282,0.5261973385556423,-1.083520817974345
us,midpoint,youthful,172,384,0.00013531748759292028,0.00013353822803018056,-0.025412237264920732,-0.03331811727539282,0.18808716628952968,0.27406117399360386
us,midpoint,youthful,173,700,-0.0007542341461828465,0.0006455703779712288,-0.025412237264920732,-0.03331811727539282,-1.0465732178487508,1.325268683652453
us,midpoint,youthful,174,666,0.00029683316468267704,-0.00018848413410754022,-0.025412237264920732,-0.03331811727539282,0.412264156526233,-0.3870541981489998
us,midpoint,youthful,175,825,-0.00010167376720491075,-0.00011985477060520028,-0.025412237264920732,-0.03331811727539282,-0.14084676241804334,-0.24615737691409725
us,midpoint,youthful,176,363,-0.0006127544524514722,0.0001248505515935583,-0.025412237264920732,-0.03331811727539282,-0.8502053327506082,0.256225280851513
us,midpoint,youthful,177,585,-3.988755271844974e-06,0.0010889635247109744,-0.025412237264920732,-0.03331811727539282,-0.005264060101031287,2.2355595816707745
us,midpoint,youthful,178,909,0.00013203839744890464,-0.00014279320322951178,-0.025412237264920732,-0.03331811727539282,0.18353592660527437,-0.29325022574645276
us,midpoint,youthful,179,825,0.0006203877197003202,-0.0005221102239139283,-0.025412237264920732,-0.03331811727539282,0.8613443178341851,-1.0719921479690864
us,midpoint,youthful,180,777,-6.069376743308985e-05,0.00016417998521772725,-0.025412237264920732,-0.03331811727539282,-0.08396824031865377,0.3369690309873505
us,midpoint,youthful,181,601,0.0002881066700320331,-0.0005395628574165132,-0.025412237264920732,-0.03331811727539282,0.40015214770240276,-1.1078225922162945
us,midpoint,youthful,182,529,0.00081108740743727,-0.001476071357485842,-0.025412237264920732,-0.03331811727539282,1.1260274916674686,-3.0304846130397283
us,midpoint,youthful,183,601,7.2208904392395e-05,-0.0005954762014733633,-0.025412237264920732,-0.03331811727539282,0.10049509786056626,-1.2226132887955368
us,midpoint,youthful,184,952,-0.00029271039884059755,0.0002903874618589014,-0.025412237264920732,-0.03331811727539282,-0.40599760026053316,0.5960743376279017
us,midpoint,youthful,185,724,0.0002877601178809461,-2.4865148826047623e-05,-0.025412237264920732,-0.03331811727539282,0.39967114784164265,-0.05114266198770934
us,midpoint,youthful,186,632,-0.0002178916686244592,-0.0009046551031789488,-0.025412237264920732,-0.03331811727539282,-0.30215233857819523,-1.8573608985665364
us,midpoint,youthful,187,786,0.0005212596703244206,0.00038517988337589265,-0.025412237264920732,-0.03331811727539282,0.7237587400281666,0.7906841982955978
us,midpoint,youthful,188,889,-0.0002629011877735496,0.00013333657302520147,-0.025412237264920732,-0.03331811727539282,-0.36462366468505436,0.2736471741000059
us,midpoint,youthful,189,618,-8.865111484649899e-05,0.00175848068529591,-0.025412237264920732,-0.03331811727539282,-0.1227718667595537,3.6100855116019024
us,midpoint,youthful,190,732,-0.0003372973315994565,0.00037522701619058935,-0.025412237264920732,-0.03331811727539282,-0.4678823941695028,0.7702508549419967
us,midpoint,youthful,191,685,0.00016327316590341798,-4.738866834622102e-05,-0.025412237264920732,-0.03331811727539282,0.22688847608554522,-0.09738368975575074
us,midpoint,youthful,192,769,5.455934246040989e-05,0.0005720819274957489,-0.025412237264920732,-0.03331811727539282,0.07599824564039472,1.1743961046124238
us,midpoint,youthful,193,913,-0.0002745382440718473,-0.000626915981917546,-0.025412237264920732,-0.03331811727539282,-0.3807754110862271,-1.2871594961162203
us,midpoint,youthful,194,582,0.0002424580955379986,0.0004494646132899571,-0.025412237264920732,-0.03331811727539282,0.336793839561319,0.9226614400563656
us,midpoint,youthful,195,686,0.00015881546466376545,-8.604633308442744e-06,-0.025412237264920732,-0.03331811727539282,0.2207013735993612,-0.01775964878238915
us,midpoint,youthful,196,541,-2.6191554291798286e-05,-2.6409333670263102e-05,-0.025412237264920732,-0.03331811727539282,-0.036080614560680214,-0.054312890077347034
us,midpoint,youthful,197,889,-0.0007908990084710826,-0.0002813569676231101,-0.025412237264920732,-0.03331811727539282,-1.0974625099801414,-0.5777231240086423
us,midpoint,youthful,198,796,0.0007052587481937538,0.00023578839203755586,-0.025412237264920732,-0.03331811727539282,0.9791417482060883,0.4839818601864085
us,midpoint,youthful,199,571,0.0019285085577975293,0.0004937704148905916,-0.025412237264920732,-0.03331811727539282,2.676961214190211,1.013621727158268
us,midpoint,youthful,200,618,-0.00047156614486380116,7.488627742856246e-05,-0.025412237264920732,-0.03331811727539282,-0.6542418794071352,0.1536480887299942
us,midpoint,youthful,201,856,-0.00023539619657688554,-0.0006732937811852469,-0.025412237264920732,-0.03331811727539282,-0.3264478897135101,-1.382373616708591
us,midpoint,youthful,202,758,0.00021011186455437147,-0.00023193853272831383,-0.025412237264920732,-0.03331811727539282,0.2918986266750734,-0.4762665457781976
us,midpoint,youthful,203,711,-5.424716166610444e-05,8.677251034654859e-05,-0.025412237264920732,-0.03331811727539282,-0.07502062170896145,0.1780506527220791
us,midpoint,youthful,204,445,0.0005441158888254242,-0.0001915946560170148,-0.025412237264920732,-0.03331811727539282,0.7554822133409155,-0.39344013307627834
us,midpoint,youthful,205,796,-0.00012481568856622521,0.0002694190192367163,-0.025412237264920732,-0.03331811727539282,-0.1729667793263151,0.5530258994530147
us,midpoint,youthful,206,664,0.0002953813221683553,-0.00014931897460352533,-0.025412237264920732,-0.03331811727539282,0.41024905996704597,-0.3066477045482616
us,midpoint,youthful,207,652,0.0002683375172537715,-0.000575166298023358,-0.025412237264920732,-0.03331811727539282,0.3727133922254503,-1.1809168386223396
us,midpoint,youthful,208,825,-0.00012249509126460723,-2.447403771290574e-05,-0.025412237264920732,-0.03331811727539282,-0.1697458875342506,-0.050339706666850836
us,midpoint,youthful,209,816,0.0005115237245907796,-6.832266410944365e-05,-0.025412237264920732,-0.03331811727539282,0.7102456554099928,-0.14036140815878417
us,midpoint,youthful,210,1082,0.0005377000794539212,0.00013293244665142645,-0.025412237264920732,-0.03331811727539282,0.7465773388373914,0.27281749830911584
us,midpoint,youthful,211,601,0.0005173922826530661,0.00036561954412526326,-0.025412237264920732,-0.03331811727539282,0.7183909680331237,0.7505266114837078
us,midpoint,youthful,212,664,-0.0018276812996802887,0.0003003291774987746,-0.025412237264920732,-0.03331811727539282,-2.536472875796409,0.6164847867388232
us,midpoint,youthful,213,721,-0.0003729710061575811,0.0004609911786264548,-0.025412237264920732,-0.03331811727539282,-0.5173959592748879,0.9463256026361856
us,midpoint,youthful,214,597,0.000292377551804935,-0.0003889074186474162,-0.025412237264920732,-0.03331811727539282,0.40607995259885177,-0.7985253564406557
us,midpoint,youthful,215,531,-0.003416272163225674,-5.208403478521029e-06,-0.025412237264920732,-0.03331811727539282,-4.741370412208466,-0.010787152422244298
us,midpoint,youthful,216,574,0.000481656442351399,0.0008216570188526034,-0.025412237264920732,-0.03331811727539282,0.668791119481238,1.6867764508237397
us,midpoint,youthful,217,956,-3.6200477080763904e-05,-0.00010373973790894775,-0.025412237264920732,-0.03331811727539282,-0.04997257989042938,-0.21307304150537548
us,midpoint,youthful,218,961,-0.0001574244593503353,-0.0003762545731641545,-0.025412237264920732,-0.03331811727539282,-0.21822638645186979,-0.7725489286087528
us,midpoint,youthful,219,721,-0.000362008860751193,-0.0006773754694830297,-0.025412237264920732,-0.03331811727539282,-0.5021809609043238,-1.3907533666739202
us,midpoint,youthful,220,609,-0.000533538975502696,0.0005241867158750427,-0.025412237264920732,-0.03331811727539282,-0.7402575708830526,1.0760667201427514
us,midpoint,youthful,221,645,0.00033849474015647946,-1.6101416271604996e-06,-0.025412237264920732,-0.03331811727539282,0.4700886771332707,-0.003399882149655682
us,midpoint,youthful,222,996,-0.00015108203129301015,0.00017074863955478942,-0.025412237264920732,-0.03331811727539282,-0.2094233621368131,0.35045454897341427
us,midpoint,youthful,223,681,-0.0010824059145795248,-1.586896355897094e-05,-0.025412237264920732,-0.03331811727539282,-1.5020618778067598,-0.03267339689933138
us,midpoint,youthful,224,1129,-0.00023698345559686196,7.0504496615247936e-06,-0.025412237264920732,-0.03331811727539282,-0.3286509387068696,0.01438040489247667
us,midpoint,youthful,225,808,0.00028887000942812505,-0.0005621294992524187,-0.025412237264920732,-0.03331811727539282,0.40121163079053607,-1.1541521505622239
us,midpoint,youthful,226,747,4.023865333557461e-05,8.546214280136244e-05,-0.025412237264920732,-0.03331811727539282,0.05612172935438113,0.17536045406156234
us,midpoint,youthful,227,673,0.0003952513336692165,-0.0004252518702976271,-0.025412237264920732,-0.03331811727539282,0.5488644501048487,-0.8731409064867484
us,midpoint,youthful,228,748,0.0003216403928292984,-5.597069295285029e-05,-0.025412237264920732,-0.03331811727539282,0.4466955494549476,-0.11500267855480249
us,midpoint,youthful,229,708,0.0008101784220071774,5.7456707374226035e-05,-0.025412237264920732,-0.03331811727539282,1.1247658579885662,0.11786499399003905
us,midpoint,youthful,230,801,0.0001291403762127344,0.0002186894917914628,-0.025412237264920732,-0.03331811727539282,0.17951359459346808,0.44887763411843595
us,midpoint,youthful,231,758,0.0007830406039706049,-0.00011421010658953928,-0.025412237264920732,-0.03331811727539282,1.0870997039739974,-0.23456882099344445
us,midpoint,youthful,232,606,-0.00018155251413197113,0.0006934441111562453,-0.025412237264920732,-0.03331811727539282,-0.2517151152159982,1.4235539726626987
us,midpoint,youthful,233,616,0.0013794741185344586,-0.0002419071538881587,-0.025412237264920732,-0.03331811727539282,1.9149244240283907,-0.4967322322109334
us,midpoint,youthful,234,577,-1.3448634290508243e-05,-0.00013137624755994726,-0.025412237264920732,-0.03331811727539282,-0.018393975689527206,-0.2698110929914682
us,midpoint,youthful,235,619,0.0010624426758717963,-0.00043550402988520864,-0.025412237264920732,-0.03331811727539282,1.474898069267668,-0.8941887003604875
us,midpoint,youthful,236,696,0.00030637790975520177,-0.00045418240020429074,-0.025412237264920732,-0.03331811727539282,0.42551186264052016,-0.9325355954721882
us,midpoint,youthful,237,664,-0.0013371922136980775,0.0006320308417635673,-0.025412237264920732,-0.03331811727539282,-1.8556945821925057,1.2974718702288615
us,midpoint,youthful,238,796,0.0003663812125388778,-0.0010027391886967135,-0.025412237264920732,-0.03331811727539282,0.5087939320016941,-2.0587285808227502
us,midpoint,youthful,239,700,0.00031674424468794427,-0.0005556520668308987,-0.025412237264920732,-0.03331811727539282,0.4398999010457109,-1.1408539121496681
us,midpoint,youthful,240,632,0.0008852218838832776,-2.310976854963398e-06,-0.025412237264920732,-0.03331811727539282,1.2289230377958125,-0.004838704408345294
us,midpoint,youthful,241,1041,-5.7230018161307655e-05,-0.00033799353832661416,-0.025412237264920732,-0.03331811727539282,-0.07916070150462771,-0.6939986126702479
us,midpoint,youthful,242,618,0.0012390990997891774,0.0013467683397414207,-0.025412237264920732,-0.03331811727539282,1.7200897815109946,2.76483563907736
us,midpoint,youthful,243,673,-0.0009097212613072801,0.00012831904710319114,-0.025412237264920732,-0.03331811727539282,-1.2623828167511097,0.2633461394291704
us,midpoint,youthful,244,555,-0.0003323540828901045,0.000520500846963319,-0.025412237264920732,-0.03331811727539282,-0.4610213721459986,1.0684995916332076
us,midpoint,youthful,245,666,-0.000983211419585097,6.474274153329962e-05,-0.025412237264920732,-0.03331811727539282,-1.3643840762671418,0.1328233004646049
us,midpoint,youthful,246,681,-0.000379098463587562,-0.00039840275457384,-0.025412237264920732,-0.03331811727539282,-0.5259006133691978,-0.8180193831999898
us,midpoint,youthful,247,1000,0.0006612091331764623,0.0007850822510087133,-0.025412237264920732,-0.03331811727539282,0.9180027288019581,1.611688059155457
us,midpoint,youthful,248,578,-0.00016182250104554777,0.0007631027342705279,-0.025412237264920732,-0.03331811727539282,-0.22433068399086567,1.5665638749484438
us,midpoint,youthful,249,556,6.637470627607334e-05,-0.0003200025056419656,-0.025412237264920732,-0.03331811727539282,0.09239747540231524,-0.657062829112911
us,midpoint,youthful,250,801,0.00024391027938874474,-0.00033747204765127714,-0.025412237264920732,-0.03331811727539282,0.3388094098811567,-0.6929279867062446
us,midpoint,youthful,251,744,-0.0003589650653730153,-0.0002594966704585616,-0.025412237264920732,-0.03331811727539282,-0.49795630049320433,-0.5328436988682618
us,midpoint,youthful,252,889,0.00016727143178929538,0.0006477912475294847,-0.025412237264920732,-0.03331811727539282,0.23243790155688188,1.3298281527363378
us,midpoint,youthful,253,796,-0.00023215984078563817,0.00010215635975361487,-0.025412237264920732,-0.03331811727539282,-0.3219559635197835,0.20963386097576156
us,midpoint,youthful,254,848,-0.0003757710605435914,-0.00011836326602952807,-0.025412237264920732,-0.03331811727539282,-0.5212823174047309,-0.2430953019822445
us,midpoint,youthful,255,676,0.0002719323787701462,-3.44524390517853e-06,-0.025412237264920732,-0.03331811727539282,0.37770290933969797,-0.007167366859095733
us,midpoint,youthful,256,696,-0.00041549355575548966,0.0003186887820014542,-0.025412237264920732,-0.03331811727539282,-0.576415475880404,0.6541772522017932
us,midpoint,youthful,257,673,-0.0007360449926756552,0.00014308453737723464,-0.025412237264920732,-0.03331811727539282,-1.0213274351379522,0.29365984973360393
us,midpoint,youthful,258,796,-0.0002795733630351245,0.0005854833227554174,-0.025412237264920732,-0.03331811727539282,-0.3877639451716457,1.2019093131843697
us,midpoint,youthful,259,633,0.001052721973775969,0.0004381477325636901,-0.025412237264920732,-0.03331811727539282,1.4614061421798774,0.8994277622360666
us,midpoint,youthful,260,619,-0.0006381351828756224,3.623291954260588e-05,-0.025412237264920732,-0.03331811727539282,-0.8854327228034834,0.07429232935448074
us,midpoint,youthful,261,990,0.00010904860243309,0.0003610984932602493,-0.025412237264920732,-0.03331811727539282,0.1516270546885251,0.7412448454434317
us,midpoint,youthful,262,1129,-0.00012756821479132166,3.432981210638175e-05,-0.025412237264920732,-0.03331811727539282,-0.1767871703608449,0.07038522932399098
us,midpoint,youthful,263,462,-0.00041117242741333174,-0.0008918814483653351,-0.025412237264920732,-0.03331811727539282,-0.5704179308517987,-1.8311364478803704
us,midpoint,youthful,264,696,0.00022027770606369498,7.887805474664222e-06,-0.025412237264920732,-0.03331811727539282,0.3060083886117865,0.016099505380854213
us,midpoint,youthful,265,816,-0.0002592973407989675,9.393960488517789e-05,-0.025412237264920732,-0.03331811727539282,-0.35962167613142004,0.19276477487692711
us,midpoint,youthful,266,758,0.00025482855692988277,-0.0005604327141622845,-0.025412237264920732,-0.03331811727539282,0.35396352149337584,-1.15066863252682
us,midpoint,youthful,267,549,-9.12815109871748e-05,0.00018430372237732834,-0.025412237264920732,-0.03331811727539282,-0.1264227463557136,0.37828327976452014
us,midpoint,youthful,268,952,-0.0003229699867056089,0.0006601756948974094,-0.025412237264920732,-0.03331811727539282,-0.44799663995506156,1.355253556351396
us,midpoint,youthful,269,507,-0.001010610408520362,-0.0012370700353523598,-0.025412237264920732,-0.03331811727539282,-1.402412724542709,-2.5398123287426655
us,midpoint,youthful,270,652,-9.87553907562666e-05,7.087851743567408e-06,-0.025412237264920732,-0.03331811727539282,-0.1367961782244659,0.014457191769090959
us,midpoint,youthful,271,1176,-9.443706007268224e-05,-0.0002603902979924841,-0.025412237264920732,-0.03331811727539282,-0.13080251622870326,-0.534678325804491
us,midpoint,youthful,272,652,-0.0005498445176194099,-0.0005668453770567572,-0.025412237264920732,-0.03331811727539282,-0.7628889799311748,-1.1638338984038876
us,midpoint,youthful,273,848,0.00011400245880709148,-0.00048496499752097993,-0.025412237264920732,-0.03331811727539282,0.15850279970596642,-0.9957325987655041
us,midpoint,youthful,274,666,0.00031452201016225756,0.0008239849582267408,-0.025412237264920732,-0.03331811727539282,0.436815532663986,1.6915557353909403
us,midpoint,youthful,275,700,-0.0007967542907273556,7.445947412387105e-05,-0.025412237264920732,-0.03331811727539282,-1.1055893963409509,0.15277185695609
us,midpoint,youthful,276,666,0.000447905094331489,5.325436450735743e-05,-0.025412237264920732,-0.03331811727539282,0.6219456630409307,0.10923753889699035
us,midpoint,youthful,277,564,-0.0003855539306031504,0.0006139669816318805,-0.025412237264920732,-0.03331811727539282,-0.5348605310205519,1.260386571139649
us,midpoint,youthful,278,708,0.0011397234173649573,-0.00026004257247704,-0.025412237264920732,-0.03331811727539282,1.5821604994128857,-0.533964441582227
us,midpoint,youthful,279,531,0.0019570490480028506,0.0007080988146514269,-0.025412237264920732,-0.03331811727539282,2.716574218385175,1.4536402365188497
us,midpoint,youthful,280,606,-0.0025826369278607528,-1.6970429568989587e-05,-0.025412237264920732,-0.03331811727539282,-3.5843196454552135,-0.03493471846185217
us,midpoint,youthful,281,748,-0.00021092549905642535,0.00033402142095771,-0.025412237264920732,-0.03331811727539282,-0.2924835871889879,0.685655324849301
us,midpoint,youthful,282,321,0.00017598342156448926,9.456625750629832e-05,-0.025412237264920732,-0.03331811727539282,0.24452977822152644,0.19405129944641955
us,midpoint,youthful,283,856,-4.309258325276358e-05,0.00011594236562266491,-0.025412237264920732,-0.03331811727539282,-0.05953853439014079,0.23793667926444692
us,midpoint,youthful,284,619,0.0001721658536301858,-0.000726902540973795,-0.025412237264920732,-0.03331811727539282,0.23923115393342895,-1.4924329770040479
us,midpoint,youthful,285,700,-0.0007362708946900935,0.0003784211751425223,-0.025412237264920732,-0.03331811727539282,-1.021640977665821,0.7768084976167831
us,midpoint,youthful,286,666,4.612172139315321e-05,0.0007621882738516397,-0.025412237264920732,-0.03331811727539282,0.06428718124282386,1.5646864778753662
us,midpoint,youthful,287,686,0.0009977969336621845,-0.0005263757316567863,-0.025412237264920732,-0.03331811727539282,1.3851724885606318,-1.080749281231747
us,midpoint,youthful,288,739,0.00016494768458297226,-0.0006851665807261972,-0.025412237264920732,-0.03331811727539282,0.22921263782910778,-1.4067486018331736
us,midpoint,youthful,289,756,-0.0004999170235224087,0.00044599268861417185,-0.025412237264920732,-0.03331811727539282,-0.6935917107223996,0.9155335413637239
us,midpoint,youthful,290,721,-0.0008935918603830313,9.096107700755363e-05,-0.025412237264920732,-0.03331811727539282,-1.2399958842955696,0.18664982511635575
us,midpoint,youthful,291,496,0.00024722407797074866,-0.0004424371157377774,-0.025412237264920732,-0.03331811727539282,0.3434088234226142,-0.9084224001665814
us,midpoint,youthful,292,991,0.0005995620623907051,-0.0002841170401421955,-0.025412237264920732,-0.03331811727539282,0.8324391783487092,-0.5833895825691051
us,midpoint,youthful,293,367,0.0002646849781998001,-0.0029970852771093945,-0.025412237264920732,-0.03331811727539282,0.36764382110644184,-6.153142545335593
us,midpoint,youthful,294,664,2.2432216655550452e-05,0.00022493537714862732,-0.025412237264920732,-0.03331811727539282,0.03140714155898125,0.4617005039180677
us,midpoint,youthful,295,1082,-0.00024447588137113674,0.0001577287266760971,-0.025412237264920732,-0.03331811727539282,-0.3390501116535021,0.32372452783165373
us,midpoint,youthful,296,856,0.00037393452365218,-0.00047086210241803483,-0.025412237264920732,-0.03331811727539282,0.5192776112470255,-0.9667792034721544
us,midpoint,youthful,297,486,-0.0018328055442388413,-0.0007911432240827673,-0.025412237264920732,-0.03331811727539282,-2.543585112472573,-1.6243197902003306
us,midpoint,youthful,298,604,-8.734692063476837e-05,0.0007939598923278821,-0.025412237264920732,-0.03331811727539282,-0.12096169985601886,1.6299139522440889
us,midpoint,youthful,299,636,0.0009674028968776789,-4.318422341939576e-05,-0.025412237264920732,-0.03331811727539282,1.3429868394009674,-0.08875191911100778
us,midpoint,youthful,300,681,0.0004832456773021486,-0.00017138306619276372,-0.025412237264920732,-0.03331811727539282,0.6709969109836941,-0.3519455218339114
us,midpoint,youthful,301,652,0.0001697210058074286,-1.6843414573065874e-05,-0.025412237264920732,-0.03331811727539282,0.23583780762570247,-0.034673955309441395
us,midpoint,youthful,302,816,-0.00041363089776393774,0.0005751427391176983,-0.025412237264920732,-0.03331811727539282,-0.5738301846572219,1.1806799837848834
us,midpoint,youthful,303,361,0.00027271137981703733,-0.00023772462697676383,-0.025412237264920732,-0.03331811727539282,0.37878413014271783,-0.4881454594875512
us,midpoint,youthful,304,1000,-0.00023826519374064992,0.0002199618328003125,-0.025412237264920732,-0.03331811727539282,-0.3304299375292953,0.45148976389095846
us,midpoint,youthful,305,556,-0.0019643436563655872,-0.0005057458370260892,-0.025412237264920732,-0.03331811727539282,-2.7261544989823734,-1.0383958857237572
us,midpoint,youthful,306,816,0.00010090523568702034,-0.0007449224937862292,-0.025412237264920732,-0.03331811727539282,0.14032440295575824,-1.5294281338947036
us,midpoint,youthful,307,652,0.0011497634623934376,-1.3924973836426657e-05,-0.025412237264920732,-0.03331811727539282,1.596095661106663,-0.02868236509542326
us,midpoint,youthful,308,632,-0.00025430227663420304,-5.173703610736324e-06,-0.025412237264920732,-0.03331811727539282,-0.3526887364275309,-0.010715913220558133
us,midpoint,youthful,309,582,-0.001752943269362442,-0.0005643184111294441,-0.025412237264920732,-0.03331811727539282,-2.4327396221905464,-1.158646010182905
us,midpoint,youthful,310,918,-0.00038660680244738746,2.079273753534394e-05,-0.025412237264920732,-0.03331811727539282,-0.5363218730116136,0.0425934696668578
us,midpoint,youthful,311,664,0.00029908510011411246,0.0003459681425474065,-0.025412237264920732,-0.03331811727539282,0.41538974852029087,0.7101820727348359
us,midpoint,youthful,312,583,-0.0005774250714135308,-3.957511348169629e-05,-0.025412237264920732,-0.03331811727539282,-0.801169632620954,-0.08134237760051695
us,midpoint,youthful,313,1000,0.0005074389198610647,0.0005873465609757822,-0.025412237264920732,-0.03331811727539282,0.7045761176504896,1.2057345612859907
us,midpoint,youthful,314,568,-4.066783925585349e-05,0.0002780045600932826,-0.025412237264920732,-0.03331811727539282,-0.056173091350083776,0.5706521071509971
us,midpoint,youthful,315,633,-0.0004791407069431458,0.00030127336602311927,-0.025412237264920732,-0.03331811727539282,-0.6647550541026473,0.6184232159320665
us,midpoint,youthful,316,553,-0.0005486328064927687,-0.00040685673263912703,-0.025412237264920732,-0.03331811727539282,-0.7612071756735249,-0.8353754910727944
us,midpoint,youthful,317,513,0.00013144945040333145,-0.0003856940846670015,-0.025412237264920732,-0.03331811727539282,0.18271849279040064,-0.7919283472262093
us,midpoint,youthful,318,696,-0.00044772518130674344,9.178120897892356e-05,-0.025412237264920732,-0.03331811727539282,-0.6211516212299425,0.18833356487237427
us,midpoint,youthful,319,913,-0.00044057631201819755,-0.0002242314388583369,-0.025412237264920732,-0.03331811727539282,-0.6112292902861096,-0.46044379918953476
us,midpoint,youthful,320,721,-0.00017177492459851187,-0.00012153511992090554,-0.025412237264920732,-0.03331811727539282,-0.2381442307490823,-0.24960715212786624
us,midpoint,youthful,321,681,-0.000894567569763003,0.0005341712957267764,-0.025412237264920732,-0.03331811727539282,-1.2413501280203212,1.096565169941537
us,midpoint,youthful,322,604,-5.4391161132153615e-05,-0.0008030479202936758,-0.025412237264920732,-0.03331811727539282,-0.07522048693242615,-1.6487602595313189
us,midpoint,youthful,323,991,0.001190983238251394,0.00047904048654733716,-0.025412237264920732,-0.03331811727539282,1.6533069823639368,0.9833810258801381
us,midpoint,youthful,324,796,0.0001913583022739307,-2.7479226830336156e-05,-0.025412237264920732,-0.03331811727539282,0.2658694682429201,-0.056509392239429856
us,midpoint,youthful,325,1035,0.0002113045812266838,0.0005611185079599998,-0.025412237264920732,-0.03331811727539282,0.29355406742622425,1.1518880864169903
us,midpoint,youthful,326,825,-0.0007090193897664222,0.00022987017140321808,-0.025412237264920732,-0.03331811727539282,-0.9838170310168877,0.4718316895860856
us,midpoint,youthful,327,780,0.00022086940272045621,-0.0002703973750679822,-0.025412237264920732,-0.03331811727539282,0.30682963877174546,-0.5552229626455756
us,midpoint,youthful,328,739,-0.00035937721967686104,-3.9619101992689754e-05,-0.025412237264920732,-0.03331811727539282,-0.4985283533924278,-0.08143268648659054
us,midpoint,youthful,329,816,-0.0004650507319092813,0.0003875843112366231,-0.025412237264920732,-0.03331811727539282,-0.6451987593050424,0.7956205145482469
us,midpoint,youthful,330,748,-0.0002354762315069682,-0.00016533224485170556,-0.025412237264920732,-0.03331811727539282,-0.32655897484198193,-0.33952312055684963
us,midpoint,youthful,331,543,-0.00019882798074807861,-0.00030012426048534047,-0.025412237264920732,-0.03331811727539282,-0.2756927388170897,-0.6162525780576017
us,midpoint,youthful,332,856,-0.00030235076674007405,-0.00029623328065023213,-0.025412237264920732,-0.03331811727539282,-0.4193780268508151,-0.608264354616812
us,midpoint,youthful,333,889,1.3649476673826405e-05,0.00019529250790559227,-0.025412237264920732,-0.03331811727539282,0.01921706657300751,0.4008433746153444
us,midpoint,youthful,334,685,-0.00010081298693403323,-0.0002636544869475885,-0.025412237264920732,-0.03331811727539282,-0.1396520354797213,-0.5413797408288138
us,midpoint,youthful,335,619,0.0009225735252853737,-0.0006438699538561451,-0.025412237264920732,-0.03331811727539282,1.2807655505524491,-1.3219661828105085
us,midpoint,youthful,336,744,0.0007353492588750149,0.0008205067914524578,-0.025412237264920732,-0.03331811727539282,1.0209061158560586,1.6844150216029619
us,midpoint,youthful,337,526,0.00027575024256868905,-0.00032844911589394177,-0.025412237264920732,-0.03331811727539282,0.3830019442749592,-0.6744038107857632
us,midpoint,youthful,338,498,0.0003511925130443745,0.00030616256134673864,-0.025412237264920732,-0.03331811727539282,0.4877126537032705,0.6284607865044795
us,midpoint,youthful,339,769,-0.00045007342886511925,0.0003523088790464493,-0.025412237264920732,-0.03331811727539282,-0.6244108904194889,0.7231996729486685
us,midpoint,youthful,340,780,0.00026432765267426703,-2.8537590866593854e-05,-0.025412237264920732,-0.03331811727539282,0.36714786825349227,-0.05868222498634826
us,midpoint,youthful,341,1082,0.00012458845232364568,0.0005020297522114262,-0.025412237264920732,-0.03331811727539282,0.17319571501899567,1.0305782354897595
us,midpoint,youthful,342,744,0.0003549452466428925,0.0008823551641781377,-0.025412237264920732,-0.03331811727539282,0.4929212906506821,1.811390395858074
us,midpoint,youthful,343,748,0.00014690449665485592,0.00027305159709282295,-0.025412237264920732,-0.03331811727539282,0.20416944922424843,0.5604836208523437
us,midpoint,youthful,344,1000,-0.0002021190123868491,5.7413082232914137e-05,-0.025412237264920732,-0.03331811727539282,-0.280260552795564,0.117775431105829
us,midpoint,youthful,345,825,7.335200335379863e-05,-0.0003820642558071616,-0.025412237264920732,-0.03331811727539282,0.1020816713085899,-0.7844762695457757
us,midpoint,youthful,346,762,0.00027080254059704337,-3.6808007997019e-05,-0.025412237264920732,-0.03331811727539282,0.3761347413100399,-0.0756614802860693
us,midpoint,youthful,347,661,-0.0003831741126427146,0.0001292199734537411,-0.025412237264920732,-0.03331811727539282,-0.5315574434361481,0.26519575091441927
us,midpoint,youthful,348,664,-0.0006199311743636492,-0.00017266302155229812,-0.025412237264920732,-0.03331811727539282,-0.8601663219686614,-0.35457328395026594
us,midpoint,youthful,349,882,-0.00035249234084238495,-0.00029192820927906316,-0.025412237264920732,-0.03331811727539282,-0.48897243013428165,-0.5994259967998055
us,midpoint,youthful,350,796,-0.0007411568345578566,-3.1360487351923816e-05,-0.025412237264920732,-0.03331811727539282,-1.0284224574191703,-0.06447766182505082
us,midpoint,youthful,351,596,-0.00015908311066821848,0.0007507721544013357,-0.025412237264920732,-0.03331811727539282,-0.22052852496247738,1.5412490618875152
us,midpoint,youthful,352,556,0.0002519737631741688,-0.0004771745326334481,-0.025412237264920732,-0.03331811727539282,0.3500011874126609,-0.9797386905813209
us,midpoint,youthful,353,307,0.0014991138178553666,0.0003660227759121823,-0.025412237264920732,-0.03331811727539282,2.0809793122587186,0.7513544506781631
us,midpoint,youthful,354,640,-7.670744841841229e-05,4.7850660215870144e-05,-0.025412237264920732,-0.03331811727539282,-0.1061945583491032,0.09814367588108171
us,midpoint,youthful,355,664,-0.00020353577915272966,-0.0005850889621149616,-0.025412237264920732,-0.03331811727539282,-0.2822269656860353,-1.2012881746998045
us,midpoint,youthful,356,816,0.00020142664988880357,0.00020557521332598833,-0.025412237264920732,-0.03331811727539282,0.27984391274037157,0.421953879412308
us,midpoint,youthful,357,744,0.00012550733690898028,-0.00032031765446652316,-0.025412237264920732,-0.03331811727539282,0.17447108831047337,-0.6577098330384912
us,midpoint,youthful,358,556,0.0013717602537279897,-0.0010202478437637275,-0.025412237264920732,-0.03331811727539282,1.9042179029861883,-2.0946740379441255
us,midpoint,youthful,359,1176,-0.003359691882131626,0.0005559596505733538,-0.025412237264920732,-0.03331811727539282,-4.6628393534842925,1.141296896729535
us,midpoint,youthful,360,588,0.00010575879954132644,0.0004964715541548731,-0.025412237264920732,-0.03331811727539282,0.14706094615939624,1.0191671951129149
us,midpoint,youthful,361,685,0.00030489227703097907,-0.00038558889254426687,-0.025412237264920732,-0.03331811727539282,0.4234498666862307,-0.7917123866671149
us,midpoint,youthful,362,841,3.5821223995428225e-05,-0.0004611408709300699,-0.025412237264920732,-0.03331811727539282,0.04999052257680619,-0.9468214106959442
us,midpoint,youthful,363,551,7.176559361186594e-05,-0.00040933627880297,-0.025412237264920732,-0.03331811727539282,0.09987980107755949,-0.8404660260094731
us,midpoint,youthful,364,664,0.0004114358492726018,0.0007559193022411564,-0.025412237264920732,-0.03331811727539282,0.5713278794250233,1.5518162117494267
us,midpoint,youthful,365,616,0.0012937348823986068,0.0007136635189584489,-0.025412237264920732,-0.03331811727539282,1.7959219578377685,1.465064634297868
us,midpoint,youthful,366,616,3.3379944434613895e-05,-0.0005167699755915175,-0.025412237264920732,-0.03331811727539282,0.04660212886710081,-1.0610285607400276
us,midpoint,youthful,367,649,0.0025774736549729754,0.0004944812194094816,-0.025412237264920732,-0.03331811727539282,3.5776975691671584,1.0150810164787583
us,midpoint,youthful,368,666,0.00037457020206824176,-0.00020580588955291385,-0.025412237264920732,-0.03331811727539282,0.5201599062454978,-0.4226159483374347
us,midpoint,youthful,369,801,7.450007229256594e-05,-4.927575135537515e-05,-0.025412237264920732,-0.03331811727539282,0.10367514287688898,-0.10125789146515675
us,midpoint,youthful,370,816,8.804367717271319e-05,-0.000361315063855866,-0.025412237264920732,-0.03331811727539282,0.12247309880100211,-0.7418779553558051
us,midpoint,youthful,371,636,0.00046168800415131994,-0.00029262043566789103,-0.025412237264920732,-0.03331811727539282,0.6410757641914001,-0.6008471450195094
us,midpoint,youthful,372,511,-7.191544237437203e-05,-0.00048717751393302644,-0.025412237264920732,-0.03331811727539282,-0.09954345480605793,-1.0002749187504005
us,midpoint,youthful,373,616,-2.387021799603317e-06,-6.514583654550904e-05,-0.025412237264920732,-0.03331811727539282,-0.00304092117459149,-0.1338393470099212
us,midpoint,youthful,374,632,0.0008140182939505303,-0.00018004295950110882,-0.025412237264920732,-0.03331811727539282,1.1300954393064022,-0.36972437591490004
us,midpoint,youthful,375,996,0.00025958896453224037,-0.0002096394320666925,-0.025412237264920732,-0.03331811727539282,0.36057076772374275,-0.4304862523399169
us,midpoint,youthful,376,578,0.000821838123712202,0.0003592436997630552,-0.025412237264920732,-0.03331811727539282,1.1409490352651448,0.7374369344492856
us,midpoint,youthful,377,604,1.6157030409760798e-05,-0.00014746860796207434,-0.025412237264920732,-0.03331811727539282,0.022697446060047553,-0.3028488819365575
us,midpoint,youthful,378,909,0.00019058172238909168,9.154350591159682e-05,-0.025412237264920732,-0.03331811727539282,0.26479160791135103,0.18784555791915547
us,midpoint,youthful,379,744,-3.732325118538382e-05,-0.000971112511374557,-0.025412237264920732,-0.03331811727539282,-0.051530943289107574,-1.9937986722019032
us,midpoint,youthful,380,578,6.024583059477742e-05,-0.0005009332668530209,-0.025412237264920732,-0.03331811727539282,0.08389085283462284,-1.0285156274093679
us,midpoint,youthful,381,826,-9.529781793105388e-05,-0.0001243882196803811,-0.025412237264920732,-0.03331811727539282,-0.1319972120594065,-0.2554645966131625
us,midpoint,youthful,382,456,-0.0003817735160902905,0.00015545045326988832,-0.025412237264920732,-0.03331811727539282,-0.5296134741242164,0.3190472080306638
us,midpoint,youthful,383,514,-0.0005090561826221057,-2.2284812250243646e-05,-0.025412237264920732,-0.03331811727539282,-0.7062764805056194,-0.04584520325148577
us,midpoint,youthful,384,666,-0.0006236029827789424,0.0004416972483097456,-0.025412237264920732,-0.03331811727539282,-0.8652626381535529,0.9067149562303021
us,midpoint,youthful,385,649,-4.955853063541918e-05,5.0176886793984465e-05,-0.025412237264920732,-0.03331811727539282,-0.06851299835172331,0.10291944405962933
us,midpoint,youthful,386,498,1.0403566319580615e-05,-5.715289149828273e-05,-0.025412237264920732,-0.03331811727539282,0.014711879046297012,-0.11742974488063658
us,midpoint,youthful,387,687,0.00012589672267113855,-0.00016261630516385683,-0.025412237264920732,-0.03331811727539282,0.17501153942812653,-0.3339472671734717
us,midpoint,youthful,388,1000,7.057547379049622e-05,-7.737718240721086e-05,-0.025412237264920732,-0.03331811727539282,0.0982279646466758,-0.15895043158641894
us,midpoint,youthful,389,864,3.4114413235832725e-05,4.774519324547699e-06,-0.025412237264920732,-0.03331811727539282,0.04762154077959583,0.009707895437814166
us,midpoint,youthful,390,848,0.0002933400569690575,0.0002828639456383675,-0.025412237264920732,-0.03331811727539282,0.40741586942542934,0.5806284779275372
us,midpoint,youthful,391,588,0.000308344519087185,-0.00027481075674650607,-0.025412237264920732,-0.03331811727539282,0.4282414339673358,-0.5642836826882314
us,midpoint,youthful,392,996,0.0009164269118988322,-0.0011644126039658531,-0.025412237264920732,-0.03331811727539282,1.2722343087933117,-2.3906458408281623
us,midpoint,youthful,393,796,0.00026109431090696675,0.00015592438152518817,-0.025412237264920732,-0.03331811727539282,0.36266012539867826,0.32002018783489694
us,midpoint,youthful,394,616,-0.0014396961936337903,2.5240587814862048e-05,-0.025412237264920732,-0.03331811727539282,-1.9979658101210598,0.051724954117992286
us,midpoint,youthful,395,577,-0.00013744422940327808,0.00025055743006279635,-0.025412237264920732,-0.03331811727539282,-0.19049466471145057,0.514302854062198
us,midpoint,youthful,396,649,0.00021954884775434932,-0.0004022591306093587,-0.025412237264920732,-0.03331811727539282,0.3049967638268603,-0.8259365646681308
us,midpoint,youthful,397,848,-6.40281196435527e-05,-0.0010152366292057943,-0.025412237264920732,-0.03331811727539282,-0.0885961814349534,-2.084385960571606
us,midpoint,youthful,398,856,0.00013201061843910386,1.8410468306480354e-05,-0.025412237264920732,-0.03331811727539282,0.1834973705039652,0.03770264532370099
us,midpoint,youthful,399,744,9.870694529674762e-05,-0.0003359084917936017,-0.025412237264920732,-0.03331811727539282,0.13727326803042372,-0.6897179897176791
us,midpoint,youthful,400,889,0.00032003942974742974,-0.0003335443361150922,-0.025412237264920732,-0.03331811727539282,0.4444734797980564,-0.6848643526881724
us,midpoint,youthful,401,531,-0.0002503258094859219,-0.00016011325554952244,-0.025412237264920732,-0.03331811727539282,-0.3471695666903331,-0.328808479400204
us,midpoint,youthful,402,648,0.00014130379346028593,-0.000311395351219268,-0.025412237264920732,-0.03331811727539282,0.1963959079309778,-0.6393922485312526
us,midpoint,youthful,403,640,0.0002693508165053926,0.00042632394389197775,-0.025412237264920732,-0.03331811727539282,0.37411980911655673,0.8751533969530384
us,midpoint,youthful,404,681,0.0006041025975730661,-0.00016428240735483907,-0.025412237264920732,-0.03331811727539282,0.8387412508755755,-0.3373677928869864
us,midpoint,youthful,405,661,0.00011699417580928947,0.0005951325878141359,-0.025412237264920732,-0.03331811727539282,0.16265517751397338,1.2217193581074892
us,midpoint,youthful,406,808,0.0004924228267755293,-0.0004547071402505945,-0.025412237264920732,-0.03331811727539282,0.6837344098133065,-0.9336128924297264
us,midpoint,youthful,407,1041,0.0009970313388096286,0.00023050615733520574,-0.025412237264920732,-0.03331811727539282,1.384109874993459,0.4731373755431486
us,midpoint,youthful,408,769,-0.00023993406094353908,0.0001489443697194892,-0.025412237264920732,-0.03331811727539282,-0.33274625526011553,0.3056901485424366
us,midpoint,youthful,409,561,0.0026522550865153843,0.0004283426855411568,-0.025412237264920732,-0.03331811727539282,3.681491061853649,0.8792978952661276
us,midpoint,youthful,410,681,-0.00034871058578890904,1.1817713568632038e-06,-0.025412237264920732,-0.03331811727539282,-0.48372351262375696,0.0023319452277026824
us,midpoint,youthful,411,848,0.0004750057186579046,-0.0004572785570410576,-0.025412237264920732,-0.03331811727539282,0.6595601937446919,-0.9388920387507317
us,midpoint,youthful,412,578,0.0007929352492576265,-0.000626574469021389,-0.025412237264920732,-0.03331811727539282,1.100833056920731,-1.2864583664681564
us,midpoint,youthful,413,664,-8.973548246913807e-05,0.0010858461752602105,-0.025412237264920732,-0.03331811727539282,-0.12427692357096322,2.229159629727813
us,midpoint,youthful,414,636,-0.0007790745859824026,-0.0005408908388934222,-0.025412237264920732,-0.03331811727539282,-1.0810507071597477,-1.1105489524680392
us,midpoint,charismatic,0,542,-0.0006787171409058448,9.495856920582746e-05,0.022379482371371686,-0.03921606588590473,-0.9082990861434,0.18933902752592952
us,midpoint,charismatic,1,553,0.00038544473182044667,0.00023938498478156406,0.022379482371371686,-0.03921606588590473,0.5152899115000914,0.4770823235954158
us,midpoint,charismatic,2,632,-0.0016978268467589958,-0.0002999559514038491,0.022379482371371686,-0.03921606588590473,-2.2716192743845296,-0.5974561399158617
us,midpoint,charismatic,3,469,-0.0014751755494772124,0.0009765319209615944,0.022379482371371686,-0.03921606588590473,-1.9737661514293137,1.9457131710648392
us,midpoint,charismatic,4,666,-0.0006276252982537027,-0.00016635309046517804,0.022379482371371686,-0.03921606588590473,-0.8399506638469083,-0.3312768027249659
us,midpoint,charismatic,5,541,-0.0004706552369324983,0.0003458375004276523,0.022379482371371686,-0.03921606588590473,-0.6299630125473902,0.6891695488082525
us,midpoint,charismatic,6,346,-0.00044612200698001744,0.0001599870038001272,0.022379482371371686,-0.03921606588590473,-0.5971435354244841,0.31889632515608907
us,midpoint,charismatic,7,708,-0.00030851695601994203,-0.0004667236865087687,0.022379482371371686,-0.03921606588590473,-0.4130615441527294,-0.9297104410825948
us,midpoint,charismatic,8,993,-0.00031603908010011117,-0.0002493927016853012,0.022379482371371686,-0.03921606588590473,-0.4231243112503739,-0.49671808534322054
us,midpoint,charismatic,9,571,-0.0008611273453769386,0.00023837135235828255,0.022379482371371686,-0.03921606588590473,-1.152319443194605,0.4750628458335726
us,midpoint,charismatic,10,583,0.0004896132078022683,0.00018694547603242267,0.022379482371371686,-0.03921606588590473,0.6546419218564645,0.37260616505065197
us,midpoint,charismatic,11,561,0.0009628120599745917,0.0007116380321762067,0.022379482371371686,-0.03921606588590473,1.2876665555282563,1.417960402543064
us,midpoint,charismatic,12,769,-0.0003150576352564001,-0.0003270631361099799,0.022379482371371686,-0.03921606588590473,-0.42181137745983927,-0.6514622622959896
us,midpoint,charismatic,13,825,0.0005778422811786137,-0.0003219912620895937,0.022379482371371686,-0.03921606588590473,0.7726708997309153,-0.6413574781949827
us,midpoint,charismatic,14,1041,-0.000363223792850937,0.00025178882037352884,0.022379482371371686,-0.03921606588590473,-0.4862459468310176,0.5017947041035669
us,midpoint,charismatic,15,471,0.0009329734725343729,0.0021203906149803026,0.022379482371371686,-0.03921606588590473,1.2477498042577997,4.224643029862606
us,midpoint,charismatic,16,531,-0.001985374227278562,0.0003074383602675104,0.022379482371371686,-0.03921606588590473,-2.6562875261798538,0.6126662643372804
us,midpoint,charismatic,17,648,0.0006634405334065285,0.00013078774388301795,0.022379482371371686,-0.03921606588590473,0.8871804806624193,0.2607221244197097
us,midpoint,charismatic,18,582,-0.0008327425260590306,0.0010622181358029836,0.022379482371371686,-0.03921606588590473,-1.1143474790444992,2.1164273287754845
us,midpoint,charismatic,19,442,0.00027674986618915834,-0.00023036322375782903,0.022379482371371686,-0.03921606588590473,0.36988269594498296,-0.4588053207045316
us,midpoint,charismatic,20,1000,-0.0007319252740979366,-0.00018033635960646582,0.022379482371371686,-0.03921606588590473,-0.9794785889415555,-0.35913591656159594
us,midpoint,charismatic,21,758,0.00015563324837406314,-5.5042511742119105e-05,0.022379482371371686,-0.03921606588590473,0.2078582060883456,-0.10951077272625562
us,midpoint,charismatic,22,511,-0.0003106374878513417,0.0004766673549290862,0.022379482371371686,-0.03921606588590473,-0.4158982984677468,0.9498241763461962
us,midpoint,charismatic,23,618,0.00022047011371719924,-0.00017798046373272008,0.022379482371371686,-0.03921606588590473,0.29459411583083034,-0.354442223643955
us,midpoint,charismatic,24,711,-2.6530132419707447e-05,-5.0387128485963883e-05,0.022379482371371686,-0.03921606588590473,-0.03583196109193786,-0.10023577052355716
us,midpoint,charismatic,25,609,0.00032495094331608937,0.00018526370248530405,0.022379482371371686,-0.03921606588590473,0.4343639791323514,0.36925553793883653
us,midpoint,charismatic,26,1128,0.0011949560509759392,3.349796212793327e-05,0.022379482371371686,-0.03921606588590473,1.5982185870645043,0.06688997560889294
us,midpoint,charismatic,27,541,0.0002684797608229067,-0.00019668682073517574,0.022379482371371686,-0.03921606588590473,0.35881931234659653,-0.39171122876245756
us,midpoint,charismatic,28,825,-0.00015742649118441823,0.00017424021575983967,0.022379482371371686,-0.03921606588590473,-0.21093935870208122,0.34729325083284657
us,midpoint,charismatic,29,783,0.00046716204579129103,-0.00011788061098601255,0.022379482371371686,-0.03921606588590473,0.6246077437466466,-0.23470422659064005
us,midpoint,charismatic,30,708,0.00017896720264877833,-0.0005205293988898088,0.022379482371371686,-0.03921606588590473,0.23907334490167226,-1.0369085112290386
us,midpoint,charismatic,31,1000,0.00036070386927011464,0.00025232957563172537,0.022379482371371686,-0.03921606588590473,0.4821926726104572,0.5028720603457757
us,midpoint,charismatic,32,721,4.052951844295272e-06,-0.000231273608395359,0.022379482371371686,-0.03921606588590473,0.005080745318693162,-0.4606190960810764
us,midpoint,charismatic,33,618,0.0010598000296465938,0.0002809186294493171,0.022379482371371686,-0.03921606588590473,1.4174128000306239,0.5598305367033638
us,midpoint,charismatic,34,786,0.001302188339410256,8.262054580270017e-05,0.022379482371371686,-0.03921606588590473,1.7416692311062218,0.16475776580281623
us,midpoint,charismatic,35,561,-0.0021755682082490006,0.0006894911381087818,0.022379482371371686,-0.03921606588590473,-2.9107206774389502,1.3738367547237993
us,midpoint,charismatic,36,841,-0.00015000394973107775,-0.00034156928681950555,0.022379482371371686,-0.03921606588590473,-0.20100980886728267,-0.6803631223069533
us,midpoint,charismatic,37,578,-0.0006464196747631712,0.0010804609070321283,0.022379482371371686,-0.03921606588590473,-0.8650929549796506,2.152772723778125
us,midpoint,charismatic,38,574,-0.00031849226249959506,-5.417383554543603e-05,0.022379482371371686,-0.03921606588590473,-0.4264060708798285,-0.10778009381233065
us,midpoint,charismatic,39,666,1.0477233271053571e-05,-9.132438049277991e-05,0.022379482371371686,-0.03921606588590473,0.013674866750114555,-0.18179578001012756
us,midpoint,charismatic,40,673,-0.00039042752739398834,-0.0006016516699767563,0.022379482371371686,-0.03921606588590473,-0.5226379076622085,-1.1985298432696445
us,midpoint,charismatic,41,649,-0.001023300031348151,-0.0009236345935577997,0.022379482371371686,-0.03921606588590473,-1.3692669371650938,-1.8400221031167672
us,midpoint,charismatic,42,664,-0.0008473664700795053,0.00016710815622911906,0.022379482371371686,-0.03921606588590473,-1.1339107488282276,0.33308392278885607
us,midpoint,charismatic,43,913,0.0002994522243974819,-0.00011431419315998531,0.022379482371371686,-0.03921606588590473,0.4002529132908955,-0.22759878942853096
us,midpoint,charismatic,44,816,-0.00010371603376260752,0.00040685279824677345,0.022379482371371686,-0.03921606588590473,-0.13908786861984324,0.8107314032318192
us,midpoint,charismatic,45,748,-0.0007719367413681205,-4.032976690072909e-05,0.022379482371371686,-0.03921606588590473,-1.0330041718864509,-0.08019831158114836
us,midpoint,charismatic,46,1176,0.00017627557190199802,0.00032430131432448217,0.022379482371371686,-0.03921606588590473,0.23547259954982208,0.64626262524175
us,midpoint,charismatic,47,718,-0.00013101039054135705,0.00015974560109730668,0.022379482371371686,-0.03921606588590473,-0.17560105989631536,0.31841537429185307
us,midpoint,charismatic,48,721,0.000713152161039475,0.000541826911607729,0.022379482371371686,-0.03921606588590473,0.953682511948232,1.0796427108185633
us,midpoint,charismatic,49,848,0.0003792569379705707,-0.00023713485092165254,0.022379482371371686,-0.03921606588590473,0.5070121527585553,-0.4722965529843389
us,midpoint,charismatic,50,616,7.719576799004521e-05,2.777058475966765e-05,0.022379482371371686,-0.03921606588590473,0.10292799110940189,0.055479220621940314
us,midpoint,charismatic,51,664,0.00040363639771930776,0.0003236491339950534,0.022379482371371686,-0.03921606588590473,0.539625922859038,0.6449632748640963
us,midpoint,charismatic,52,664,-0.0002368834808099858,0.0007256930724866134,0.022379482371371686,-0.03921606588590473,-0.31723342835056656,1.4459625073462894
us,midpoint,charismatic,53,700,-0.00038649059045381753,0.00054071098133706,0.022379482371371686,-0.03921606588590473,-0.5173712463994019,1.0774194232503855
us,midpoint,charismatic,54,796,0.00014165980169690562,-0.00045535430986918396,0.022379482371371686,-0.03921606588590473,0.1891651430698438,-0.9070590313976815
us,midpoint,charismatic,55,616,0.00010840631745479348,0.0005499474716597272,0.022379482371371686,-0.03921606588590473,0.14468009289688202,1.0958214458925972
us,midpoint,charismatic,56,640,0.0002852192751512661,-0.00037041032263922247,0.022379482371371686,-0.03921606588590473,0.3812126991371767,-0.7378236268534474
us,midpoint,charismatic,57,1000,-0.0005081795749362211,0.00021388575965184536,0.022379482371371686,-0.03921606588590473,-0.6801614232357001,0.4262797674508612
us,midpoint,charismatic,58,556,0.0011490686022640022,-0.0009863654115132084,0.022379482371371686,-0.03921606588590473,1.536832374317672,-1.9650018185771887
us,midpoint,charismatic,59,541,-0.00042683860085448305,-0.0012252051663892635,0.022379482371371686,-0.03921606588590473,-0.5713470419576836,-2.44084647640175
us,midpoint,charismatic,60,585,2.2428920953478093e-05,-3.507165363651754e-05,0.022379482371371686,-0.03921606588590473,0.029663309414745674,-0.06972247974858783
us,midpoint,charismatic,61,909,1.944270922450697e-05,-3.10951085354394e-05,0.022379482371371686,-0.03921606588590473,0.025668486567817148,-0.06179993877994372
us,midpoint,charismatic,62,1000,-0.00018538570263074844,0.00038024048216640793,0.022379482371371686,-0.03921606588590473,-0.2483419633413672,0.7577112163464652
us,midpoint,charismatic,63,751,0.0004790625762315301,-0.0003502352021730673,0.022379482371371686,-0.03921606588590473,0.640527750500359,-0.6976283783707612
us,midpoint,charismatic,64,648,-0.00011882475485693045,-0.000159048970183151,0.022379482371371686,-0.03921606588590473,-0.15929965187349338,-0.3167246750102383
us,midpoint,charismatic,65,732,-0.0005232780703836211,-8.046883055244647e-06,0.022379482371371686,-0.03921606588590473,-0.7003595270681772,-0.015880552483562377
us,midpoint,charismatic,66,380,0.00017903040580371718,-0.00014302710052568196,0.022379482371371686,-0.03921606588590473,0.23915789530541565,-0.28480402139533034
us,midpoint,charismatic,67,876,0.0002026651389889153,0.00021066779974751593,0.022379482371371686,-0.03921606588590473,0.27077540292997376,0.41986856915448284
us,midpoint,charismatic,68,961,-0.00027343091850777143,0.00012102650426341205,0.022379482371371686,-0.03921606588590473,-0.366124984731304,0.24127463449431874
us,midpoint,charismatic,69,664,-7.557542026665268e-05,-4.237566034280549e-05,0.022379482371371686,-0.03921606588590473,-0.10144259228876469,-0.08427438118436649
us,midpoint,charismatic,70,769,6.623054540570716e-06,2.574756226659397e-05,0.022379482371371686,-0.03921606588590473,0.008518915784111304,0.05144871721396455
us,midpoint,charismatic,72,463,-0.00028730219230048426,-0.00019038143742632768,0.022379482371371686,-0.03921606588590473,-0.3846813653541282,-0.3791489023415125
us,midpoint,charismatic,73,666,0.00029609454444232824,0.0002706631840857371,0.022379482371371686,-0.03921606588590473,0.39576115657204314,0.5393984319542876
us,midpoint,charismatic,74,796,-0.0008136263640321252,0.0004223875227144791,0.022379482371371686,-0.03921606588590473,-1.0887747173847022,0.8416815088897753
us,midpoint,charismatic,75,796,0.0004728061917444182,-0.00038191325903479817,0.022379482371371686,-0.03921606588590473,0.6321582342179703,-0.7607411299968035
us,midpoint,charismatic,76,796,0.0004674710371744828,0.00012569897444626027,0.022379482371371686,-0.03921606588590473,0.6250210988430396,0.2505836792825563
us,midpoint,charismatic,77,342,5.028492420968561e-05,-0.0018471392753630564,0.022379482371371686,-0.03921606588590473,0.0669278466719059,-3.67993677536658
us,midpoint,charismatic,78,1176,3.6130290265896925e-06,0.0002774022046831415,0.022379482371371686,-0.03921606588590473,0.0044922359018940644,0.5528247015964948
us,midpoint,charismatic,79,664,0.000248399983103699,1.9923728587917244e-05,0.022379482371371686,-0.03921606588590473,0.3319574679516665,0.03984579061786582
us,midpoint,charismatic,80,748,0.00042288887707200504,-0.00010435947805253337,0.022379482371371686,-0.03921606588590473,0.5653810438479552,-0.20776583487494482
us,midpoint,charismatic,81,648,-0.0008111466958226586,-4.2333692376647636e-05,0.022379482371371686,-0.03921606588590473,-1.08545752620235,-0.08419076766489046
us,midpoint,charismatic,82,721,-4.530629316099738e-05,-0.0005385451011280656,0.022379482371371686,-0.03921606588590473,-0.060949883970350366,-1.0728015126746364
us,midpoint,charismatic,83,666,-0.00024731204297076537,-0.00010931724963567091,0.022379482371371686,-0.03921606588590473,-0.33118430061334825,-0.2176432906769518
us,midpoint,charismatic,84,876,-3.793983094254119e-05,-1.623976124134202e-05,0.022379482371371686,-0.03921606588590473,-0.05109535447204728,-0.03220336825217237
us,midpoint,charismatic,85,889,-0.0002821643054488239,-0.00029618326219538194,0.022379482371371686,-0.03921606588590473,-0.3778081260654264,-0.589939744638982
us,midpoint,charismatic,86,389,-0.0012820237975650801,-6.735736734693465e-05,0.022379482371371686,-0.03921606588590473,-1.7153762241589159,-0.13404587683601044
us,midpoint,charismatic,87,588,0.0009183929720608455,6.16726762706285e-05,0.022379482371371686,-0.03921606588590473,1.2282446513424141,0.12302295572140827
us,midpoint,charismatic,88,589,0.00013729034446047575,0.00014526875037532833,0.022379482371371686,-0.03921606588590473,0.1833198751581873,0.2895728891630607
us,midpoint,charismatic,89,924,-0.0007268164989218048,0.0005074229169180627,0.022379482371371686,-0.03921606588590473,-0.9726442939733068,1.0110990251603784
us,midpoint,charismatic,90,711,-9.39445185905996e-06,0.0005356093161900249,0.022379482371371686,-0.03921606588590473,-0.012908600522013055,1.0672552857621094
us,midpoint,charismatic,91,604,-0.0003596341665740091,-0.0008245510737137918,0.022379482371371686,-0.03921606588590473,-0.481443902513836,-1.6426162582619501
us,midpoint,charismatic,92,633,-0.0008394913835168064,-0.00031873223783060456,0.022379482371371686,-0.03921606588590473,-1.1233758040294377,-0.6348644666602596
us,midpoint,charismatic,93,1176,-0.0004146330659381345,0.0001600985817197531,0.022379482371371686,-0.03921606588590473,-0.5550190136167017,0.31911862381408557
us,midpoint,charismatic,94,601,0.00036808448924286613,-0.0001599619337980876,0.022379482371371686,-0.03921606588590473,0.49206614173041247,-0.31854358852897485
us,midpoint,charismatic,95,480,0.0002451293820317814,-5.529223535631622e-05,0.022379482371371686,-0.03921606588590473,0.32758220153685436,-0.11000830148904474
us,midpoint,charismatic,96,421,0.0005376862224852827,0.00015722332896392355,0.022379482371371686,-0.03921606588590473,0.718951888732994,0.3133902070165267
us,midpoint,charismatic,97,708,-0.0006507274736739233,-0.0010926214710127585,0.022379482371371686,-0.03921606588590473,-0.8708557390922745,-2.176697640742926
us,midpoint,charismatic,98,758,0.00018644418668332247,-5.429739186722793e-05,0.022379482371371686,-0.03921606588590473,0.24907572562958133,-0.10802625725231424
us,midpoint,charismatic,99,618,0.0003552643273718563,-0.0007890083421708896,0.022379482371371686,-0.03921606588590473,0.4749158924541237,-1.5718038470787308
us,midpoint,charismatic,100,648,0.0001970861989049992,-0.000405397236803412,0.022379482371371686,-0.03921606588590473,0.26331214200555425,-0.8075286732659914
us,midpoint,charismatic,101,618,0.0006530549736652631,-0.00015990331594095686,0.022379482371371686,-0.03921606588590473,0.8732871351470821,-0.31842680313793614
us,midpoint,charismatic,102,542,-0.0014249015198407738,0.00021584376468561373,0.022379482371371686,-0.03921606588590473,-1.9065117634532798,0.4301807354274687
us,midpoint,charismatic,103,685,-0.0009472023478474291,0.00015207477515859213,0.022379482371371686,-0.03921606588590473,-1.2674667996538262,0.3031326524270044
us,midpoint,charismatic,104,609,0.0006045480123941238,0.001218315919006438,0.022379482371371686,-0.03921606588590473,0.8083966535911112,2.427423696503992
us,midpoint,charismatic,105,606,0.0009434232005642515,0.0010570766686734817,0.022379482371371686,-0.03921606588590473,1.261728991290305,2.1061838930952574
us,midpoint,charismatic,106,578,-0.00030045880478795847,-0.0010156643454262843,0.022379482371371686,-0.03921606588590473,-0.40228170348261577,-2.0233746015744205
us,midpoint,charismatic,107,576,-0.0015336917949181836,-3.297818524275464e-05,0.022379482371371686,-0.03921606588590473,-2.0520466135734394,-0.06555162572969304
us,midpoint,charismatic,108,587,0.0001915985143881374,-0.0001269381244823689,0.022379482371371686,-0.03921606588590473,0.2559709587692776,-0.2527496705438532
us,midpoint,charismatic,110,721,-0.0002759492668063489,-0.000436013968756796,0.022379482371371686,-0.03921606588590473,-0.3694939204373957,-0.8685269285506895
us,midpoint,charismatic,111,702,0.00025609498171507566,-0.00011978313389311712,0.022379482371371686,-0.03921606588590473,0.3422514990016356,-0.23849465654734625
us,midpoint,charismatic,112,848,-0.000369062059624746,0.00010976517792324336,0.022379482371371686,-0.03921606588590473,-0.4940561236072341,0.21883849532741526
us,midpoint,charismatic,113,769,-0.00046257492811584144,-0.00034123234343928083,0.022379482371371686,-0.03921606588590473,-0.6191535304340303,-0.6796918240653665
us,midpoint,charismatic,114,649,-0.00035833586351735267,-0.00014518489698749776,0.022379482371371686,-0.03921606588590473,-0.4797070897277061,-0.2891030373592373
us,midpoint,charismatic,115,478,-0.001310892220096501,0.0005642110765207639,0.022379482371371686,-0.03921606588590473,-1.7539951314401625,1.1242390775300395
us,midpoint,charismatic,116,786,-0.00030274367673448557,-4.6533747041686835e-05,0.022379482371371686,-0.03921606588590473,-0.40533830478309935,-0.09255861068150711
us,midpoint,charismatic,117,556,-0.0001223029992262932,-0.0004169923615210888,0.022379482371371686,-0.03921606588590473,-0.16395269436848026,-0.8306298448300776
us,midpoint,charismatic,118,585,5.2385255222518745e-06,0.00020248145316083266,0.022379482371371686,-0.03921606588590473,0.006666753694947827,0.40355876640663174
us,midpoint,charismatic,119,639,7.152646594488568e-05,-0.0007069593883084549,0.022379482371371686,-0.03921606588590473,0.09534384792343124,-1.4083362685937568
us,midpoint,charismatic,120,993,2.7245028700596113e-05,-3.918787371983562e-05,0.022379482371371686,-0.03921606588590473,0.036106086755281194,-0.07792329764883031
us,midpoint,charismatic,121,889,-0.00029786439862770214,0.00021397731829448513,0.022379482371371686,-0.03921606588590473,-0.3988110209108964,0.42646218135009006
us,midpoint,charismatic,122,801,-0.000948569359648644,0.0004758249233074302,0.022379482371371686,-0.03921606588590473,-1.2692955279795957,0.9481457849621676
us,midpoint,charismatic,123,577,0.00012195443714229856,0.00022670400725227635,0.022379482371371686,-0.03921606588590473,0.16280417215606266,0.45181778831553215
us,midpoint,charismatic,124,571,-0.000624537229585765,0.00012863138710546979,0.022379482371371686,-0.03921606588590473,-0.8358195812622813,0.2564259767641715
us,midpoint,charismatic,125,578,0.0003385247187166554,9.992043851971e-06,0.022379482371371686,-0.03921606588590473,0.45252237947723933,0.020058719879787634
us,midpoint,charismatic,126,588,0.0013679065861867262,-0.0010804873157031075,0.022379482371371686,-0.03921606588590473,1.8295842142052883,-2.1525225490195763
us,midpoint,charismatic,127,577,-0.0002512184077827252,0.0005403275563124685,0.022379482371371686,-0.03921606588590473,-0.3364100638262707,1.076655518808586
us,midpoint,charismatic,128,913,-0.000400138623779505,-0.0002870230927516232,0.022379482371371686,-0.03921606588590473,-0.5356289857338741,-0.571689777430456
us,midpoint,charismatic,129,732,0.00017040327188773755,-9.837598655223351e-05,0.022379482371371686,-0.03921606588590473,0.2276168945998355,-0.1958448191837593
us,midpoint,charismatic,130,588,-0.00029409694313556334,-0.00012799283825274538,0.022379482371371686,-0.03921606588590473,-0.39377108448282266,-0.2548509953983696
us,midpoint,charismatic,131,1084,-0.00013480961514204456,0.00012567283398920437,0.022379482371371686,-0.03921606588590473,-0.18068349564197786,0.2505315991887311
us,midpoint,charismatic,132,739,0.0007935267835594666,0.0005529038862506358,0.022379482371371686,-0.03921606588590473,1.061204150565178,1.1017115628462362
us,midpoint,charismatic,133,744,-0.0007073871833233811,-0.0001984560069120886,0.022379482371371686,-0.03921606588590473,-0.9466526092244458,-0.3952360095989557
us,midpoint,charismatic,134,1000,-0.0005830481381564577,-0.0009998451010313145,0.022379482371371686,-0.03921606588590473,-0.780317297639141,-1.9918576418451919
us,midpoint,charismatic,135,856,0.0006750281063116273,5.288139018214122e-05,0.022379482371371686,-0.03921606588590473,0.9026818265759213,0.1055079213303164
us,midpoint,charismatic,136,739,0.00024056573061624273,-0.0004752659587462654,0.022379482371371686,-0.03921606588590473,0.3214771491846245,-0.9467293607846573
us,midpoint,charismatic,137,721,0.00047277530575234525,-0.00011297923893134609,0.022379482371371686,-0.03921606588590473,0.6321169162948017,-0.22493913656434203
us,midpoint,charismatic,138,540,0.00026891214985608203,-0.00014400457928186172,0.022379482371371686,-0.03921606588590473,0.35939774339746017,-0.28675146956829684
us,midpoint,charismatic,139,568,-0.0008553619252147475,0.00040324129901438827,0.022379482371371686,-0.03921606588590473,-1.144606717414776,0.8035361495883887
us,midpoint,charismatic,140,1082,-0.00028026491118976135,0.0003908118744220049,0.022379482371371686,-0.03921606588590473,-0.37526719987864116,0.7787727876632011
us,midpoint,charismatic,141,795,0.0004720999910605289,2.283929243060423e-05,0.022379482371371686,-0.03921606588590473,0.6312135099711436,0.04565451990503585
us,midpoint,charismatic,142,718,0.0003316176781589658,0.0005029698072351527,0.022379482371371686,-0.03921606588590473,0.4432824440912689,1.0022270161666527
us,midpoint,charismatic,143,549,-0.0003835977525677402,-0.000953100096010441,0.022379482371371686,-0.03921606588590473,-0.5135013349769644,-1.8987267435543778
us,midpoint,charismatic,144,801,1.896675900885797e-05,-9.247727306391923e-05,0.022379482371371686,-0.03921606588590473,0.025031781280971905,-0.1840927082217101
us,midpoint,charismatic,145,748,0.00032382365843802025,-0.00015899640698606443,0.022379482371371686,-0.03921606588590473,0.4328559469515726,-0.31661995242523644
us,midpoint,charismatic,146,889,-0.00037593266129529526,-0.00044779649872730976,0.022379482371371686,-0.03921606588590473,-0.5032473126509903,-0.8920014709066566
us,midpoint,charismatic,147,604,0.0020713036284119267,0.0005094174061436307,0.022379482371371686,-0.03921606588590473,2.770557872396407,1.01507268123605
us,midpoint,charismatic,148,666,-0.00022492551575330547,0.00108318902954678,0.022379482371371686,-0.03921606588590473,-0.3012365880904627,2.15820801040016
us,midpoint,charismatic,149,889,-1.3769717584374147e-05,-0.0003174604328128258,0.022379482371371686,-0.03921606588590473,-0.018761638774893567,-0.6323306270830983
us,midpoint,charismatic,150,732,-9.744338136251016e-05,0.0005065552121960165,0.022379482371371686,-0.03921606588590473,-0.1306965898382199,1.0093702817325134
us,midpoint,charismatic,151,681,-0.0007433264883439546,-0.00037883438768055583,0.022379482371371686,-0.03921606588590473,-0.9947306324289112,-0.7546070402728982
us,midpoint,charismatic,152,721,0.00035750993132544623,-4.7114268298030504e-05,0.022379482371371686,-0.03921606588590473,0.47791996275895937,-0.09371519342347187
us,midpoint,charismatic,153,632,0.00042368267287886535,-0.000733814007853488,0.022379482371371686,-0.03921606588590473,0.5664429490016578,-1.4618392009470682
us,midpoint,charismatic,154,961,-0.00010246674585270496,4.764057049585352e-05,0.022379482371371686,-0.03921606588590473,-0.1374166261434801,0.09506654379818844
us,midpoint,charismatic,155,601,0.0007030698555109231,-0.00031095544666261826,0.022379482371371686,-0.03921606588590473,0.9401948465946938,-0.6193706283994396
us,midpoint,charismatic,156,744,2.541785568896393e-06,0.00035888459909451387,0.022379482371371686,-0.03921606588590473,0.00305917347102271,0.7151635136905136
us,midpoint,charismatic,157,600,-0.0013098060218673206,-0.00031836876348569076,0.022379482371371686,-0.03921606588590473,-1.752542063173058,-0.6341403103095999
us,midpoint,charismatic,158,588,0.0001707661319175248,-0.0002201346920844907,0.022379482371371686,-0.03921606588590473,0.2281023128048369,-0.43842683657540005
us,midpoint,charismatic,159,686,-0.0006478107758623938,0.0006258939696177773,0.022379482371371686,-0.03921606588590473,-0.8669539089098921,1.2471309938050714
us,midpoint,charismatic,160,1000,-0.00048085427248048193,-0.0001853927000949676,0.022379482371371686,-0.03921606588590473,-0.6436068341922001,-0.3692097529329496
us,midpoint,charismatic,161,596,0.0020790431200414412,0.0005318939490953078,0.022379482371371686,-0.03921606588590473,2.7809114242511677,1.0598530943438684
us,midpoint,charismatic,162,412,0.0007027984814669611,-0.0008409728049216803,0.022379482371371686,-0.03921606588590473,0.9398318143219432,-1.675333563099077
us,midpoint,charismatic,163,769,-0.0005076666734264712,0.0004903220524195423,0.022379482371371686,-0.03921606588590473,-0.6794752861311221,0.9770286710854235
us,midpoint,charismatic,164,786,0.0006102825664091663,-0.0003725542956221767,0.022379482371371686,-0.03921606588590473,0.8160680879954394,-0.7420951020565114
us,midpoint,charismatic,165,600,0.0038084064990736646,-0.0008068043039825071,0.022379482371371686,-0.03921606588590473,5.0943777703162265,-1.6072590557951463
us,midpoint,charismatic,166,816,-0.00039117041951356943,0.00032078887951513674,0.022379482371371686,-0.03921606588590473,-0.5236317160996057,0.6392647393962743
us,midpoint,charismatic,167,601,0.0004466937234919345,0.0003793612632479876,0.022379482371371686,-0.03921606588590473,0.5972261214837341,0.755959532982003
us,midpoint,charismatic,168,696,-0.0004758395371771071,-0.000227303843932318,0.022379482371371686,-0.03921606588590473,-0.6368983416339302,-0.45271006429723404
us,midpoint,charismatic,169,472,-0.0001200951042385559,-0.00021521763213347422,0.022379482371371686,-0.03921606588590473,-0.16099906946135725,-0.4286304912764003
us,midpoint,charismatic,170,648,-0.0005892987403448846,0.00013015918583750286,0.022379482371371686,-0.03921606588590473,-0.7886790786164036,0.2594698371350982
us,midpoint,charismatic,171,816,-0.00042600520636425915,-0.00021983064453882234,0.022379482371371686,-0.03921606588590473,-0.57023216342521,-0.4378210772854274
us,midpoint,charismatic,172,709,-9.670740146024148e-06,0.00033585702481176566,0.022379482371371686,-0.03921606588590473,-0.013278206853136656,0.669285271139183
us,midpoint,charismatic,173,700,0.0009445582699000032,-0.0004555995871633467,0.022379482371371686,-0.03921606588590473,1.2632474371765487,-0.9075477016786135
us,midpoint,charismatic,174,633,0.00030477141548181097,0.0007581486920633027,0.022379482371371686,-0.03921606588590473,0.407368693416164,1.5106244108889735
us,midpoint,charismatic,175,825,0.0007113126630087195,-2.7085171970142596e-05,0.022379482371371686,-0.03921606588590473,0.9512217123040372,-0.053810871407964304
us,midpoint,charismatic,176,576,-0.0007696620638940575,0.0007339577450578977,0.022379482371371686,-0.03921606588590473,-1.029961208303319,1.4624283603352761
us,midpoint,charismatic,177,601,0.00034955299879054283,0.0029054248695199805,0.022379482371371686,-0.03921606588590473,0.4672755280145908,5.788680626643122
us,midpoint,charismatic,178,826,-0.0006555103187170612,0.00025621457724003815,0.022379482371371686,-0.03921606588590473,-0.8772540190488768,0.5106122175985531
us,midpoint,charismatic,179,825,-0.0003845487254245418,0.0006189461835533344,0.022379482371371686,-0.03921606588590473,-0.514773504682248,1.2332887970393414
us,midpoint,charismatic,180,856,0.0005285790677720635,7.645273675056102e-05,0.022379482371371686,-0.03921606588590473,0.7067687372953644,0.15246953100092805
us,midpoint,charismatic,181,571,-0.0004370416468774292,-0.00016940934768872734,0.022379482371371686,-0.03921606588590473,-0.5849962286396916,-0.3373658379172787
us,midpoint,charismatic,182,529,0.0016809996523899882,-0.0009761650611352091,0.022379482371371686,-0.03921606588590473,2.248426361916842,-1.9446794805400034
us,midpoint,charismatic,183,633,0.0006621697237196682,-0.000712136045437968,0.022379482371371686,-0.03921606588590473,0.8854804472984364,-1.4186498139319128
us,midpoint,charismatic,184,909,0.00010961050654947208,0.0006485669352385148,0.022379482371371686,-0.03921606588590473,0.14629100415972862,1.2923027432622198
us,midpoint,charismatic,185,769,0.0001383171020484554,0.00018774239532122483,0.022379482371371686,-0.03921606588590473,0.18469342634711505,0.374193881410898
us,midpoint,charismatic,186,632,5.2104401804951156e-05,-0.0005723191596091193,0.022379482371371686,-0.03921606588590473,0.06936186385713265,-1.1400901653095539
us,midpoint,charismatic,187,786,-0.00036325244041823107,8.210016536544518e-06,0.022379482371371686,-0.03921606588590473,-0.4862842702878659,0.01650835541645453
us,midpoint,charismatic,188,889,7.692461032589651e-05,0.0008160842003714502,0.022379482371371686,-0.03921606588590473,0.10256524830005855,1.626050346328779
us,midpoint,charismatic,190,732,0.0006545008614784222,0.00048543060485489037,0.022379482371371686,-0.03921606588590473,0.875221380336084,0.9672833537956932
us,midpoint,charismatic,191,661,-0.00011831566608051444,0.00024105920714123652,0.022379482371371686,-0.03921606588590473,-0.15861861527605084,0.48041790634324605
us,midpoint,charismatic,192,769,-0.000239470110731832,-0.0005185067336971813,0.022379482371371686,-0.03921606588590473,-0.3206937082122026,-1.0328787196770461
us,midpoint,charismatic,193,918,-0.0004000009125235092,-0.00015719229746461588,0.022379482371371686,-0.03921606588590473,-0.5354447616661717,-0.3130255931932182
us,midpoint,charismatic,194,582,-0.0010754712900717736,-0.0006451582958196672,0.022379482371371686,-0.03921606588590473,-1.4390593548561041,-1.2852088615849353
us,midpoint,charismatic,195,686,1.588802240186371e-05,6.798766996151534e-05,0.022379482371371686,-0.03921606588590473,0.02091318271745564,0.13560442907605863
us,midpoint,charismatic,196,573,-0.00030383438733265836,0.0002372929788444847,0.022379482371371686,-0.03921606588590473,-0.4067974094991836,0.4729143832547758
us,midpoint,charismatic,197,889,0.0006268824481401591,0.00019270919923395496,0.022379482371371686,-0.03921606588590473,0.8382746804322488,0.38408933248252236
us,midpoint,charismatic,198,796,0.001010003661178524,-0.0007289250030422731,0.022379482371371686,-0.03921606588590473,1.3507974061788102,-1.4520987503981115
us,midpoint,charismatic,199,601,0.0017534895811138936,-8.38121329531788e-05,0.022379482371371686,-0.03921606588590473,2.345400203600282,-0.16682899668785378
us,midpoint,charismatic,200,649,-0.0011027082270870098,0.00027013407165689396,0.022379482371371686,-0.03921606588590473,-1.4754957324957794,0.5383442719264303
us,midpoint,charismatic,201,856,4.273439081915742e-06,-0.00019777394437421603,0.022379482371371686,-0.03921606588590473,0.005375703457714969,-0.3938771243701656
us,midpoint,charismatic,202,796,-0.00016376241167300257,-3.4660036897171675e-05,0.022379482371371686,-0.03921606588590473,-0.2194152747526956,-0.06890240845605725
us,midpoint,charismatic,203,786,0.0008448293665211833,9.734777405893957e-05,0.022379482371371686,-0.03921606588590473,1.1298344919885988,0.19409908251087915
us,midpoint,charismatic,204,618,0.0009937091307798476,-0.0002193917583032251,0.022379482371371686,-0.03921606588590473,1.3289992993382642,-0.4369466764943612
us,midpoint,charismatic,205,796,-0.0009373826848501875,-0.00015276018018776927,0.022379482371371686,-0.03921606588590473,-1.2543304859390465,-0.3041954077404913
us,midpoint,charismatic,206,664,0.0006594676097289587,3.966598053942866e-05,0.022379482371371686,-0.03921606588590473,0.8818656779234563,0.07917862752112059
us,midpoint,charismatic,207,633,-0.0005332801471488562,0.0002866675652167319,0.022379482371371686,-0.03921606588590473,-0.7137398659071318,0.5712842428693264
us,midpoint,charismatic,208,825,0.00021928933033445175,0.0001265292923633976,0.022379482371371686,-0.03921606588590473,0.293014515701037,0.2522379363193334
us,midpoint,charismatic,209,808,-9.176107699862546e-06,0.00018911975775887102,0.022379482371371686,-0.03921606588590473,-0.012616509299145961,0.37693802489815903
us,midpoint,charismatic,210,1082,0.000546089855761607,8.063913092392488e-05,0.022379482371371686,-0.03921606588590473,0.7301939001027088,0.1608101579789487
us,midpoint,charismatic,211,578,0.0005182232217257228,0.0006557530261716918,0.022379482371371686,-0.03921606588590473,0.6929151414555778,1.306619719022676
us,midpoint,charismatic,212,664,-0.001099389156629986,0.0005701902962138919,0.022379482371371686,-0.03921606588590473,-1.4710556258671537,1.136151582424423
us,midpoint,charismatic,213,721,-9.413261117871899e-05,0.0001978407750960129,0.022379482371371686,-0.03921606588590473,-0.12626758695043888,0.39431306161609525
us,midpoint,charismatic,214,696,-0.00012525133078901754,0.00021584968175791114,0.022379482371371686,-0.03921606588590473,-0.1678968427933308,0.4301925241150101
us,midpoint,charismatic,215,463,-0.002103247064401289,0.0012416844149096343,0.022379482371371686,-0.03921606588590473,-2.8139726287470426,2.4739811632151
us,midpoint,charismatic,216,708,-0.0004133537160063115,0.00040232116946767316,0.022379482371371686,-0.03921606588590473,-0.5533075554882375,0.8017029592573313
us,midpoint,charismatic,217,956,0.00014739649994134976,0.0007859117888097192,0.022379482371371686,-0.03921606588590473,0.1968394459300553,1.5659373184001393
us,midpoint,charismatic,218,961,0.00014736950513881061,0.00045856947362989814,0.022379482371371686,-0.03921606588590473,0.19680333346927917,0.9137674481075045
us,midpoint,charismatic,219,721,8.786082049630148e-05,3.1697337459807295e-05,0.022379482371371686,-0.03921606588590473,0.11719522976577275,0.06330255931163745
us,midpoint,charismatic,220,561,-0.00025154936785616935,-2.168506729079145e-05,0.022379482371371686,-0.03921606588590473,-0.336852807671253,-0.04305214757366734
us,midpoint,charismatic,221,666,-0.00023544096436515366,-0.00010613374513301216,0.022379482371371686,-0.03921606588590473,-0.31530369322998586,-0.2113007384852669
us,midpoint,charismatic,222,996,0.0001444427289522439,0.000650858517576347,0.022379482371371686,-0.03921606588590473,0.19288802087958162,1.2968683031874864
us,midpoint,charismatic,223,681,-0.0003699911571189915,0.00014068250084497969,0.022379482371371686,-0.03921606588590473,-0.4952990294136201,0.28043562330210997
us,midpoint,charismatic,224,562,-0.00024271002061732397,3.563651720225186e-05,0.022379482371371686,-0.03921606588590473,-0.32502791730628194,0.07115065661698641
us,midpoint,charismatic,225,889,-0.00013690832572415407,0.00041148453047037264,0.022379482371371686,-0.03921606588590473,-0.18349105844844715,0.819959285065048
us,midpoint,charismatic,226,747,0.00011642709375063454,-0.00031164925264380583,0.022379482371371686,-0.03921606588590473,0.15540993501955302,-0.6207529102975523
us,midpoint,charismatic,227,708,0.0003077440233803762,-0.0005443651233420568,0.022379482371371686,-0.03921606588590473,0.41134531765648197,-1.0843968456223911
us,midpoint,charismatic,228,786,0.0003638558736812243,0.0002947133666084331,0.022379482371371686,-0.03921606588590473,0.4864092856231784,0.5873140349453786
us,midpoint,charismatic,229,673,0.00038842653390086176,-0.00012594104060664746,0.022379482371371686,-0.03921606588590473,0.5192788353129267,-0.2507631627453032
us,midpoint,charismatic,230,808,0.0004790157008067418,-6.208473854033003e-06,0.022379482371371686,-0.03921606588590473,0.6404650426166256,-0.012217857394354756
us,midpoint,charismatic,231,739,-0.00032156753565002263,0.00031090426552471406,0.022379482371371686,-0.03921606588590473,-0.43052003618332246,0.619571448535038
us,midpoint,charismatic,232,636,0.001988779091138714,0.0006872541059343568,0.022379482371371686,-0.03921606588590473,2.6601601722826174,1.369379876051594
us,midpoint,charismatic,233,616,0.0011903318125631376,0.0008253287689398842,0.022379482371371686,-0.03921606588590473,1.5920324840893247,1.6444684634025675
us,midpoint,charismatic,234,471,8.973780929730918e-05,-0.00010075284306702847,0.022379482371371686,-0.03921606588590473,0.11970618291519261,-0.2005802723564006
us,midpoint,charismatic,235,664,-0.0006115064884696375,-9.919961427484747e-05,0.022379482371371686,-0.03921606588590473,-0.8183876283240171,-0.1974857472279429
us,midpoint,charismatic,236,696,-0.0006532505707567485,0.00034412369566506895,0.022379482371371686,-0.03921606588590473,-0.8742310275132874,0.685755105340695
us,midpoint,charismatic,237,648,0.002303486033065044,-0.000811611907225257,0.022379482371371686,-0.03921606588590473,3.0811612920282263,-1.6168373285629682
us,midpoint,charismatic,238,796,-0.0005225874081209586,-0.00014736861315089306,0.022379482371371686,-0.03921606588590473,-0.6994355894385618,-0.2934536936019388
us,midpoint,charismatic,239,700,0.00019462487055060818,0.00033200337326579066,0.022379482371371686,-0.03921606588590473,0.26001948507553074,0.6616075731687544
us,midpoint,charismatic,240,664,0.001245833972532296,0.0002133455504527565,0.022379482371371686,-0.03921606588590473,1.666280835118027,0.4252034991318474
us,midpoint,charismatic,241,1041,7.615590076427356e-05,-0.00047350852583184083,0.022379482371371686,-0.03921606588590473,0.10153690242302932,-0.9432279961803938
us,midpoint,charismatic,242,618,0.000452411045714092,0.00030437227088279256,0.022379482371371686,-0.03921606588590473,0.6048745039526477,0.6065576403567889
us,midpoint,charismatic,243,708,0.0010264878195907698,-0.0007056367777896894,0.022379482371371686,-0.03921606588590473,1.3728491890442929,-1.4057012083205467
us,midpoint,charismatic,244,571,-0.0007932651219784113,-0.0007901450339910104,0.022379482371371686,-0.03921606588590473,-1.0615363423696649,-1.5740684982482065
us,midpoint,charismatic,245,666,-0.0006645951011676511,0.0004193620713062937,0.022379482371371686,-0.03921606588590473,-0.8894072418565228,0.8356538486669624
us,midpoint,charismatic,246,681,7.687859389924473e-05,-0.0009985310545192055,0.022379482371371686,-0.03921606588590473,0.10250368954629065,-1.9892396437935504
us,midpoint,charismatic,247,1000,0.0015178622494370457,-0.0004514795544499836,0.022379482371371686,-0.03921606588590473,2.030188311954611,-0.8993392878082608
us,midpoint,charismatic,248,578,-0.0014232371639610782,-0.00021106974571436649,0.022379482371371686,-0.03921606588590473,-1.9042852612836165,-0.4203665839766305
us,midpoint,charismatic,249,526,0.00019714728971093054,-4.88836879354651e-05,0.022379482371371686,-0.03921606588590473,0.26339386660160485,-0.09724043938748679
us,midpoint,charismatic,250,882,-0.00037296430969618183,-0.0002679331558734996,0.022379482371371686,-0.03921606588590473,-0.4992763823010714,-0.5336565593576221
us,midpoint,charismatic,251,732,-0.001125888067706287,-0.0008588113154429158,0.022379482371371686,-0.03921606588590473,-1.506504704832096,-1.7108735423604116
us,midpoint,charismatic,252,889,0.00012938909660125883,0.0004964375602214133,0.022379482371371686,-0.03921606588590473,0.17274993292635496,0.989212705183578
us,midpoint,charismatic,253,796,-0.000426746232779638,-0.00031492940038370387,0.022379482371371686,-0.03921606588590473,-0.5712234760054982,-0.6272880065160013
us,midpoint,charismatic,254,889,-0.0004030896093461418,-0.0002487899686128142,0.022379482371371686,-0.03921606588590473,-0.5395766845685507,-0.4955172496080392
us,midpoint,charismatic,255,830,0.0001212620387651929,-4.9559477544112995e-05,0.022379482371371686,-0.03921606588590473,0.16187791202882415,-0.0985868269487005
us,midpoint,charismatic,256,732,-0.00033167108967180683,-0.00020337465700378393,0.022379482371371686,-0.03921606588590473,-0.44403612683751953,-0.40503552296328704
us,midpoint,charismatic,257,673,-0.0004836797459941526,0.00026190691329826266,0.022379482371371686,-0.03921606588590473,-0.6473866285169957,0.5219531591652278
us,midpoint,charismatic,258,796,0.00010175064365518932,0.00013198241739512812,0.022379482371371686,-0.03921606588590473,0.1357764249156692,0.2631022935371882
us,midpoint,charismatic,259,633,-0.0009046713363225559,0.00032628004438903235,0.022379482371371686,-0.03921606588590473,-1.2105706811052988,0.650204884062865
us,midpoint,charismatic,260,652,0.0007247604455940179,-5.166893066121947e-06,0.022379482371371686,-0.03921606588590473,0.9692115649963602,-0.010142697612527904
us,midpoint,charismatic,261,1081,0.000685647217541694,2.6147939083544236e-05,0.022379482371371686,-0.03921606588590473,0.9168876070115108,0.05224639501078466
us,midpoint,charismatic,262,1129,0.00030811350247121963,0.0002598411290857458,0.022379482371371686,-0.03921606588590473,0.4118395905505451,0.5178374608291004
us,midpoint,charismatic,263,400,-0.00040660228460782585,-0.0006067353408418172,0.022379482371371686,-0.03921606588590473,-0.5442757871985074,-1.208658130432445
us,midpoint,charismatic,264,696,-0.0002453252823732613,-6.736367304328167e-05,0.022379482371371686,-0.03921606588590473,-0.3285264995775787,-0.13405843978610285
us,midpoint,charismatic,265,856,-0.0002809998109376717,0.0003955770828886693,0.022379482371371686,-0.03921606588590473,-0.37625031647237506,0.7882665965705973
us,midpoint,charismatic,266,758,-0.0002668167391353185,0.00013311080334334896,0.022379482371371686,-0.03921606588590473,-0.35727682617160866,0.26535039677152555
us,midpoint,charismatic,267,769,-0.00016925883032400946,-2.6791418540852985e-05,0.022379482371371686,-0.03921606588590473,-0.22676814212988308,-0.05322562126768659
us,midpoint,charismatic,268,499,-0.0001254931023251353,-5.154063731176162e-05,0.022379482371371686,-0.03921606588590473,-0.16822027413172186,-0.10253392651016908
us,midpoint,charismatic,269,531,-0.00033603299878554385,-0.0004811397569602638,0.022379482371371686,-0.03921606588590473,-0.44987129720227664,-0.9584318326060717
us,midpoint,charismatic,270,652,-0.0005624083604031244,7.134169406549512e-05,0.022379482371371686,-0.03921606588590473,-0.7527063098030737,0.14228671047817204
us,midpoint,charismatic,271,1176,0.0005585011281576124,0.00026684855498355226,0.022379482371371686,-0.03921606588590473,0.7467971550045636,0.53179847908715
us,midpoint,charismatic,272,721,0.0012888957633136536,3.575613490002655e-05,0.022379482371371686,-0.03921606588590473,1.7238870068352257,0.07138897306684584
us,midpoint,charismatic,273,724,0.0002986298455639573,0.00044027405079286736,0.022379482371371686,-0.03921606588590473,0.3991527710199634,0.8773171543774662
us,midpoint,charismatic,274,666,0.0007314395026975992,-0.001336721342973371,0.022379482371371686,-0.03921606588590473,0.97814651413425,-2.663022122646679
us,midpoint,charismatic,275,700,0.0005689521235436416,0.00025364630024910656,0.022379482371371686,-0.03921606588590473,0.7607780374504438,0.5054953940338046
us,midpoint,charismatic,276,700,0.000164329680780069,0.0008253267272153517,0.022379482371371686,-0.03921606588590473,0.21949191126914047,1.6444643956387563
us,midpoint,charismatic,277,640,-0.00010898166059655073,0.00011034705906280695,0.022379482371371686,-0.03921606588590473,-0.1461319928443783,0.2199977873887134
us,midpoint,charismatic,278,708,0.0002538864112836166,-0.0006935838919520931,0.022379482371371686,-0.03921606588590473,0.33929697051557833,-1.3816880312003232
us,midpoint,charismatic,279,559,0.0015072651906315772,-0.0015967535761592377,0.022379482371371686,-0.03921606588590473,2.0160120322837396,-3.181088928936515
us,midpoint,charismatic,280,606,-0.002016926980010842,-0.000650268082604398,0.022379482371371686,-0.03921606588590473,-2.6984974124633783,-1.2953891799552941
us,midpoint,charismatic,281,758,0.0006458062362011997,0.0001580369326308409,0.022379482371371686,-0.03921606588590473,0.8635900926527764,0.3150111639576775
us,midpoint,charismatic,282,328,0.0002132216828583458,0.0002626907438966833,0.022379482371371686,-0.03921606588590473,0.2848974834995033,0.5235147986966845
us,midpoint,charismatic,283,739,0.00013745441207795722,-0.00018885781025253234,0.022379482371371686,-0.03921606588590473,0.18353935760827528,-0.3761133530396675
us,midpoint,charismatic,284,601,0.001383980008010044,-0.0007746963386127126,0.022379482371371686,-0.03921606588590473,1.8510865317084857,-1.5432897898630096
us,midpoint,charismatic,285,700,0.00074060816242702,0.00038748539237014323,0.022379482371371686,-0.03921606588590473,0.9904119442802307,0.7721453787774857
us,midpoint,charismatic,286,681,0.000172715105022557,-0.0008292068170093828,0.022379482371371686,-0.03921606588590473,0.23070956339343276,-1.6518919777775691
us,midpoint,charismatic,287,526,-8.969604092306377e-05,0.0001104257201552869,0.022379482371371686,-0.03921606588590473,-0.1203325381903828,0.22015450527118924
us,midpoint,charismatic,288,597,-0.00012632153318656997,-0.00032662213512284904,0.022379482371371686,-0.03921606588590473,-0.16932851253968637,-0.6505836482481294
us,midpoint,charismatic,289,918,-0.0011246123046870296,0.00023798803267895824,0.022379482371371686,-0.03921606588590473,-1.5047980451176652,0.4742991512730077
us,midpoint,charismatic,290,652,2.2064528689570012e-05,0.0006584074697811651,0.022379482371371686,-0.03921606588590473,0.029175841454258642,1.3119082138619036
us,midpoint,charismatic,292,1036,0.0007767201010786713,6.0701165317061934e-05,0.022379482371371686,-0.03921606588590473,1.0387209091714116,0.12108739730688636
us,midpoint,charismatic,294,664,-0.0003779507382830963,-0.0012705030269344122,0.022379482371371686,-0.03921606588590473,-0.5059470073777623,-2.531094203219577
us,midpoint,charismatic,295,1129,0.0005585424337957862,-0.0001279610547134727,0.022379482371371686,-0.03921606588590473,0.7468524118724817,-0.254787672492275
us,midpoint,charismatic,296,856,-0.0008963854054410032,-9.6532087405371e-06,0.022379482371371686,-0.03921606588590473,-1.1994861268278625,-0.019080863489029005
us,midpoint,charismatic,297,531,0.0012573517351412607,-8.17458633911583e-05,0.022379482371371686,-0.03921606588590473,1.6816887918845902,-0.16271233138134655
us,midpoint,charismatic,298,604,-0.0019197459425110176,-0.0008812785950215868,0.022379482371371686,-0.03921606588590473,-2.5684928903037005,-1.7556354998867432
us,midpoint,charismatic,299,636,-0.00032511601354484956,-0.0009600853461119163,0.022379482371371686,-0.03921606588590473,-0.4352670340028507,-1.912643580582118
us,midpoint,charismatic,300,681,3.3491524367507824e-05,-0.00019788292374252336,0.022379482371371686,-0.03921606588590473,0.044462374208487525,-0.39409424588852027
us,midpoint,charismatic,301,721,-0.0006249885185562916,-0.00039269874918692466,0.022379482371371686,-0.03921606588590473,-0.8364232958189338,-0.7822292523304248
us,midpoint,charismatic,302,816,4.860957973602115e-05,0.00012160120773078292,0.022379482371371686,-0.03921606588590473,0.064686644444033,0.24241962635266157
us,midpoint,charismatic,303,553,-0.001382377231722489,0.00024784721832982193,0.022379482371371686,-0.03921606588590473,-1.8496246391826825,0.4939417808046728
us,midpoint,charismatic,304,1000,0.0006074979240447316,0.0001401374479564066,0.022379482371371686,-0.03921606588590473,0.8123429157881085,0.27934970481507276
us,midpoint,charismatic,305,535,-0.0013834845151495835,0.0002648992925664423,0.022379482371371686,-0.03921606588590473,-1.851105914301144,0.5279149291799692
us,midpoint,charismatic,306,777,0.000811186804372175,-5.225871228821399e-05,0.022379482371371686,-0.03921606588590473,1.0848289504865645,-0.10396455995575976
us,midpoint,charismatic,307,652,-0.0006958122715452764,0.0005211249103745097,0.022379482371371686,-0.03921606588590473,-0.9311682008103491,1.0383977484871583
us,midpoint,charismatic,308,664,-0.00017436524172137133,-0.00011718060827207999,0.022379482371371686,-0.03921606588590473,-0.23359927493874988,-0.2333095988325419
us,midpoint,charismatic,309,609,-0.003052515853323494,0.0003642664391699038,0.022379482371371686,-0.03921606588590473,-4.083862706892694,0.7258858486320706
us,midpoint,charismatic,310,918,-0.0013715358730459204,-0.0014313506616610364,0.022379482371371686,-0.03921606588590473,-1.8351215458779673,-2.8515537839459926
us,midpoint,charismatic,311,632,0.0005614419384503203,-0.0002801372544563793,0.022379482371371686,-0.03921606588590473,0.7507312418048453,-0.5579710002983327
us,midpoint,charismatic,312,616,-0.0007054760698363104,0.000818748440472486,0.022379482371371686,-0.03921606588590473,-0.9440960055693347,1.6313583588909997
us,midpoint,charismatic,313,1000,0.000169668991915322,-0.0004151657596370914,0.022379482371371686,-0.03921606588590473,0.2266346071145277,-0.826990673667289
us,midpoint,charismatic,314,625,5.274790260235279e-05,0.0006703891642758017,0.022379482371371686,-0.03921606588590473,0.07022271095063813,1.33577955521342
us,midpoint,charismatic,315,666,0.0001774938242094272,0.0003633367811743046,0.022379482371371686,-0.03921606588590473,0.2371023239607962,0.7240336746041776
us,midpoint,charismatic,316,441,-0.0006094314626208623,-0.000129317028131945,0.022379482371371686,-0.03921606588590473,-0.815611749913175,-0.2574892022592395
us,midpoint,charismatic,317,601,0.0001789315952633458,-0.0004580278490785017,0.022379482371371686,-0.03921606588590473,0.23902571090590924,-0.9123855707374098
us,midpoint,charismatic,318,732,-0.0001256747257020012,0.0005111864582082806,0.022379482371371686,-0.03921606588590473,-0.1684632419053734,1.0185971948783203
us,midpoint,charismatic,319,913,-0.0002664886952584711,0.00036536500370725616,0.022379482371371686,-0.03921606588590473,-0.35683798348630563,0.7280745381433537
us,midpoint,charismatic,320,650,0.0007071217636017632,-0.0002318678447988179,0.022379482371371686,-0.03921606588590473,0.9456153112114206,-0.4618030037526344
us,midpoint,charismatic,321,681,0.0007780940823251953,-5.380014065716615e-05,0.022379482371371686,-0.03921606588590473,1.0405589609149013,-0.10703557489280718
us,midpoint,charismatic,322,604,-0.0004216418556567021,-0.001119020004063373,0.022379482371371686,-0.03921606588590473,-0.5643950645595793,-2.229291903926033
us,midpoint,charismatic,323,1082,0.0003581317411367642,0.00010042598459794605,0.022379482371371686,-0.03921606588590473,0.478751792604311,0.20023185568093044
us,midpoint,charismatic,324,796,0.0005775693710925629,-0.00042711765719469913,0.022379482371371686,-0.03921606588590473,0.772305812608547,-0.8508026500554133
us,midpoint,charismatic,325,1128,0.0003799061763750805,-0.00021189193255384542,0.022379482371371686,-0.03921606588590473,0.507880675370759,-0.4220046413239207
us,midpoint,charismatic,326,825,-7.196874522047078e-05,-0.00021211245291802988,0.022379482371371686,-0.03921606588590473,-0.0966177408771407,-0.42244398793643567
us,midpoint,charismatic,327,1035,-8.173389325944955e-05,0.00020328383384465853,0.022379482371371686,-0.03921606588590473,-0.10968112687596013,0.40515736360054655
us,midpoint,charismatic,328,650,0.0013693162872294232,-0.0010282690944771675,0.022379482371371686,-0.03921606588590473,1.8314700503226908,-2.048487265511773
us,midpoint,charismatic,329,816,0.0004890980481211289,-0.00047982618486858836,0.022379482371371686,-0.03921606588590473,0.6539527638694181,-0.9558147797506308
us,midpoint,charismatic,330,606,0.00026176116149579515,-0.00019301596804975618,0.022379482371371686,-0.03921606588590473,0.34983146535942017,-0.38439772418729035
us,midpoint,charismatic,331,616,4.451423112377534e-05,-0.00041223773974378985,0.022379482371371686,-0.03921606588590473,0.059208067006399884,-0.8211571279707
us,midpoint,charismatic,332,856,-0.00010481465324406469,-0.00015212197842372904,0.022379482371371686,-0.03921606588590473,-0.14055755349249557,-0.3029239071053046
us,midpoint,charismatic,333,848,-0.0005914307266835332,-0.0005289417495282292,0.022379482371371686,-0.03921606588590473,-0.7915311562679462,-1.0536685858368722
us,midpoint,charismatic,334,661,0.00016171521083140072,-0.00040048077574829366,0.022379482371371686,-0.03921606588590473,0.2159943882428189,-0.7977335211578567
us,midpoint,charismatic,335,587,0.0014831149675212027,-0.0002455354504884294,0.022379482371371686,-0.03921606588590473,1.9837049248861722,-0.4890332157247965
us,midpoint,charismatic,336,744,0.0005332227130856182,-0.0001286292829992819,0.022379482371371686,-0.03921606588590473,0.7129808019696976,-0.2561189954965822
us,midpoint,charismatic,337,542,-1.8610631217198803e-05,-5.0683523197571356e-05,0.022379482371371686,-0.03921606588590473,-0.025237600339440325,-0.1008262829372006
us,midpoint,charismatic,338,601,0.0005866957477258412,-0.0004953161972934689,0.022379482371371686,-0.03921606588590473,0.7845146782862852,-0.9866758048167491
us,midpoint,charismatic,339,848,-0.00027354846529834345,0.0004023271974401138,0.022379482371371686,-0.03921606588590473,-0.366282233663121,0.8017149688931847
us,midpoint,charismatic,340,903,0.00015493134992922153,3.7182633578027036e-05,0.022379482371371686,-0.03921606588590473,0.20691923718789093,0.07423101155274442
us,midpoint,charismatic,341,904,-0.00025455438858038026,0.00067932254852867,0.022379482371371686,-0.03921606588590473,-0.34087279236560936,1.3535776942846454
us,midpoint,charismatic,342,744,-0.0002352553891799697,-0.0003014750461440355,0.022379482371371686,-0.03921606588590473,-0.31505543890079557,-0.6004826591702555
us,midpoint,charismatic,343,675,-0.00024724439507251006,-0.00018183741291094568,0.022379482371371686,-0.03921606588590473,-0.3310938042272832,-0.3621264915453013
us,midpoint,charismatic,344,1000,0.00016275361848671135,-0.0004903651882678592,0.022379482371371686,-0.03921606588590473,0.21738352437995734,-0.9768118221774261
us,midpoint,charismatic,345,825,3.536991339986306e-05,0.00015537421735491858,0.022379482371371686,-0.03921606588590473,0.04697520052588266,0.30970618933143484
us,midpoint,charismatic,346,762,0.00018309323285171583,-2.5829239049250663e-05,0.022379482371371686,-0.03921606588590473,0.24459296682328696,-0.05130865408948414
us,midpoint,charismatic,347,732,-0.00024412823255072144,-0.0006817152835833992,0.022379482371371686,-0.03921606588590473,-0.32692513891932373,-1.3580419933328598
us,midpoint,charismatic,348,664,-0.0008797724475894282,0.0004720327328823215,0.022379482371371686,-0.03921606588590473,-1.177262041731459,0.9405905370672857
us,midpoint,charismatic,349,882,-0.0003256833513249034,0.00026899733577342294,0.022379482371371686,-0.03921606588590473,-0.43602599355809485,0.5360795329687644
us,midpoint,charismatic,350,796,0.0005320140003953477,0.00029118352261591623,0.022379482371371686,-0.03921606588590473,0.7113638392394197,0.5802814644770957
us,midpoint,charismatic,351,596,0.002537522282830197,-0.0002941513726921058,0.022379482371371686,-0.03921606588590473,3.394244704199214,-0.5858915753301267
us,midpoint,charismatic,352,556,0.0016109903805144078,-7.742391853381159e-06,0.022379482371371686,-0.03921606588590473,2.154771033973381,-0.015273909289524134
us,midpoint,charismatic,353,258,-0.000100456792312794,0.0008238873814000874,0.022379482371371686,-0.03921606588590473,-0.1347277986083784,1.6415967615746072
us,midpoint,charismatic,354,589,-1.6309435962983537e-05,9.846039134966261e-05,0.022379482371371686,-0.03921606588590473,-0.022159162435122677,0.19631576957065502
us,midpoint,charismatic,355,664,-0.0007966247863967733,0.00039584263460236413,0.022379482371371686,-0.03921606588590473,-1.0660307538162068,0.7887956599352931
us,midpoint,charismatic,356,816,0.00014312894677337776,0.0004949983623596457,0.022379482371371686,-0.03921606588590473,0.19113050080386007,0.9863453658897907
us,midpoint,charismatic,357,708,-0.00026117849313394073,0.0004885578683235109,0.022379482371371686,-0.03921606588590473,-0.3497342283965113,0.9735138559829241
us,midpoint,charismatic,358,582,-0.0011041394592047442,3.11459432419392e-05,0.022379482371371686,-0.03921606588590473,-1.4774103719393639,0.0622040068823568
us,midpoint,charismatic,359,1176,0.0019375391861900688,-0.0005835356457590604,0.022379482371371686,-0.03921606588590473,2.5916136787512225,-1.1624369685742886
us,midpoint,charismatic,360,588,-0.001196497312095951,0.0006504839309163721,0.022379482371371686,-0.03921606588590473,-1.6009626496441258,1.29612200757546
us,midpoint,charismatic,361,711,-0.0003519160277035277,1.2590735721379476e-05,0.022379482371371686,-0.03921606588590473,-0.4711189154419416,0.025236139543577944
us,midpoint,charismatic,362,769,4.59003160564013e-05,-0.00024824631285375737,0.022379482371371686,-0.03921606588590473,0.06106231052936179,-0.4944341146467887
us,midpoint,charismatic,363,594,5.8937021082592495e-05,0.0001498360936812715,0.022379482371371686,-0.03921606588590473,0.07850224172447505,0.29867248781953926
us,midpoint,charismatic,364,664,0.0011057030716724557,0.0005806701373262668,0.022379482371371686,-0.03921606588590473,1.478819872827707,1.1570307547831524
us,midpoint,charismatic,365,561,0.00040731254041297127,0.001544707577231505,0.022379482371371686,-0.03921606588590473,0.5445437050372883,3.0776995561718956
us,midpoint,charismatic,366,648,-0.00028906933186448325,5.3772463619726485e-05,0.022379482371371686,-0.03921606588590473,-0.38704536702068343,0.10728322266247678
us,midpoint,charismatic,367,618,-0.0003020148215379069,-0.0010486955284180963,0.022379482371371686,-0.03921606588590473,-0.40436327432455976,-2.089183210264527
us,midpoint,charismatic,368,666,-0.0002898026937306619,0.0003531914179118051,0.022379482371371686,-0.03921606588590473,-0.388026426303806,0.7038208883674171
us,midpoint,charismatic,369,882,6.701339674350729e-05,0.0005607532732129702,0.022379482371371686,-0.03921606588590473,0.0893064622348928,1.1173500349890455
us,midpoint,charismatic,370,777,0.0007768888890377912,-0.00023108355270834435,0.022379482371371686,-0.03921606588590473,1.0389467062871474,-0.46024044478241793
us,midpoint,charismatic,371,636,0.0009122210435707732,0.0004716377263307772,0.022379482371371686,-0.03921606588590473,1.219988116582153,0.939803558544989
us,midpoint,charismatic,372,556,0.00010883977123678917,0.0005494580346596181,0.022379482371371686,-0.03921606588590473,0.14525994832193606,1.0948463319214559
us,midpoint,charismatic,373,685,-0.00015148702335846323,0.00015463759480685568,0.022379482371371686,-0.03921606588590473,-0.20299379960473718,0.3082386032316637
us,midpoint,charismatic,374,429,0.0006305733115020695,-0.0006484008789944817,0.022379482371371686,-0.03921606588590473,0.8432121552737033,-1.291669117257564
us,midpoint,charismatic,375,996,-0.0008250810918017625,0.00041353395616023497,0.022379482371371686,-0.03921606588590473,-1.1040983489127518,0.8240423920278545
us,midpoint,charismatic,376,604,-0.0014522154075274386,-0.00023124044877959743,0.022379482371371686,-0.03921606588590473,-1.9430510823202387,-0.460553031593513
us,midpoint,charismatic,377,556,0.0006787180868760637,-0.000439512333895338,0.022379482371371686,-0.03921606588590473,0.9076181204497022,-0.8754967831427727
us,midpoint,charismatic,378,909,-0.0005704619938739636,0.00041475723260316066,0.022379482371371686,-0.03921606588590473,-0.7634801068108236,0.8264795472690785
us,midpoint,charismatic,379,732,-0.001400183571296329,-0.00013752037678347456,0.022379482371371686,-0.03921606588590473,-1.8734451779139571,-0.2738328785208751
us,midpoint,charismatic,380,561,-0.00025544622387236107,0.0002432745480231216,0.022379482371371686,-0.03921606588590473,-0.3420658504349813,0.484831569070594
us,midpoint,charismatic,381,952,-0.0001124775585629699,-0.0002292089440859013,0.022379482371371686,-0.03921606588590473,-0.15080865154586762,-0.4565056289475738
us,midpoint,charismatic,382,652,-0.0017606840868379936,-5.3500701162993713e-05,0.022379482371371686,-0.03921606588590473,-2.355706928426719,-0.10643899630513619
us,midpoint,charismatic,383,522,-0.0006550734260895377,0.0004343052264047034,0.022379482371371686,-0.03921606588590473,-0.8766695632873669,0.8654253602325814
us,midpoint,charismatic,384,666,0.0005909825964892541,0.00026787769877579387,0.022379482371371686,-0.03921606588590473,0.7902494362122778,0.5338488604230611
us,midpoint,charismatic,385,649,0.0009969244434669955,-0.00030882445010069204,0.022379482371371686,-0.03921606588590473,1.333300603381117,-0.6151250063489508
us,midpoint,charismatic,386,585,0.00036097016169697044,-0.0002949619404786982,0.022379482371371686,-0.03921606588590473,0.48254890691911223,-0.5875064838333399
us,midpoint,charismatic,387,769,-0.0006662605728917741,-0.0002791709935964573,0.022379482371371686,-0.03921606588590473,-0.8916352367538345,-0.5560459017380136
us,midpoint,charismatic,388,1000,0.00030727481987982697,9.159825049819686e-05,0.022379482371371686,-0.03921606588590473,0.41071763782866927,0.18264420527389807
us,midpoint,charismatic,389,744,-0.0005780414196118432,4.336385286359684e-05,0.022379482371371686,-0.03921606588590473,-0.7736195295485113,0.08654596379931208
us,midpoint,charismatic,390,889,-0.00019170672290004173,0.0005387179359644945,0.022379482371371686,-0.03921606588590473,-0.2567979465332795,1.0734486437885264
us,midpoint,charismatic,391,618,0.0008035650333197593,-0.00025507105942893654,0.022379482371371686,-0.03921606588590473,1.074632880047601,-0.5080311776671003
us,midpoint,charismatic,392,952,0.0005491713866473021,0.00023574893237808536,0.022379482371371686,-0.03921606588590473,0.7343162367294999,0.4698381522359896
us,midpoint,charismatic,393,796,0.0009985499920432545,0.0002028322695992249,0.022379482371371686,-0.03921606588590473,1.3354751908453049,0.4042577041867874
us,midpoint,charismatic,394,648,0.00013071242321605406,4.333028540640105e-05,0.022379482371371686,-0.03921606588590473,0.1745202211291121,0.08647908676206315
us,midpoint,charismatic,395,606,0.0005718976757231806,9.729142276408004e-05,0.022379482371371686,-0.03921606588590473,0.7647184677385856,0.19398681283184552
us,midpoint,charismatic,396,649,0.0009164200979281875,-0.00034951701037421595,0.022379482371371686,-0.03921606588590473,1.2256054270091912,-0.6961975121778438
us,midpoint,charismatic,398,856,0.00024510459802714116,-0.00010779181837278218,0.022379482371371686,-0.03921606588590473,0.32754904658437234,-0.2146041470565739
us,midpoint,charismatic,399,744,0.0003391369185151982,-0.0001925151961245236,0.022379482371371686,-0.03921606588590473,0.45334135346973203,-0.38340002744482765
us,midpoint,charismatic,400,889,7.264047645136676e-05,-0.00023835043323230942,0.022379482371371686,-0.03921606588590473,0.09683412223313076,-0.47471837907008535
us,midpoint,charismatic,401,700,0.0009064444864286085,0.0006247794562024428,0.022379482371371686,-0.03921606588590473,1.2122604922398366,1.2449105290627762
us,midpoint,charismatic,402,664,-0.0016648929578880027,-2.4985020541538894e-05,0.022379482371371686,-0.03921606588590473,-2.227561764857106,-0.049626702660838025
us,midpoint,charismatic,403,711,-0.001182358968117747,0.0006496384596297242,0.022379482371371686,-0.03921606588590473,-1.5820489942613163,1.2944375602132348
us,midpoint,charismatic,404,681,-0.00023743659425235625,-0.00010390231336854933,0.022379482371371686,-0.03921606588590473,-0.3179733592118274,-0.20685501760864528
us,midpoint,charismatic,405,639,-0.00040352147842316957,0.0005076053532082347,0.022379482371371686,-0.03921606588590473,-0.5401544200449253,1.0114624962002676
us,midpoint,charismatic,406,882,-0.00021521631172026837,0.0007244353723181093,0.022379482371371686,-0.03921606588590473,-0.28824804152480077,1.4434567691092095
us,midpoint,charismatic,407,949,0.0006017429554972739,0.00030053552111709847,0.022379482371371686,-0.03921606588590473,0.8046441717192611,0.5989136161014357
us,midpoint,charismatic,408,732,-0.0008436758765987713,0.00022108201805329936,0.022379482371371686,-0.03921606588590473,-1.1289736350219535,0.4406170000377646
us,midpoint,charismatic,409,588,9.594245179039493e-05,-0.0006486184708264162,0.022379482371371686,-0.03921606588590473,0.1280064810313421,-1.292102629303605
us,midpoint,charismatic,410,681,-0.0005806027784066928,-0.0002558783189347477,0.022379482371371686,-0.03921606588590473,-0.7770460028067796,-0.5096394950241403
us,midpoint,charismatic,411,848,6.717864807510854e-05,4.504698770106674e-06,0.022379482371371686,-0.03921606588590473,0.08952752820572184,0.009126185452258805
us,midpoint,charismatic,412,601,0.0013135242409364652,-0.000306047431274048,0.022379482371371686,-0.03921606588590473,1.7568339021066384,-0.6095923027417873
us,midpoint,charismatic,413,664,0.0007421297435564779,-0.00020129127066036145,0.022379482371371686,-0.03921606588590473,0.9924474486620677,-0.40088475559117726
us,midpoint,charismatic,414,606,-0.00040645934287662083,-0.0004236564815953067,0.022379482371371686,-0.03921606588590473,-0.5440845660308798,-0.8439068888383652
